route,app,auth,component,component_file,hooks,tables,rls,tables_via_shared,rpcs,edge_fns,edge_fn_deployed,tenant_scoped,files_walked,unresolved_from,verdict,note
/,braden,public,Index,braden/src/pages/Index.tsx,useAllSiteMetadata useApplications useMediaManagement useServices useSiteMetadata useTenantBrandingContext,applications page_sections services site_metadata,applications=RLS_ON_ROLE_OR_OTHER page_sections=RLS_ON_ROLE_OR_OTHER services=RLS_ON_ROLE_OR_OTHER site_metadata=RLS_ON_PERMISSIVE,tenant_branding,is_dev_mode,,ensure-guest-storage-access=true lead-capture=true,n/a,49,4,OK,
/*,braden,public,Navigate,,,,,,,,,,0,0,REDIRECT,"route is a redirect, no data path of its own"
/:slug,braden,public,DynamicPage,braden/src/pages/DynamicPage.tsx,,content_pages,content_pages=RLS_ON_MIXED,,,,,yes,6,0,OK,
/admin,braden,admin,Outlet,,,,,,,,,,0,0,UNRESOLVED,"component file could not be resolved from braden/src/Routes.tsx — NOT the same as ""no data path"""
/admin/,braden,admin,PortalMoved,braden/src/Routes.tsx,,,,,,,,,0,0,REDIRECT,"route is a redirect, no data path of its own"
/admin/*,braden,admin,PortalMoved,braden/src/Routes.tsx,,,,,,,,,0,0,REDIRECT,"route is a redirect, no data path of its own"
/admin/auth,braden,admin,AdminAuth,braden/src/pages/auth/AdminAuth.tsx,useAdminAuth,,,,is_dev_mode,,,n/a,19,0,OK,
/admin/branding,braden,admin,BrandingAdmin,braden/src/pages/admin/BrandingAdmin.tsx,useAdminAuth useTenantBranding,tenant_branding,tenant_branding=RLS_ON_TENANT_SCOPED,,is_dev_mode,,,yes,15,0,OK,
/admin/marketing,braden,admin,PlatformMarketing,braden/src/components/platform/PlatformMarketing.tsx,useAdminAuth,,,,is_dev_mode,,,n/a,9,0,OK,
/admin/page-builder,braden,admin,PageBuilder,braden/src/pages/admin/PageBuilder.tsx,useAdminAuth,,,,is_dev_mode,,,n/a,15,0,OK,
/apprenticeships,braden,public,Apprenticeships,braden/src/pages/apprenticeships.tsx,useEnhancedContactForm useTurnstile,,,,,lead-capture,lead-capture=true,n/a,33,0,OK,
/auth/callback,braden,public,AuthCallback,braden/src/pages/auth/AuthCallback.tsx,,,,,,,,n/a,6,0,NO_DATA_PATH,"static route: no table, rpc or edge function reachable in 6 files"
/auth/login,braden,public,Login,braden/src/pages/auth/Login.tsx,,,,,,,,n/a,3,0,NO_DATA_PATH,"static route: no table, rpc or edge function reachable in 3 files"
/contact,braden,public,Contact,braden/src/pages/Contact.tsx,useQueryClient useTurnstile,custom_pages,custom_pages=RLS_ON_MIXED,,,lead-capture,lead-capture=true,yes,31,0,OK,
/privacy,braden,public,PrivacyPolicy,braden/src/pages/PrivacyPolicy.tsx,,,,,,,,n/a,1,0,NO_DATA_PATH,"static route: no table, rpc or edge function reachable in 1 files"
/products,braden,public,Products,braden/src/pages/Products.tsx,useAllSiteMetadata useApplications useMotionValue useServices useSiteMetadata,applications page_sections services site_metadata,applications=RLS_ON_ROLE_OR_OTHER page_sections=RLS_ON_ROLE_OR_OTHER services=RLS_ON_ROLE_OR_OTHER site_metadata=RLS_ON_PERMISSIVE,,,,,n/a,11,0,OK,
/recruitment,braden,public,Recruitment,braden/src/pages/recruitment.tsx,,,,,,,,n/a,5,0,NO_DATA_PATH,"static route: no table, rpc or edge function reachable in 5 files"
/services/:serviceId,braden,public,Service,braden/src/pages/Service.tsx,,,,,,,,n/a,3,0,NO_DATA_PATH,"static route: no table, rpc or edge function reachable in 3 files"
/terms,braden,public,TermsOfService,braden/src/pages/TermsOfService.tsx,,,,,,,,n/a,1,0,NO_DATA_PATH,"static route: no table, rpc or edge function reachable in 1 files"
/traineeships,braden,public,Traineeships,braden/src/pages/traineeships.tsx,,,,,,,,n/a,5,0,NO_DATA_PATH,"static route: no table, rpc or edge function reachable in 5 files"
*,bsu,authenticated,Navigate,,,,,,,,,,0,0,REDIRECT,"route is a redirect, no data path of its own"
/,bsu,authenticated,UnifiedDashboard,business-suite-unified/src/components/UnifiedDashboard.tsx,useAuth useEditorProbeAck usePermissions,bi_metrics profiles subscriptions user_preferences user_tenants,bi_metrics=RLS_ON_TENANT_SCOPED profiles=RLS_ON_OWNER_SCOPED subscriptions=RLS_ON_TENANT_SCOPED user_preferences=RLS_ON_OWNER_SCOPED user_tenants=RLS_ON_TENANT_SCOPED,,,create-subscription stripe-portal,create-subscription=true stripe-portal=true,yes,27,1,OK,
/*,bsu,public,MarketingHome,business-suite-unified/src/components/marketing/MarketingHome.tsx,useAuth useBranding useTenantBranding,platform_branding profiles subscriptions tenant_app_branding tenant_branding user_tenants,platform_branding=RLS_ON_PERMISSIVE profiles=RLS_ON_OWNER_SCOPED subscriptions=RLS_ON_TENANT_SCOPED tenant_app_branding=RLS_ON_TENANT_SCOPED tenant_branding=RLS_ON_TENANT_SCOPED user_tenants=RLS_ON_TENANT_SCOPED,,,,,yes,14,0,OK,
/admin,bsu,authenticated,AdminPanel,business-suite-unified/src/pages/Admin/index.tsx,useAuth useDateFormatPreference useDismissOpenKeyOnOutsideOrEscape usePermissions useQuery useQueryClient,audit_logs bi_metrics platform_admin_sessions profiles subscriptions tenant_invitations tenants tester_licenses user_preferences user_tenants,audit_logs=RLS_ON_OWNER_SCOPED bi_metrics=RLS_ON_TENANT_SCOPED platform_admin_sessions=RLS_ON_TENANT_SCOPED profiles=RLS_ON_OWNER_SCOPED subscriptions=RLS_ON_TENANT_SCOPED tenant_invitations=RLS_ON_TENANT_SCOPED tenants=RLS_ON_TENANT_SCOPED tester_licenses=RLS_ON_OWNER_SCOPED user_preferences=RLS_ON_OWNER_SCOPED user_tenants=RLS_ON_TENANT_SCOPED,,create_organization_with_owner find_orphan_owned_tenants_for_caller platform_oauth_clients,assign-tester-license send-team-invite tenant-management,assign-tester-license=true send-team-invite=true tenant-management=true create-subscription=true stripe-portal=true,yes,43,1,OK,
/admin/branding,bsu,authenticated,AdminBranding,business-suite-unified/src/pages/Admin/AdminBranding.tsx,useAuth useBrandingEditor useEditorProbeAck usePermissions useQuery,audit_logs bi_metrics platform_branding profiles subscriptions tenant_branding tenant_invitations tenants user_preferences user_tenants,audit_logs=RLS_ON_OWNER_SCOPED bi_metrics=RLS_ON_TENANT_SCOPED platform_branding=RLS_ON_PERMISSIVE profiles=RLS_ON_OWNER_SCOPED subscriptions=RLS_ON_TENANT_SCOPED tenant_branding=RLS_ON_TENANT_SCOPED tenant_invitations=RLS_ON_TENANT_SCOPED tenants=RLS_ON_TENANT_SCOPED user_preferences=RLS_ON_OWNER_SCOPED user_tenants=RLS_ON_TENANT_SCOPED,,create_organization_with_owner find_orphan_owned_tenants_for_caller,send-team-invite,send-team-invite=true create-subscription=true stripe-portal=true,yes,41,1,OK,
/admin/permissions,bsu,authenticated,AdminPermissions,business-suite-unified/src/pages/Admin/PermissionsEditor.tsx,useAuth useMutation usePermissions useQuery useQueryClient,profiles role_capabilities subscriptions tenant_roles user_capability_overrides user_tenants,profiles=RLS_ON_OWNER_SCOPED role_capabilities=RLS_ON_TENANT_SCOPED subscriptions=RLS_ON_TENANT_SCOPED tenant_roles=RLS_ON_TENANT_SCOPED user_capability_overrides=RLS_ON_TENANT_SCOPED user_tenants=RLS_ON_TENANT_SCOPED,user_preferences,clone_tenant_role effective_user_capabilities,,create-subscription=true stripe-portal=true,yes,53,0,OK,
/admin/platform-kit,bsu,authenticated,Navigate,,,,,,,,,,0,0,REDIRECT,"route is a redirect, no data path of its own"
/admin/platform-kit/auth,bsu,authenticated,Navigate,,,,,,,,,,0,0,REDIRECT,"route is a redirect, no data path of its own"
/admin/platform-kit/database,bsu,authenticated,Navigate,,,,,,,,,,0,0,REDIRECT,"route is a redirect, no data path of its own"
/admin/platform-kit/dynamic-tables,bsu,authenticated,Navigate,,,,,,,,,,0,0,REDIRECT,"route is a redirect, no data path of its own"
/admin/platform-kit/logs,bsu,authenticated,Navigate,,,,,,,,,,0,0,REDIRECT,"route is a redirect, no data path of its own"
/admin/platform-kit/secrets,bsu,authenticated,Navigate,,,,,,,,,,0,0,REDIRECT,"route is a redirect, no data path of its own"
/admin/platform-kit/storage,bsu,authenticated,Navigate,,,,,,,,,,0,0,REDIRECT,"route is a redirect, no data path of its own"
/admin/sub-organizations,bsu,authenticated,AdminSubOrganizations,business-suite-unified/src/pages/Admin/SubOrganizations.tsx,useAuth useMutation usePermissions useQuery useQueryClient,audit_logs bi_metrics profiles subscriptions tenant_invitations tenants user_tenants,audit_logs=RLS_ON_OWNER_SCOPED bi_metrics=RLS_ON_TENANT_SCOPED profiles=RLS_ON_OWNER_SCOPED subscriptions=RLS_ON_TENANT_SCOPED tenant_invitations=RLS_ON_TENANT_SCOPED tenants=RLS_ON_TENANT_SCOPED user_tenants=RLS_ON_TENANT_SCOPED,,create_organization_with_owner find_orphan_owned_tenants_for_caller,send-team-invite,send-team-invite=true create-subscription=true stripe-portal=true,yes,17,0,OK,
/admin/team-members,bsu,authenticated,AdminTeamMembers,business-suite-unified/src/pages/Admin/TeamMembers.tsx,useAuth useMutation usePermissions useQuery useQueryClient useSubscription,profiles subscriptions team_invitations team_members teams user_tenants,profiles=RLS_ON_OWNER_SCOPED subscriptions=RLS_ON_TENANT_SCOPED team_invitations=RLS_ON_OWNER_SCOPED team_members=RLS_ON_OWNER_SCOPED teams=RLS_ON_OWNER_SCOPED user_tenants=RLS_ON_TENANT_SCOPED,,invite_team_member_guarded,send-team-invite,send-team-invite=true create-subscription=true stripe-portal=true,yes,27,0,OK,
/analytics,bsu,authenticated,Analytics,business-suite-unified/src/pages/Analytics.tsx,useAuth useEditorProbeAck usePermissions useQuery,bi_metrics profiles subscriptions user_preferences user_tenants,bi_metrics=RLS_ON_TENANT_SCOPED profiles=RLS_ON_OWNER_SCOPED subscriptions=RLS_ON_TENANT_SCOPED user_preferences=RLS_ON_OWNER_SCOPED user_tenants=RLS_ON_TENANT_SCOPED,,,,create-subscription=true stripe-portal=true,yes,27,1,OK,
/auth/callback,bsu,public,AuthCallback,business-suite-unified/src/pages/auth/AuthCallback.tsx,,,,,,,,n/a,4,0,NO_DATA_PATH,"static route: no table, rpc or edge function reachable in 4 files"
/auth/login,bsu,public,AuthScreen,business-suite-unified/src/components/auth/AuthScreen.tsx,useAuth,profiles subscriptions user_tenants,profiles=RLS_ON_OWNER_SCOPED subscriptions=RLS_ON_TENANT_SCOPED user_tenants=RLS_ON_TENANT_SCOPED,,,,,yes,23,0,OK,
/auth/reset-password,bsu,public,ResetPassword,business-suite-unified/src/pages/auth/ResetPassword.tsx,useAuth,profiles subscriptions user_tenants,profiles=RLS_ON_OWNER_SCOPED subscriptions=RLS_ON_TENANT_SCOPED user_tenants=RLS_ON_TENANT_SCOPED,,,,,yes,8,0,OK,
/billing,bsu,authenticated,Billing,business-suite-unified/src/pages/Billing.tsx,useAuth useEditorProbeAck usePermissions useQuery useQueryClient useSubscription,billing_events profiles subscriptions user_preferences user_tenants,billing_events=RLS_ON_TENANT_SCOPED profiles=RLS_ON_OWNER_SCOPED subscriptions=RLS_ON_TENANT_SCOPED user_preferences=RLS_ON_OWNER_SCOPED user_tenants=RLS_ON_TENANT_SCOPED,,,create-subscription stripe-portal,create-subscription=true stripe-portal=true,yes,27,1,OK,
/branding,bsu,authenticated,Branding,business-suite-unified/src/pages/Branding.tsx,useAuth useBranding useEditorProbeAck usePermissions useQueryClient useTenantBranding useTenantSettings,platform_branding profiles subscriptions tenant_app_branding tenant_branding tenant_settings user_preferences user_tenants,platform_branding=RLS_ON_PERMISSIVE profiles=RLS_ON_OWNER_SCOPED subscriptions=RLS_ON_TENANT_SCOPED tenant_app_branding=RLS_ON_TENANT_SCOPED tenant_branding=RLS_ON_TENANT_SCOPED tenant_settings=RLS_ON_TENANT_SCOPED user_preferences=RLS_ON_OWNER_SCOPED user_tenants=RLS_ON_TENANT_SCOPED,,,,create-subscription=true stripe-portal=true,yes,35,1,OK,
/design-studio,bsu,authenticated,Navigate,,,,,,,,,,0,0,REDIRECT,"route is a redirect, no data path of its own"
/developer/*,bsu,authenticated,DeveloperPortal,business-suite-unified/src/pages/Developer/index.tsx,useAuth useBranding useCustomPages useDbNavRows useEditorProbeAck useFeatureBuilderStore useLeadRoutingStore useMutation usePermissions useQuery useQueryClient useResolvedTenantId useSensor useSensors useSortable useSystemNoticesStore useTenantSettings,applications audit_logs bi_metrics custom_pages email_messages enterprise_licence_events feature_builder_drafts lead_routing_defaults lead_routing_rules leads page_sections platform_api_keys platform_branding platform_rate_limits platform_webhooks profiles profiles_privileged_audit report_catalog_entities subscriptions system_notices tenant_features tenant_invitations tenant_navigation tenant_settings tenants user_preferences user_tenants,applications=RLS_ON_ROLE_OR_OTHER audit_logs=RLS_ON_OWNER_SCOPED bi_metrics=RLS_ON_TENANT_SCOPED custom_pages=RLS_ON_MIXED email_messages=RLS_ON_TENANT_SCOPED enterprise_licence_events=RLS_ON_TENANT_SCOPED feature_builder_drafts=RLS_ON_OWNER_SCOPED lead_routing_defaults=RLS_ON_TENANT_SCOPED lead_routing_rules=RLS_ON_TENANT_SCOPED leads=RLS_ON_TENANT_SCOPED page_sections=RLS_ON_ROLE_OR_OTHER platform_api_keys=RLS_ON_TENANT_SCOPED platform_branding=RLS_ON_PERMISSIVE platform_rate_limits=RLS_ON_TENANT_SCOPED platform_webhooks=RLS_ON_TENANT_SCOPED profiles=RLS_ON_OWNER_SCOPED profiles_privileged_audit=RLS_ON_ROLE_OR_OTHER report_catalog_entities=RLS_ON_TENANT_SCOPED subscriptions=RLS_ON_TENANT_SCOPED system_notices=RLS_ON_TENANT_SCOPED tenant_features=RLS_ON_TENANT_SCOPED tenant_invitations=RLS_ON_TENANT_SCOPED tenant_navigation=RLS_ON_TENANT_SCOPED tenant_settings=RLS_ON_TENANT_SCOPED tenants=RLS_ON_TENANT_SCOPED user_preferences=RLS_ON_OWNER_SCOPED user_tenants=RLS_ON_TENANT_SCOPED,apprentice_placements apprentices employers feature_migration_log training_providers,create_organization_with_owner find_orphan_owned_tenants_for_caller is_feature_enabled platform_oauth_clients report_catalog_approve_entity,calendar-integration email-dispatcher feature-builder-export generate-document lead-capture platform-kit-proxy rate-limit-check send-notification send-team-invite set-platform-role stripe-webhook tga-search update-seat-count,calendar-integration=true email-dispatcher=true feature-builder-export=true generate-document=true lead-capture=true platform-kit-proxy=true rate-limit-check=true send-notification=true send-team-invite=true set-platform-role=true stripe-webhook=true tga-search=true update-seat-count=true create-subscription=true db-console-migration-export=true feature-builder-ai=true stripe-portal=true,yes,156,4,OK,
/developer/access,bsu,authenticated,DeveloperAccessControl,business-suite-unified/src/pages/Developer/AccessControl.tsx,useAuth useMutation useQuery useQueryClient,platform_api_keys platform_webhooks profiles profiles_privileged_audit subscriptions user_tenants,platform_api_keys=RLS_ON_TENANT_SCOPED platform_webhooks=RLS_ON_TENANT_SCOPED profiles=RLS_ON_OWNER_SCOPED profiles_privileged_audit=RLS_ON_ROLE_OR_OTHER subscriptions=RLS_ON_TENANT_SCOPED user_tenants=RLS_ON_TENANT_SCOPED,,,set-platform-role,set-platform-role=true,yes,24,0,OK,
/developer/branding,bsu,authenticated,DeveloperBranding,business-suite-unified/src/pages/Developer/Branding.tsx,useBranding,platform_branding,platform_branding=RLS_ON_PERMISSIVE,,,,,n/a,17,0,OK,
/developer/database,bsu,authenticated,DeveloperDatabase,business-suite-unified/src/pages/Developer/Database/index.tsx,useMutation useQuery useQueryClient,report_catalog_entities,report_catalog_entities=RLS_ON_TENANT_SCOPED,,report_catalog_approve_entity,db-console-migration-export platform-kit-proxy,db-console-migration-export=true platform-kit-proxy=true,yes,32,1,OK,
/developer/embed,bsu,authenticated,DeveloperEmbed,business-suite-unified/src/pages/Developer/Embed.tsx,useQuery,tenants,tenants=RLS_ON_TENANT_SCOPED,,,,,n/a,9,0,OK,
/developer/feature-builder,bsu,authenticated,DeveloperFeatureBuilder,business-suite-unified/src/pages/Developer/FeatureBuilder/index.tsx,useAuth useEntityGeneration useFeatureBuilderStore,apprentice_placements apprentices employers feature_builder_drafts feature_migration_log profiles subscriptions tenants training_providers user_tenants,apprentice_placements=RLS_ON_TENANT_SCOPED apprentices=RLS_ON_TENANT_SCOPED employers=RLS_ON_TENANT_SCOPED feature_builder_drafts=RLS_ON_OWNER_SCOPED feature_migration_log=RLS_ON_OWNER_SCOPED profiles=RLS_ON_OWNER_SCOPED subscriptions=RLS_ON_TENANT_SCOPED tenants=RLS_ON_TENANT_SCOPED training_providers=RLS_ON_TENANT_SCOPED user_tenants=RLS_ON_TENANT_SCOPED,,apply_feature_migration is_feature_enabled report_catalog_propose_entity rollback_feature_migration,feature-builder-ai feature-builder-export,feature-builder-ai=true feature-builder-export=true platform-kit-proxy=true,yes,59,1,OK,
/developer/features,bsu,authenticated,DeveloperFeatures,business-suite-unified/src/pages/Developer/Features.tsx,useMutation useQuery useQueryClient,audit_logs bi_metrics custom_pages profiles tenant_features tenant_invitations tenants user_tenants,audit_logs=RLS_ON_OWNER_SCOPED bi_metrics=RLS_ON_TENANT_SCOPED custom_pages=RLS_ON_MIXED profiles=RLS_ON_OWNER_SCOPED tenant_features=RLS_ON_TENANT_SCOPED tenant_invitations=RLS_ON_TENANT_SCOPED tenants=RLS_ON_TENANT_SCOPED user_tenants=RLS_ON_TENANT_SCOPED,,create_organization_with_owner find_orphan_owned_tenants_for_caller is_feature_enabled,send-team-invite,send-team-invite=true,yes,13,0,OK,
/developer/functions,bsu,authenticated,DeveloperFunctions,business-suite-unified/src/pages/Developer/Functions.tsx,useAuth useQuery,applications custom_pages email_messages lead_routing_defaults lead_routing_rules leads page_sections platform_branding platform_rate_limits profiles subscriptions system_notices tenant_features tenant_navigation tenant_settings tenants user_tenants,applications=RLS_ON_ROLE_OR_OTHER custom_pages=RLS_ON_MIXED email_messages=RLS_ON_TENANT_SCOPED lead_routing_defaults=RLS_ON_TENANT_SCOPED lead_routing_rules=RLS_ON_TENANT_SCOPED leads=RLS_ON_TENANT_SCOPED page_sections=RLS_ON_ROLE_OR_OTHER platform_branding=RLS_ON_PERMISSIVE platform_rate_limits=RLS_ON_TENANT_SCOPED profiles=RLS_ON_OWNER_SCOPED subscriptions=RLS_ON_TENANT_SCOPED system_notices=RLS_ON_TENANT_SCOPED tenant_features=RLS_ON_TENANT_SCOPED tenant_navigation=RLS_ON_TENANT_SCOPED tenant_settings=RLS_ON_TENANT_SCOPED tenants=RLS_ON_TENANT_SCOPED user_tenants=RLS_ON_TENANT_SCOPED,apprentice_placements apprentices audit_logs bi_metrics employers enterprise_licence_events feature_builder_drafts feature_migration_log platform_api_keys platform_webhooks profiles_privileged_audit report_catalog_entities tenant_invitations training_providers user_preferences,is_feature_enabled,calendar-integration email-dispatcher generate-document lead-capture platform-kit-proxy rate-limit-check send-notification stripe-webhook tga-search update-seat-count,calendar-integration=true email-dispatcher=true generate-document=true lead-capture=true platform-kit-proxy=true rate-limit-check=true send-notification=true stripe-webhook=true tga-search=true update-seat-count=true db-console-migration-export=true feature-builder-ai=true feature-builder-export=true send-team-invite=true set-platform-role=true,yes,152,4,OK,
/developer/functions/:slug,bsu,authenticated,DeveloperFunctionDetail,business-suite-unified/src/pages/Developer/FunctionDetail.tsx,useMutation useQuery useQueryClient,,,applications audit_logs bi_metrics custom_pages email_messages enterprise_licence_events feature_builder_drafts lead_routing_defaults lead_routing_rules leads page_sections platform_api_keys platform_branding platform_rate_limits platform_webhooks profiles profiles_privileged_audit report_catalog_entities subscriptions system_notices tenant_features tenant_invitations tenant_navigation tenant_settings tenants user_preferences user_tenants,,platform-kit-proxy,platform-kit-proxy=true calendar-integration=true email-dispatcher=true feature-builder-export=true generate-document=true lead-capture=true rate-limit-check=true send-notification=true send-team-invite=true set-platform-role=true stripe-webhook=true tga-search=true update-seat-count=true,n/a,114,3,OK,
/developer/functions/new,bsu,authenticated,DeveloperFunctionDetail,business-suite-unified/src/pages/Developer/FunctionDetail.tsx,useMutation useQuery useQueryClient,,,applications audit_logs bi_metrics custom_pages email_messages enterprise_licence_events feature_builder_drafts lead_routing_defaults lead_routing_rules leads page_sections platform_api_keys platform_branding platform_rate_limits platform_webhooks profiles profiles_privileged_audit report_catalog_entities subscriptions system_notices tenant_features tenant_invitations tenant_navigation tenant_settings tenants user_preferences user_tenants,,platform-kit-proxy,platform-kit-proxy=true calendar-integration=true email-dispatcher=true feature-builder-export=true generate-document=true lead-capture=true rate-limit-check=true send-notification=true send-team-invite=true set-platform-role=true stripe-webhook=true tga-search=true update-seat-count=true,n/a,114,3,OK,
/developer/licences,bsu,authenticated,DeveloperLicences,business-suite-unified/src/pages/Developer/Licences.tsx,useAuth useMutation useQuery useQueryClient,audit_logs bi_metrics enterprise_licence_events profiles subscriptions tenant_invitations tenants user_tenants,audit_logs=RLS_ON_OWNER_SCOPED bi_metrics=RLS_ON_TENANT_SCOPED enterprise_licence_events=RLS_ON_TENANT_SCOPED profiles=RLS_ON_OWNER_SCOPED subscriptions=RLS_ON_TENANT_SCOPED tenant_invitations=RLS_ON_TENANT_SCOPED tenants=RLS_ON_TENANT_SCOPED user_tenants=RLS_ON_TENANT_SCOPED,,create_organization_with_owner find_orphan_owned_tenants_for_caller,send-team-invite update-seat-count,send-team-invite=true update-seat-count=true,yes,18,0,OK,
/developer/logs,bsu,authenticated,DeveloperLogs,business-suite-unified/src/pages/Developer/Logs.tsx,useQuery,,,,,platform-kit-proxy,platform-kit-proxy=true,n/a,8,0,OK,
/developer/marketing,bsu,authenticated,Navigate,,,,,,,,,,0,0,REDIRECT,"route is a redirect, no data path of its own"
/developer/nav,bsu,authenticated,DeveloperNav,business-suite-unified/src/pages/Developer/Nav.tsx,useAuth useSensor useSensors useSortable,custom_pages profiles subscriptions tenant_navigation user_tenants,custom_pages=RLS_ON_MIXED profiles=RLS_ON_OWNER_SCOPED subscriptions=RLS_ON_TENANT_SCOPED tenant_navigation=RLS_ON_TENANT_SCOPED user_tenants=RLS_ON_TENANT_SCOPED,,,,,yes,19,0,OK,
/developer/notices,bsu,authenticated,DeveloperNotices,business-suite-unified/src/pages/Developer/Notices.tsx,useAuth useMutation useQuery useQueryClient useSystemNoticesStore,profiles subscriptions system_notices tenants user_tenants,profiles=RLS_ON_OWNER_SCOPED subscriptions=RLS_ON_TENANT_SCOPED system_notices=RLS_ON_TENANT_SCOPED tenants=RLS_ON_TENANT_SCOPED user_tenants=RLS_ON_TENANT_SCOPED,,,,,yes,16,0,OK,
/developer/platform,bsu,authenticated,DeveloperPlatform,business-suite-unified/src/pages/Developer/Platform.tsx,useQuery useQueryClient,tenants,tenants=RLS_ON_TENANT_SCOPED,,,platform-kit-proxy,platform-kit-proxy=true,n/a,10,0,OK,
/developer/platform-kit,bsu,authenticated,PlatformKitHub,business-suite-unified/src/pages/Admin/PlatformKit.tsx,useAuth usePermissions,profiles subscriptions user_tenants,profiles=RLS_ON_OWNER_SCOPED subscriptions=RLS_ON_TENANT_SCOPED user_tenants=RLS_ON_TENANT_SCOPED,,,,create-subscription=true stripe-portal=true,yes,18,0,OK,
/developer/platform-kit/auth,bsu,authenticated,PlatformKitAuth,business-suite-unified/src/pages/Admin/PlatformKitAuthRoute.tsx,useAuth useMutation usePermissions useQuery useQueryClient,profiles subscriptions user_tenants,profiles=RLS_ON_OWNER_SCOPED subscriptions=RLS_ON_TENANT_SCOPED user_tenants=RLS_ON_TENANT_SCOPED,,,platform-kit-proxy,platform-kit-proxy=true create-subscription=true stripe-portal=true,yes,25,0,OK,
/developer/platform-kit/database,bsu,authenticated,Navigate,,,,,,,,,,0,0,REDIRECT,"route is a redirect, no data path of its own"
/developer/platform-kit/dynamic-tables,bsu,authenticated,Navigate,,,,,,,,,,0,0,REDIRECT,"route is a redirect, no data path of its own"
/developer/platform-kit/logs,bsu,authenticated,PlatformKitLogs,business-suite-unified/src/pages/Admin/PlatformKitLogs.tsx,useAuth usePermissions useQuery,audit_logs bi_metrics profiles subscriptions tenant_invitations tenants user_tenants,audit_logs=RLS_ON_OWNER_SCOPED bi_metrics=RLS_ON_TENANT_SCOPED profiles=RLS_ON_OWNER_SCOPED subscriptions=RLS_ON_TENANT_SCOPED tenant_invitations=RLS_ON_TENANT_SCOPED tenants=RLS_ON_TENANT_SCOPED user_tenants=RLS_ON_TENANT_SCOPED,,create_organization_with_owner find_orphan_owned_tenants_for_caller,platform-kit-proxy send-team-invite,platform-kit-proxy=true send-team-invite=true create-subscription=true stripe-portal=true,yes,28,0,OK,
/developer/platform-kit/secrets,bsu,authenticated,PlatformKitSecrets,business-suite-unified/src/pages/Admin/PlatformKitSecrets.tsx,useAuth useMutation usePermissions useQuery useQueryClient,profiles subscriptions user_tenants,profiles=RLS_ON_OWNER_SCOPED subscriptions=RLS_ON_TENANT_SCOPED user_tenants=RLS_ON_TENANT_SCOPED,,,platform-kit-proxy,platform-kit-proxy=true create-subscription=true stripe-portal=true,yes,24,0,OK,
/developer/platform-kit/storage,bsu,authenticated,PlatformKitStorage,business-suite-unified/src/pages/Admin/PlatformKitStorage.tsx,useAuth usePermissions useQuery,profiles subscriptions user_tenants,profiles=RLS_ON_OWNER_SCOPED subscriptions=RLS_ON_TENANT_SCOPED user_tenants=RLS_ON_TENANT_SCOPED,,,platform-kit-proxy,platform-kit-proxy=true create-subscription=true stripe-portal=true,yes,22,0,OK,
/developer/rate-limits,bsu,authenticated,DeveloperRateLimits,business-suite-unified/src/pages/Developer/RateLimits.tsx,useAuth useMutation useQuery useQueryClient,platform_rate_limits profiles subscriptions user_tenants,platform_rate_limits=RLS_ON_TENANT_SCOPED profiles=RLS_ON_OWNER_SCOPED subscriptions=RLS_ON_TENANT_SCOPED user_tenants=RLS_ON_TENANT_SCOPED,,platform_oauth_clients,calendar-integration email-dispatcher generate-document lead-capture rate-limit-check send-notification stripe-webhook tga-search,calendar-integration=true email-dispatcher=true generate-document=true lead-capture=true rate-limit-check=true send-notification=true stripe-webhook=true tga-search=true,yes,21,0,OK,
/developer/route-inspector,bsu,authenticated,RouteInspector,business-suite-unified/src/pages/Developer/RouteInspector.tsx,useAuth useCustomPages useDbNavRows useQuery useQueryClient useResolvedTenantId useTenantNavigation,custom_pages profiles subscriptions tenant_navigation user_tenants,custom_pages=RLS_ON_MIXED profiles=RLS_ON_OWNER_SCOPED subscriptions=RLS_ON_TENANT_SCOPED tenant_navigation=RLS_ON_TENANT_SCOPED user_tenants=RLS_ON_TENANT_SCOPED,,,,,yes,24,0,OK,
/developer/routing,bsu,authenticated,DeveloperRouting,business-suite-unified/src/pages/Developer/Routing.tsx,useEditorProbeAck useLeadRoutingStore useMutation usePermissions useQuery useQueryClient useSensor useSensors useSortable,lead_routing_defaults lead_routing_rules profiles user_preferences user_tenants,lead_routing_defaults=RLS_ON_TENANT_SCOPED lead_routing_rules=RLS_ON_TENANT_SCOPED profiles=RLS_ON_OWNER_SCOPED user_preferences=RLS_ON_OWNER_SCOPED user_tenants=RLS_ON_TENANT_SCOPED,subscriptions,,,,yes,28,1,OK,
/developer/tables,bsu,authenticated,Navigate,,,,,,,,,,0,0,REDIRECT,"route is a redirect, no data path of its own"
/developer/tenant,bsu,authenticated,DeveloperTenantSettings,business-suite-unified/src/pages/Developer/TenantSettings.tsx,useAuth useMutation useQueryClient useTenantSettings,profiles subscriptions tenant_settings tenants user_tenants,profiles=RLS_ON_OWNER_SCOPED subscriptions=RLS_ON_TENANT_SCOPED tenant_settings=RLS_ON_TENANT_SCOPED tenants=RLS_ON_TENANT_SCOPED user_tenants=RLS_ON_TENANT_SCOPED,,,,,yes,18,2,OK,
/developer/tenants,bsu,authenticated,DeveloperTenants,business-suite-unified/src/pages/Developer/Tenants.tsx,useAuth useMutation useQuery useQueryClient,audit_logs bi_metrics profiles subscriptions tenant_invitations tenants user_tenants,audit_logs=RLS_ON_OWNER_SCOPED bi_metrics=RLS_ON_TENANT_SCOPED profiles=RLS_ON_OWNER_SCOPED subscriptions=RLS_ON_TENANT_SCOPED tenant_invitations=RLS_ON_TENANT_SCOPED tenants=RLS_ON_TENANT_SCOPED user_tenants=RLS_ON_TENANT_SCOPED,,create_organization_with_owner find_orphan_owned_tenants_for_caller,send-team-invite,send-team-invite=true,yes,18,0,OK,
/developer/website,bsu,authenticated,DeveloperWebsite,business-suite-unified/src/pages/Developer/Website.tsx,useMutation useQuery useQueryClient,applications email_messages leads page_sections,applications=RLS_ON_ROLE_OR_OTHER email_messages=RLS_ON_TENANT_SCOPED leads=RLS_ON_TENANT_SCOPED page_sections=RLS_ON_ROLE_OR_OTHER,,,,,yes,11,0,OK,
/docs,bsu,public,Docs,business-suite-unified/src/pages/Docs.tsx,,,,,,,,n/a,23,0,NO_DATA_PATH,"static route: no table, rpc or edge function reachable in 23 files"
/docs/:manualId,bsu,public,Docs,business-suite-unified/src/pages/Docs.tsx,,,,,,,,n/a,23,0,NO_DATA_PATH,"static route: no table, rpc or edge function reachable in 23 files"
/documents,bsu,authenticated,Documents,business-suite-unified/src/pages/Documents.tsx,useAuth useEditorProbeAck usePermissions useQuery,documents profiles subscriptions user_preferences user_tenants,documents=RLS_ON_MIXED profiles=RLS_ON_OWNER_SCOPED subscriptions=RLS_ON_TENANT_SCOPED user_preferences=RLS_ON_OWNER_SCOPED user_tenants=RLS_ON_TENANT_SCOPED,,,generate-document,generate-document=true create-subscription=true stripe-portal=true,yes,25,6,OK,
/embed/contact,bsu,public,EmbedContact,business-suite-unified/src/pages/Embed/Contact.tsx,,tenant_branding,tenant_branding=RLS_ON_TENANT_SCOPED,,,lead-capture,lead-capture=true,yes,4,0,OK,
/embed/lead-form,bsu,public,EmbedLeadForm,business-suite-unified/src/pages/Embed/LeadForm.tsx,,tenants,tenants=RLS_ON_TENANT_SCOPED,,,lead-capture,lead-capture=true,n/a,4,0,OK,
/government,bsu,authenticated,Government,business-suite-unified/src/pages/Government.tsx,useAuth useEditorProbeAck usePermissions,profiles subscriptions user_preferences user_tenants,profiles=RLS_ON_OWNER_SCOPED subscriptions=RLS_ON_TENANT_SCOPED user_preferences=RLS_ON_OWNER_SCOPED user_tenants=RLS_ON_TENANT_SCOPED,,,,create-subscription=true stripe-portal=true,yes,24,1,OK,
/gto,bsu,authenticated,GTO,business-suite-unified/src/pages/GTO.tsx,useAuth useEditorProbeAck usePermissions useQuery,apprentices profiles site_visits subscriptions user_preferences user_tenants,apprentices=RLS_ON_TENANT_SCOPED profiles=RLS_ON_OWNER_SCOPED site_visits=RLS_ON_MIXED subscriptions=RLS_ON_TENANT_SCOPED user_preferences=RLS_ON_OWNER_SCOPED user_tenants=RLS_ON_TENANT_SCOPED,,,,create-subscription=true stripe-portal=true,yes,27,1,OK,
/ideas,bsu,authenticated,IdeaHub,business-suite-unified/src/pages/ideas/index.tsx,useAuth useIdeaStore,ideas profiles subscriptions user_tenants,ideas=RLS_ON_OWNER_SCOPED profiles=RLS_ON_OWNER_SCOPED subscriptions=RLS_ON_TENANT_SCOPED user_tenants=RLS_ON_TENANT_SCOPED,,,,,yes,11,0,OK,
/ideas/:id,bsu,authenticated,IdeaDetail,business-suite-unified/src/pages/ideas/detail.tsx,useIdeaStore,ideas,ideas=RLS_ON_OWNER_SCOPED,,,idea-assistant,idea-assistant=true,n/a,8,0,OK,
/ideas/new,bsu,authenticated,NewIdea,business-suite-unified/src/pages/ideas/new.tsx,,ideas,ideas=RLS_ON_OWNER_SCOPED,,,,,n/a,6,0,OK,
/login,bsu,public,AuthScreen,business-suite-unified/src/components/auth/AuthScreen.tsx,useAuth,profiles subscriptions user_tenants,profiles=RLS_ON_OWNER_SCOPED subscriptions=RLS_ON_TENANT_SCOPED user_tenants=RLS_ON_TENANT_SCOPED,,,,,yes,23,0,OK,
/oauth/consent,bsu,public,OAuthConsent,business-suite-unified/src/pages/oauth/OAuthConsent.tsx,useAuth,profiles subscriptions user_tenants,profiles=RLS_ON_OWNER_SCOPED subscriptions=RLS_ON_TENANT_SCOPED user_tenants=RLS_ON_TENANT_SCOPED,,,,,yes,9,0,OK,
/onboarding/create-organization,bsu,authenticated,OnboardingCreateOrganization,business-suite-unified/src/pages/OnboardingCreateOrganization.tsx,,audit_logs bi_metrics profiles tenant_invitations tenants user_tenants,audit_logs=RLS_ON_OWNER_SCOPED bi_metrics=RLS_ON_TENANT_SCOPED profiles=RLS_ON_OWNER_SCOPED tenant_invitations=RLS_ON_TENANT_SCOPED tenants=RLS_ON_TENANT_SCOPED user_tenants=RLS_ON_TENANT_SCOPED,,create_organization_with_owner find_orphan_owned_tenants_for_caller,send-team-invite,send-team-invite=true,yes,13,0,OK,
/organization/new,bsu,authenticated,CreateOrganization,business-suite-unified/src/pages/Organization/CreateOrganization.tsx,useAuth,audit_logs bi_metrics profiles subscriptions tenant_invitations tenants user_tenants,audit_logs=RLS_ON_OWNER_SCOPED bi_metrics=RLS_ON_TENANT_SCOPED profiles=RLS_ON_OWNER_SCOPED subscriptions=RLS_ON_TENANT_SCOPED tenant_invitations=RLS_ON_TENANT_SCOPED tenants=RLS_ON_TENANT_SCOPED user_tenants=RLS_ON_TENANT_SCOPED,,create_organization_with_owner find_orphan_owned_tenants_for_caller,send-team-invite,send-team-invite=true,yes,17,0,OK,
/p/:slug,bsu,authenticated,CustomPage,business-suite-unified/src/pages/CustomPage.tsx,useAuth useQueryClient,custom_pages profiles subscriptions user_tenants,custom_pages=RLS_ON_MIXED profiles=RLS_ON_OWNER_SCOPED subscriptions=RLS_ON_TENANT_SCOPED user_tenants=RLS_ON_TENANT_SCOPED,,is_feature_enabled,,,yes,11,0,OK,
/pricing,bsu,authenticated,PricingPage,business-suite-unified/src/pages/Pricing.tsx,useAuth,profiles subscriptions user_tenants,profiles=RLS_ON_OWNER_SCOPED subscriptions=RLS_ON_TENANT_SCOPED user_tenants=RLS_ON_TENANT_SCOPED,,,,,yes,9,0,OK,
/privacy,bsu,public,PrivacyPage,business-suite-unified/src/pages/Privacy.tsx,,,,,,,,n/a,1,0,NO_DATA_PATH,"static route: no table, rpc or edge function reachable in 1 files"
/reset-password,bsu,public,ResetPassword,business-suite-unified/src/pages/auth/ResetPassword.tsx,useAuth,profiles subscriptions user_tenants,profiles=RLS_ON_OWNER_SCOPED subscriptions=RLS_ON_TENANT_SCOPED user_tenants=RLS_ON_TENANT_SCOPED,,,,,yes,8,0,OK,
/settings,bsu,authenticated,Settings,business-suite-unified/src/pages/Settings.tsx,useAuth useEditorProbeAck useNotificationStore usePermissions,app_notifications profiles subscriptions tenants user_preferences user_tenants,app_notifications=RLS_ON_OWNER_SCOPED profiles=RLS_ON_OWNER_SCOPED subscriptions=RLS_ON_TENANT_SCOPED tenants=RLS_ON_TENANT_SCOPED user_preferences=RLS_ON_OWNER_SCOPED user_tenants=RLS_ON_TENANT_SCOPED,,delete_organization get_org_deletion_preview,tenant-management,tenant-management=true,yes,27,1,OK,
/settings/branding,bsu,authenticated,Navigate,,,,,,,,,,0,0,REDIRECT,"route is a redirect, no data path of its own"
/settings/locale,bsu,authenticated,LocaleSettings,business-suite-unified/src/pages/settings/locale.tsx,useAuth useQuery useQueryClient,profiles subscriptions user_preferences user_tenants,profiles=RLS_ON_OWNER_SCOPED subscriptions=RLS_ON_TENANT_SCOPED user_preferences=RLS_ON_OWNER_SCOPED user_tenants=RLS_ON_TENANT_SCOPED,,,,,yes,12,0,OK,
/settings/organization,bsu,authenticated,AdminSubOrganizations,business-suite-unified/src/pages/Admin/SubOrganizations.tsx,useAuth useMutation usePermissions useQuery useQueryClient,audit_logs bi_metrics profiles subscriptions tenant_invitations tenants user_tenants,audit_logs=RLS_ON_OWNER_SCOPED bi_metrics=RLS_ON_TENANT_SCOPED profiles=RLS_ON_OWNER_SCOPED subscriptions=RLS_ON_TENANT_SCOPED tenant_invitations=RLS_ON_TENANT_SCOPED tenants=RLS_ON_TENANT_SCOPED user_tenants=RLS_ON_TENANT_SCOPED,,create_organization_with_owner find_orphan_owned_tenants_for_caller,send-team-invite,send-team-invite=true create-subscription=true stripe-portal=true,yes,17,0,OK,
/settings/schema-builder,bsu,authenticated,SchemaBuilder,business-suite-unified/src/pages/Settings/SchemaBuilder.tsx,useAuth,profiles subscriptions user_tenants,profiles=RLS_ON_OWNER_SCOPED subscriptions=RLS_ON_TENANT_SCOPED user_tenants=RLS_ON_TENANT_SCOPED,,,,,yes,11,0,OK,
/terms,bsu,public,TermsPage,business-suite-unified/src/pages/Terms.tsx,,,,,,,,n/a,1,0,NO_DATA_PATH,"static route: no table, rpc or edge function reachable in 1 files"
/,conduit,authenticated,Page,conduit/src/app/page.tsx,,,,,,,,,0,0,REDIRECT,"route is a redirect, no data path of its own"
/admin/templates,conduit,authenticated,Page,conduit/src/app/admin/templates/page.tsx,,,,,,,,,0,0,REDIRECT,"route is a redirect, no data path of its own"
/analytics,conduit,authenticated,Page,conduit/src/app/(dashboard)/analytics/page.tsx,,,,,,,,,0,0,REDIRECT,"route is a redirect, no data path of its own"
/api/ai/chat,conduit,authenticated,ApiRoute,conduit/src/app/api/ai/chat/route.ts,,r7_applications r7_candidate_pool_memberships r7_candidates r7_communications r7_compliance_checks r7_interviews r7_jobs r7_pipeline_entries r7_pipeline_stages,r7_applications=RLS_ON_TENANT_SCOPED r7_candidate_pool_memberships=RLS_ON_MIXED r7_candidates=RLS_ON_TENANT_SCOPED r7_communications=RLS_ON_MIXED r7_compliance_checks=RLS_ON_MIXED r7_interviews=RLS_ON_TENANT_SCOPED r7_jobs=RLS_ON_MIXED r7_pipeline_entries=RLS_ON_MIXED r7_pipeline_stages=RLS_ON_MIXED,,,email-dispatcher,email-dispatcher=true,yes,15,0,OK,
/api/public/jobs-feed,conduit,public,ApiRoute,conduit/src/app/api/public/jobs-feed/route.ts,,r7_jobs,r7_jobs=RLS_ON_MIXED,,,,,yes,6,0,OK,
/auth/callback,conduit,public,Page,conduit/src/app/auth/callback/page.tsx,,,,,,,,n/a,9,0,NO_DATA_PATH,"static route: no table, rpc or edge function reachable in 9 files"
/auth/login,conduit,public,Page,conduit/src/app/auth/login/page.tsx,,,,,,,,n/a,7,0,NO_DATA_PATH,"static route: no table, rpc or edge function reachable in 7 files"
/auth/register,conduit,public,Page,conduit/src/app/auth/register/page.tsx,,,,,,,,n/a,6,0,NO_DATA_PATH,"static route: no table, rpc or edge function reachable in 6 files"
/candidates,conduit,authenticated,Page,conduit/src/app/(dashboard)/candidates/page.tsx,,,,,,,,,0,0,REDIRECT,"route is a redirect, no data path of its own"
/candidates/:id,conduit,authenticated,Page,conduit/src/app/(dashboard)/candidates/[id]/page.tsx,useCandidateStore useConfirmDialog useQueryClient useTenantId,r7_candidates r7_documents,r7_candidates=RLS_ON_TENANT_SCOPED r7_documents=RLS_ON_TENANT_SCOPED,apprentice_handoff_tokens email_templates profiles r7_applications r7_automation_queue r7_communications r7_interviews r7_jobs r7_pipeline_entries user_tenants,,,email-dispatcher=true sms-dispatcher=true,yes,31,0,OK,
/candidates/:id/documents,conduit,authenticated,Page,conduit/src/app/(dashboard)/candidates/[id]/documents/page.tsx,useConfirmDialog useMutation useQueryClient useTenantId,r7_documents,r7_documents=RLS_ON_TENANT_SCOPED,profiles user_tenants,,,,yes,14,4,OK,
/candidates/:id/privacy,conduit,authenticated,Page,conduit/src/app/(dashboard)/candidates/[id]/privacy/page.tsx,useQuery useQueryClient,r7_candidates r7_communications,r7_candidates=RLS_ON_TENANT_SCOPED r7_communications=RLS_ON_MIXED,,,,,yes,9,0,OK,
/candidates/new,conduit,authenticated,Page,conduit/src/app/(dashboard)/candidates/new/page.tsx,useCandidateStore useTenantId,r7_candidates,r7_candidates=RLS_ON_TENANT_SCOPED,profiles r7_automation_queue user_preferences user_tenants,,,,yes,22,0,OK,
/compliance,conduit,authenticated,Page,conduit/src/app/(dashboard)/compliance/page.tsx,useComplianceStore useTenantId,r7_compliance_checks,r7_compliance_checks=RLS_ON_MIXED,profiles user_tenants,,,,yes,19,0,OK,
/dashboard,conduit,authenticated,Page,conduit/src/app/dashboard/page.tsx,,,,,,,,,0,0,REDIRECT,"route is a redirect, no data path of its own"
/field-officer-assignments,conduit,authenticated,Page,conduit/src/app/(dashboard)/field-officer-assignments/page.tsx,useAssignedInterviews useFieldOfficers useMyFieldOfficerId useOnClickOutside usePipelineEntries useTenantId,contacts field_officers r7_interviews r7_pipeline_entries,contacts=RLS_ON_TENANT_SCOPED field_officers=RLS_ON_TENANT_SCOPED r7_interviews=RLS_ON_TENANT_SCOPED r7_pipeline_entries=RLS_ON_MIXED,profiles user_tenants,,,,yes,19,0,OK,
/interviews,conduit,authenticated,Page,conduit/src/app/(dashboard)/interviews/page.tsx,useConfirmDialog useFieldOfficers useInterviewStore useQueryClient useSettingsStore useTenantId,contacts email_integrations email_templates employers field_officers r7_candidates r7_communications r7_interviews r7_jobs r7_pipeline_stages tenant_settings,contacts=RLS_ON_TENANT_SCOPED email_integrations=RLS_ON_TENANT_SCOPED email_templates=RLS_ON_TENANT_SCOPED employers=RLS_ON_TENANT_SCOPED field_officers=RLS_ON_TENANT_SCOPED r7_candidates=RLS_ON_TENANT_SCOPED r7_communications=RLS_ON_MIXED r7_interviews=RLS_ON_TENANT_SCOPED r7_jobs=RLS_ON_MIXED r7_pipeline_stages=RLS_ON_MIXED tenant_settings=RLS_ON_TENANT_SCOPED,profiles user_tenants,,calendar-integration email-dispatcher sms-dispatcher,calendar-integration=true email-dispatcher=true sms-dispatcher=true,yes,28,0,OK,
/jobs,conduit,authenticated,Page,conduit/src/app/(dashboard)/jobs/page.tsx,,,,,,,,,0,0,REDIRECT,"route is a redirect, no data path of its own"
/jobs/:id,conduit,authenticated,Page,conduit/src/app/(dashboard)/jobs/[id]/page.tsx,useConfirmDialog useJobStore useQueryClient useTenantId,r7_jobs,r7_jobs=RLS_ON_MIXED,email_templates profiles r7_communications user_tenants,,,email-dispatcher=true sms-dispatcher=true,yes,41,1,OK,
/jobs/:id/distribute,conduit,authenticated,Page,conduit/src/app/(dashboard)/jobs/[id]/distribute/page.tsx,useConfirmDialog useJobDistributionStore useMutation useQueryClient useTenantId,r7_job_distributions r7_jobs,r7_job_distributions=RLS_ON_MIXED r7_jobs=RLS_ON_MIXED,profiles user_preferences user_tenants,,,,yes,40,0,OK,
/jobs/:id/edit,conduit,authenticated,Page,conduit/src/app/(dashboard)/jobs/[id]/edit/page.tsx,useJobStore useTenantId,awards r7_jobs,awards=RLS_ON_ROLE_OR_OTHER r7_jobs=RLS_ON_MIXED,profiles user_preferences user_tenants,,,,yes,27,0,OK,
/jobs/new,conduit,authenticated,Page,conduit/src/app/(dashboard)/jobs/new/page.tsx,useJobStore useTenantId,awards r7_jobs,awards=RLS_ON_ROLE_OR_OTHER r7_jobs=RLS_ON_MIXED,profiles user_preferences user_tenants,,,,yes,20,0,OK,
/offers,conduit,authenticated,Page,conduit/src/app/(dashboard)/offers/page.tsx,useConfirmDialog useOfferStore useQueryClient useTenantId,r7_candidates r7_jobs r7_offers,r7_candidates=RLS_ON_TENANT_SCOPED r7_jobs=RLS_ON_MIXED r7_offers=RLS_ON_TENANT_SCOPED,profiles r7_document_audit_logs r7_document_records r7_document_signatories user_preferences user_tenants,,,,yes,38,0,OK,
/onboarding,conduit,authenticated,Page,conduit/src/app/(dashboard)/onboarding/page.tsx,useConfirmDialog useOnboardingStore useQueryClient useTenantId,r7_onboarding_instances r7_onboarding_tasks r7_onboarding_templates,r7_onboarding_instances=RLS_ON_MIXED r7_onboarding_tasks=RLS_ON_MIXED r7_onboarding_templates=RLS_ON_MIXED,profiles user_tenants,,,,yes,19,0,OK,
/pipeline,conduit,authenticated,Page,conduit/src/app/(dashboard)/pipeline/page.tsx,,,,,,,,,0,0,REDIRECT,"route is a redirect, no data path of its own"
/portal/candidate,conduit,public,Page,conduit/src/app/portal/candidate/page.tsx,,r7_applications r7_candidates r7_documents r7_interviews r7_offers,r7_applications=RLS_ON_TENANT_SCOPED r7_candidates=RLS_ON_TENANT_SCOPED r7_documents=RLS_ON_TENANT_SCOPED r7_interviews=RLS_ON_TENANT_SCOPED r7_offers=RLS_ON_TENANT_SCOPED,profiles,r7_candidate_id_for_auth_user,,,yes,42,5,OK,
/portal/careers,conduit,public,Page,conduit/src/app/portal/careers/page.tsx,,r7_jobs,r7_jobs=RLS_ON_MIXED,,,,,yes,10,0,OK,
/portal/careers/:jobId,conduit,public,Page,conduit/src/app/portal/careers/[jobId]/page.tsx,,r7_jobs,r7_jobs=RLS_ON_MIXED,,,,,yes,12,0,OK,
/portal/careers/:jobId/apply,conduit,public,Page,conduit/src/app/portal/careers/[jobId]/apply/page.tsx,,r7_jobs r7_privacy_notice_versions,r7_jobs=RLS_ON_MIXED r7_privacy_notice_versions=RLS_ON_ROLE_OR_OTHER,,r7_submit_public_application,,,yes,17,0,OK,
/portal/careers/:jobId/apply/success,conduit,public,Page,conduit/src/app/portal/careers/[jobId]/apply/success/page.tsx,,,,,,,,n/a,6,0,NO_DATA_PATH,"static route: no table, rpc or edge function reachable in 6 files"
/portal/employer,conduit,authenticated,Page,conduit/src/app/portal/employer/page.tsx,,,,,,,,n/a,1,0,NO_DATA_PATH,"static route: no table, rpc or edge function reachable in 1 files"
/portal/talent-community/join,conduit,public,Page,conduit/src/app/portal/talent-community/join/page.tsx,,,,,r7_redeem_talent_pool_consent,,,n/a,9,0,OK,
/pricing,conduit,public,Page,conduit/src/app/pricing/page.tsx,,,,,,,,n/a,3,0,NO_DATA_PATH,"static route: no table, rpc or edge function reachable in 3 files"
/settings,conduit,authenticated,Page,conduit/src/app/(dashboard)/settings/page.tsx,useQuery useTenantId,email_integrations r7_pipeline_stages tenant_settings,email_integrations=RLS_ON_TENANT_SCOPED r7_pipeline_stages=RLS_ON_MIXED tenant_settings=RLS_ON_TENANT_SCOPED,email_templates profiles r7_communications r7_offers sta_inbound_emails user_tenants,,,email-dispatcher=true sms-dispatcher=true,yes,31,1,OK,
/settings/schema-builder,conduit,authenticated,Page,conduit/src/app/(dashboard)/settings/schema-builder/page.tsx,useTenantId,profiles,profiles=RLS_ON_OWNER_SCOPED,user_tenants,,,,n/a,14,0,OK,
/talent-pools,conduit,authenticated,Page,conduit/src/app/(dashboard)/talent-pools/page.tsx,useConfirmDialog useQueryClient useTalentPoolStore useTenantId,r7_candidate_pool_memberships r7_candidates r7_talent_pools,r7_candidate_pool_memberships=RLS_ON_MIXED r7_candidates=RLS_ON_TENANT_SCOPED r7_talent_pools=RLS_ON_MIXED,profiles user_tenants,,,,yes,32,1,OK,
/talent-pools/:id,conduit,authenticated,Page,conduit/src/app/(dashboard)/talent-pools/[id]/page.tsx,useQueryClient useTalentPoolStore useTenantId,r7_candidate_pool_memberships r7_candidates r7_talent_pools,r7_candidate_pool_memberships=RLS_ON_MIXED r7_candidates=RLS_ON_TENANT_SCOPED r7_talent_pools=RLS_ON_MIXED,profiles user_tenants,,,,yes,16,0,OK,
/,crm7,public,MarketingHome,crm7/src/components/marketing/MarketingHome.tsx,useAuth useBranding useOnClickOutside usePlatformLogo,audit_logs,audit_logs=RLS_ON_OWNER_SCOPED,profiles user_tenants,acting_scope_tenant_id,,,n/a,17,0,OK,
/activities,crm7,authenticated,Redirect,,,,,,,,,,0,0,REDIRECT,"route is a redirect, no data path of its own"
/activities/create,crm7,authenticated,ActivityCreate,crm7/src/pages/activities/create.tsx,,,,,,,,n/a,1,0,NO_DATA_PATH,"static route: no table, rpc or edge function reachable in 1 files"
/admin/award-updates,crm7,authenticated,AdminAwardUpdates,crm7/src/pages/admin/award-updates.tsx,useDateFormatPreference useMutation useQueryClient,user_preferences,user_preferences=RLS_ON_OWNER_SCOPED,aass_providers apprentice_competencies award_rates clients contacts custom_page_revisions custom_pages developer_impersonation_sessions employers field_officers funding_sources gto_complaints incidents mentors opportunities people placements profiles qualifications report_catalog_joins sites state_training_authorities super_admin_action_audit tenant_entity_records tenants training_contracts training_plans training_providers units_of_competency user_tenants,,fairwork-enhanced,fairwork-enhanced=true,n/a,56,3,OK,
/admin/change-of-year,crm7,authenticated,AdminChangeOfYear,crm7/src/pages/admin/change-of-year.tsx,useCoYApprenticeChangeStore useCoYBatchStore usePlatformRole useTenantId,apprentices charge_rate_schedules coy_apprentice_changes developer_impersonation_sessions profiles super_admin_action_audit tenants,apprentices=RLS_ON_TENANT_SCOPED charge_rate_schedules=RLS_ON_TENANT_SCOPED coy_apprentice_changes=RLS_ON_TENANT_SCOPED developer_impersonation_sessions=RLS_ON_TENANT_SCOPED profiles=RLS_ON_OWNER_SCOPED super_admin_action_audit=RLS_ON_TENANT_SCOPED tenants=RLS_ON_TENANT_SCOPED,aass_providers apprentice_competencies audit_logs award_rates clients contacts custom_page_revisions custom_pages employers field_officers funding_sources gto_complaints incidents mentors opportunities people placements qualifications report_catalog_joins sites state_training_authorities tenant_entity_records training_contracts training_plans training_providers units_of_competency user_preferences user_tenants,acting_scope_tenant_id log_tenant_switch,,,yes,78,11,OK,
/admin/data,crm7,authenticated,AdminDataConsole,crm7/src/pages/admin/data.tsx,useAuth useMutation usePermissions usePlatformRole usePortalContext useQuery useQueryClient useReactTable useTablePreferences,data_change_sets developer_impersonation_sessions interpretation_rules profiles report_catalog_entities report_catalog_fields report_configs super_admin_action_audit tenants user_preferences user_tenants,data_change_sets=RLS_ON_TENANT_SCOPED developer_impersonation_sessions=RLS_ON_TENANT_SCOPED interpretation_rules=RLS_ON_TENANT_SCOPED profiles=RLS_ON_OWNER_SCOPED report_catalog_entities=RLS_ON_TENANT_SCOPED report_catalog_fields=RLS_ON_TENANT_SCOPED report_configs=RLS_ON_TENANT_SCOPED super_admin_action_audit=RLS_ON_TENANT_SCOPED tenants=RLS_ON_TENANT_SCOPED user_preferences=RLS_ON_OWNER_SCOPED user_tenants=RLS_ON_TENANT_SCOPED,aass_providers apprentice_competencies audit_logs award_rates clients contacts custom_page_revisions custom_pages employers field_officers funding_sources gto_complaints incidents mentors opportunities people placements qualifications report_catalog_joins report_catalog_measures sites state_training_authorities tenant_entity_records training_contracts training_plans training_providers units_of_competency,acting_scope_tenant_id bulk_data_import bulk_data_undo bulk_data_update get_descendant_tenant_ids is_enterprise_admin log_tenant_switch report_run_catalog_query,,tenant-management=true,yes,82,4,OK,
/admin/observability,crm7,authenticated,AdminObservability,crm7/src/pages/admin/observability.tsx,useAuth usePlatformRole useQuery,data_access_grants data_change_sets developer_impersonation_sessions profiles profiles_privileged_audit super_admin_action_audit,data_access_grants=RLS_ON_TENANT_SCOPED data_change_sets=RLS_ON_TENANT_SCOPED developer_impersonation_sessions=RLS_ON_TENANT_SCOPED profiles=RLS_ON_OWNER_SCOPED profiles_privileged_audit=RLS_ON_ROLE_OR_OTHER super_admin_action_audit=RLS_ON_TENANT_SCOPED,aass_providers apprentice_competencies audit_logs award_rates clients contacts custom_page_revisions custom_pages employers field_officers funding_sources gto_complaints incidents mentors opportunities people placements qualifications report_catalog_joins sites state_training_authorities tenant_entity_records tenants training_contracts training_plans training_providers units_of_competency user_preferences user_tenants,log_tenant_switch,,,yes,80,3,OK,
/admin/reports/compliance,crm7,authenticated,AdminNsgtoStandard2Pack,crm7/src/pages/admin/reports/compliance.tsx,useDateFormatPreference useDocumentTitle usePermissions usePlatformRole useQuery useTenantId,apprentices developer_impersonation_sessions incidents profiles site_visits super_admin_action_audit support_contacts tenants training_plans user_preferences,apprentices=RLS_ON_TENANT_SCOPED developer_impersonation_sessions=RLS_ON_TENANT_SCOPED incidents=RLS_ON_TENANT_SCOPED profiles=RLS_ON_OWNER_SCOPED site_visits=RLS_ON_MIXED super_admin_action_audit=RLS_ON_TENANT_SCOPED support_contacts=RLS_ON_TENANT_SCOPED tenants=RLS_ON_TENANT_SCOPED training_plans=RLS_ON_MIXED user_preferences=RLS_ON_OWNER_SCOPED,aass_providers apprentice_competencies audit_logs award_rates clients contacts custom_page_revisions custom_pages employers field_officers funding_sources gto_complaints mentors opportunities people placements qualifications report_catalog_joins sites state_training_authorities tenant_entity_records training_contracts training_providers units_of_competency user_tenants,acting_scope_tenant_id log_tenant_switch,,tenant-management=true,yes,59,3,OK,
/admin/reports/fair-work-inspector,crm7,authenticated,FairWorkInspectorReport,crm7/src/pages/admin/reports/fair-work-inspector.tsx,useAuth usePermissions usePlatformRole usePortalContext,apprentices developer_impersonation_sessions org_members profiles super_admin_action_audit tenants user_tenants,apprentices=RLS_ON_TENANT_SCOPED developer_impersonation_sessions=RLS_ON_TENANT_SCOPED org_members=RLS_ON_TENANT_SCOPED profiles=RLS_ON_OWNER_SCOPED super_admin_action_audit=RLS_ON_TENANT_SCOPED tenants=RLS_ON_TENANT_SCOPED user_tenants=RLS_ON_TENANT_SCOPED,aass_providers apprentice_competencies audit_logs award_rates clients contacts custom_page_revisions custom_pages employers field_officers funding_sources gto_complaints incidents mentors opportunities people placements qualifications report_catalog_joins sites state_training_authorities tenant_entity_records training_contracts training_plans training_providers units_of_competency user_preferences,acting_scope_tenant_id log_tenant_switch set_current_tenant,,tenant-management=true,yes,55,3,OK,
/ai,crm7,authenticated,AIIndex,crm7/src/pages/ai/index.tsx,,,,aass_providers apprentice_competencies award_rates clients contacts custom_page_revisions custom_pages developer_impersonation_sessions employers field_officers funding_sources gto_complaints incidents mentors opportunities people placements profiles qualifications report_catalog_joins sites state_training_authorities super_admin_action_audit tenant_entity_records tenants training_contracts training_plans training_providers units_of_competency user_preferences user_tenants,,,,n/a,42,3,OK,
/ai-plugins,crm7,authenticated,AIPlugins,crm7/src/pages/ai-plugins/index.tsx,useCostTracker useDocumentTitle usePermissions usePlatformRole usePluginStore useTenantId,developer_impersonation_sessions profiles super_admin_action_audit tenants,developer_impersonation_sessions=RLS_ON_TENANT_SCOPED profiles=RLS_ON_OWNER_SCOPED super_admin_action_audit=RLS_ON_TENANT_SCOPED tenants=RLS_ON_TENANT_SCOPED,aass_providers apprentice_competencies audit_logs award_rates clients contacts custom_page_revisions custom_pages employers field_officers funding_sources gto_complaints incidents mentors opportunities people placements qualifications report_catalog_joins sites state_training_authorities tenant_entity_records training_contracts training_plans training_providers units_of_competency user_preferences user_tenants,acting_scope_tenant_id log_tenant_switch,xero-token-exchange,xero-token-exchange=true tenant-management=true,yes,63,3,OK,
/analytics,crm7,authenticated,Analytics,crm7/src/pages/analytics/gto/PlacementsDashboard.tsx,useApprenticesAnalytics usePlacementsAnalytics useQuery useTimesheetsAnalytics,people placements timesheets,people=RLS_ON_TENANT_SCOPED placements=RLS_ON_TENANT_SCOPED timesheets=RLS_ON_TENANT_SCOPED,aass_providers apprentice_competencies award_rates clients contacts custom_page_revisions custom_pages developer_impersonation_sessions employers field_officers funding_sources gto_complaints incidents mentors opportunities profiles qualifications report_catalog_joins sites state_training_authorities super_admin_action_audit tenant_entity_records tenants training_contracts training_plans training_providers units_of_competency user_preferences user_tenants,,,,yes,57,3,OK,
/analytics/completions,crm7,authenticated,GtoCompletionsAnalytics,crm7/src/pages/analytics/gto/TrainingHoursDashboard.tsx,useApprenticesAnalytics usePlacementsAnalytics useQuery useTimesheetsAnalytics,people placements timesheets,people=RLS_ON_TENANT_SCOPED placements=RLS_ON_TENANT_SCOPED timesheets=RLS_ON_TENANT_SCOPED,aass_providers apprentice_competencies award_rates clients contacts custom_page_revisions custom_pages developer_impersonation_sessions employers field_officers funding_sources gto_complaints incidents mentors opportunities profiles qualifications report_catalog_joins sites state_training_authorities super_admin_action_audit tenant_entity_records tenants training_contracts training_plans training_providers units_of_competency user_preferences user_tenants,,,,yes,57,3,OK,
/analytics/placements,crm7,authenticated,GtoPlacementsAnalytics,crm7/src/pages/analytics/gto/CompletionsDashboard.tsx,useApprenticesAnalytics usePlacementsAnalytics useQuery useTimesheetsAnalytics,people placements timesheets,people=RLS_ON_TENANT_SCOPED placements=RLS_ON_TENANT_SCOPED timesheets=RLS_ON_TENANT_SCOPED,aass_providers apprentice_competencies award_rates clients contacts custom_page_revisions custom_pages developer_impersonation_sessions employers field_officers funding_sources gto_complaints incidents mentors opportunities profiles qualifications report_catalog_joins sites state_training_authorities super_admin_action_audit tenant_entity_records tenants training_contracts training_plans training_providers units_of_competency user_preferences user_tenants,,,,yes,57,3,OK,
/analytics/training-hours,crm7,authenticated,GtoTrainingHoursAnalytics,crm7/src/pages/reports/index.tsx,useDebounce useMutation useQuery useQueryClient useReportRun useReportTemplate useReportTemplatesList useReportViewPreferences useSaveReportViewPreferences,report_deliveries report_templates saved_views,report_deliveries=RLS_ON_TENANT_SCOPED report_templates=RLS_ON_TENANT_SCOPED saved_views=RLS_ON_TENANT_SCOPED,aass_providers apprentice_competencies award_rates clients contacts custom_page_revisions custom_pages developer_impersonation_sessions employers entity_relationships field_officers funding_sources gto_complaints incidents mentors opportunities people placements profiles qualifications report_catalog_entities report_catalog_fields report_catalog_joins report_catalog_measures sites state_training_authorities super_admin_action_audit tenant_entity_records tenant_field_definitions tenants training_contracts training_plans training_providers units_of_competency user_preferences user_tenants,acting_scope_tenant_id report_run_catalog_kpi report_run_catalog_query,report-delivery,report-delivery=true,yes,86,12,OK,
/apprentices,crm7,authenticated,ApprenticesList,crm7/src/pages/apprentices/index.tsx,usePeopleStore useReactTable useTablePreferences,people tenants user_preferences,people=RLS_ON_TENANT_SCOPED tenants=RLS_ON_TENANT_SCOPED user_preferences=RLS_ON_OWNER_SCOPED,aass_providers apprentice_competencies audit_logs award_rates clients contacts custom_page_revisions custom_pages developer_impersonation_sessions employers field_officers funding_sources gto_complaints incidents mentors opportunities placements profiles qualifications report_catalog_joins sites state_training_authorities super_admin_action_audit tenant_entity_records training_contracts training_plans training_providers units_of_competency user_tenants,,,,yes,80,11,OK,
/apprentices/:id,crm7,authenticated,ApprenticeDetail,crm7/src/pages/apprentices/[id]/index.tsx,useDocumentCategoryPolicies useDownloadDocument useEntityDocuments useQuery useUploadDocument useVerificationHistory useVerifyDocument,audit_events document_access_log document_categories document_metadata document_verification_events people tenants,audit_events=RLS_ON_TENANT_SCOPED document_access_log=RLS_ON_TENANT_SCOPED document_categories=RLS_ON_TENANT_SCOPED document_metadata=RLS_ON_TENANT_SCOPED document_verification_events=RLS_ON_TENANT_SCOPED people=RLS_ON_TENANT_SCOPED tenants=RLS_ON_TENANT_SCOPED,aass_providers apprentice_competencies award_rates clients contacts custom_page_revisions custom_pages developer_impersonation_sessions employers field_officers funding_sources gto_complaints incidents mentors opportunities placements profiles qualifications report_catalog_joins sites state_training_authorities super_admin_action_audit tenant_entity_records training_contracts training_plans training_providers units_of_competency user_preferences user_tenants,get_documents_eligible_for_destruction,document-encryption,document-encryption=true,yes,89,6,OK,
/apprentices/:id/aass-registrations,crm7,authenticated,Phase3ApprenticeAassRegistrations,crm7/src/pages/apprentices/[id]/aass-registrations.tsx,useFormField useMutation usePlatformRole useQueryClient useTenantId,aass_registrations developer_impersonation_sessions profiles super_admin_action_audit tenants,aass_registrations=RLS_ON_TENANT_SCOPED developer_impersonation_sessions=RLS_ON_TENANT_SCOPED profiles=RLS_ON_OWNER_SCOPED super_admin_action_audit=RLS_ON_TENANT_SCOPED tenants=RLS_ON_TENANT_SCOPED,aass_providers apprentice_competencies audit_logs award_rates clients contacts custom_page_revisions custom_pages employers field_officers funding_sources gto_complaints incidents mentors opportunities people placements qualifications report_catalog_joins sites state_training_authorities tenant_entity_records training_contracts training_plans training_providers units_of_competency user_preferences user_tenants,acting_scope_tenant_id log_tenant_switch,,,yes,58,3,OK,
/apprentices/:id/documents,crm7,authenticated,PersonDocumentsPage,crm7/src/pages/people/[id]/documents.tsx,useDocumentCategoryPolicies useDownloadDocument useEntityDocuments useQuery useUploadDocument useVerificationHistory useVerifyDocument,document_access_log document_categories document_metadata document_verification_events people,document_access_log=RLS_ON_TENANT_SCOPED document_categories=RLS_ON_TENANT_SCOPED document_metadata=RLS_ON_TENANT_SCOPED document_verification_events=RLS_ON_TENANT_SCOPED people=RLS_ON_TENANT_SCOPED,profiles user_preferences user_tenants,get_documents_eligible_for_destruction,document-encryption,document-encryption=true,yes,32,3,OK,
/apprentices/:id/edit,crm7,authenticated,ApprenticeEdit,crm7/src/pages/apprentices/[id]/edit.tsx,useDateFormatPreference useQuery,people tenants user_preferences,people=RLS_ON_TENANT_SCOPED tenants=RLS_ON_TENANT_SCOPED user_preferences=RLS_ON_OWNER_SCOPED,,,,,yes,30,0,OK,
/apprentices/:id/placements,crm7,authenticated,ApprenticePlacementsPage,crm7/src/pages/apprentices/[id]/placements.tsx,useApprenticePlacement useApprenticePlacements useApprenticePlacementsForApprentice useCreateApprenticePlacement useEndCurrentPlacementAndCreateNext useMutation useQuery useQueryClient useTransitionApprenticePlacement useUpdateApprenticePlacement,apprentice_placements,apprentice_placements=RLS_ON_TENANT_SCOPED,aass_providers apprentice_competencies award_rates clients contacts custom_page_revisions custom_pages developer_impersonation_sessions employers field_officers funding_sources gto_complaints incidents mentors opportunities people placements profiles qualifications report_catalog_joins sites state_training_authorities super_admin_action_audit tenant_entity_records tenants training_contracts training_plans training_providers units_of_competency user_preferences user_tenants,apprentice_placement_transfer,,,n/a,53,4,OK,
/apprentices/completion,crm7,authenticated,Redirect,,,,,,,,,,0,0,REDIRECT,"route is a redirect, no data path of its own"
/apprentices/create,crm7,authenticated,Redirect,,,,,,,,,,0,0,REDIRECT,"route is a redirect, no data path of its own"
/apprentices/from-candidate,crm7,authenticated,ApprenticeFromCandidate,crm7/src/pages/apprentices/from-candidate.tsx,useMutation usePlatformRole useTenantId,aass_providers apprentice_handoff_tokens developer_impersonation_sessions email_integrations email_messages email_templates profiles qualifications super_admin_action_audit tenants training_providers,aass_providers=RLS_ON_TENANT_SCOPED apprentice_handoff_tokens=RLS_ON_TENANT_SCOPED developer_impersonation_sessions=RLS_ON_TENANT_SCOPED email_integrations=RLS_ON_TENANT_SCOPED email_messages=RLS_ON_TENANT_SCOPED email_templates=RLS_ON_TENANT_SCOPED profiles=RLS_ON_OWNER_SCOPED qualifications=RLS_ON_TENANT_SCOPED super_admin_action_audit=RLS_ON_TENANT_SCOPED tenants=RLS_ON_TENANT_SCOPED training_providers=RLS_ON_TENANT_SCOPED,apprentice_competencies audit_logs award_rates clients contacts custom_page_revisions custom_pages employers field_officers funding_sources gto_complaints incidents mentors opportunities people placements report_catalog_joins sites state_training_authorities tenant_entity_records training_contracts training_plans training_provider_qualifications units_of_competency user_preferences user_tenants,acting_scope_tenant_id create_apprentice_from_candidate email_integration_get_decrypted_token email_integration_store_credential import_qualification_from_catalog log_tenant_switch portal_invite_accept portal_invite_mint,email-dispatcher email-inbox-sync handover-to-employment oauth-google-email oauth-microsoft-email,email-dispatcher=true email-inbox-sync=true handover-to-employment=true oauth-google-email=true oauth-microsoft-email=true tga-search=true,yes,102,13,OK,
/apprentices/progress,crm7,authenticated,Redirect,,,,,,,,,,0,0,REDIRECT,"route is a redirect, no data path of its own"
/apprentices/records,crm7,authenticated,Redirect,,,,,,,,,,0,0,REDIRECT,"route is a redirect, no data path of its own"
/apprentices/recruitment,crm7,authenticated,Redirect,,,,,,,,,,0,0,REDIRECT,"route is a redirect, no data path of its own"
/apprentices/recruitment/onboarding,crm7,authenticated,Redirect,,,,,,,,,,0,0,REDIRECT,"route is a redirect, no data path of its own"
/apprentices/recruitment/selections,crm7,authenticated,Redirect,,,,,,,,,,0,0,REDIRECT,"route is a redirect, no data path of its own"
/apprentices/training,crm7,authenticated,Redirect,,,,,,,,,,0,0,REDIRECT,"route is a redirect, no data path of its own"
/apprentices/training/create,crm7,authenticated,Redirect,,,,,,,,,,0,0,REDIRECT,"route is a redirect, no data path of its own"
/auth/accept-invite,crm7,public,AcceptInvite,crm7/src/pages/auth/accept-invite.tsx,useAuth useSearch,audit_logs user_tenants,audit_logs=RLS_ON_OWNER_SCOPED user_tenants=RLS_ON_TENANT_SCOPED,profiles,acting_scope_tenant_id,tenant-management,tenant-management=true,yes,19,0,OK,
/auth/callback,crm7,public,AuthCallback,crm7/src/pages/auth/callback.tsx,,,,,,,,n/a,12,0,NO_DATA_PATH,"static route: no table, rpc or edge function reachable in 12 files"
/auth/confirm,crm7,public,AuthConfirm,crm7/src/pages/auth/confirm.tsx,,,,,,,,n/a,10,0,NO_DATA_PATH,"static route: no table, rpc or edge function reachable in 10 files"
/auth/forgot-password,crm7,public,RedirectTo,crm7/src/App.tsx,,,,,,,,,0,0,REDIRECT,"route is a redirect, no data path of its own"
/auth/login,crm7,public,AuthLogin,crm7/src/pages/auth/login.tsx,,,,,,,,n/a,5,0,NO_DATA_PATH,"static route: no table, rpc or edge function reachable in 5 files"
/auth/logout-sync,crm7,public,LogoutSync,crm7/src/pages/auth/logout-sync.tsx,,,,profiles user_tenants,acting_scope_tenant_id,,,n/a,9,0,OK,
/auth/reset-password,crm7,public,ResetPasswordCallback,crm7/src/pages/auth/reset-password.tsx,useAuth useFormField,audit_logs,audit_logs=RLS_ON_OWNER_SCOPED,profiles user_tenants,acting_scope_tenant_id,,,n/a,22,0,OK,
/auth/xero/callback,crm7,public,XeroCallback,crm7/src/pages/auth/XeroCallback.tsx,,,,,,xero-token-exchange,xero-token-exchange=true,n/a,11,0,OK,
/awards,crm7,authenticated,Awards,crm7/src/pages/awards/index.tsx,useDocumentTitle useFairWorkAwardStore usePermissions useReactTable useTablePreferences,batch_charge_rate_quotes charge_rate_quotes compliance_alerts people tenants user_preferences,batch_charge_rate_quotes=RLS_ON_TENANT_SCOPED charge_rate_quotes=RLS_ON_TENANT_SCOPED compliance_alerts=RLS_ON_TENANT_SCOPED people=RLS_ON_TENANT_SCOPED tenants=RLS_ON_TENANT_SCOPED user_preferences=RLS_ON_OWNER_SCOPED,aass_providers apprentice_competencies audit_logs award_rates charge_rate_snapshots clients contacts custom_page_revisions custom_pages developer_impersonation_sessions employers field_officers funding_sources govt_integration_logs gto_complaints incidents mentors opportunities placements profiles qualifications report_catalog_joins sites state_training_authorities super_admin_action_audit tenant_entity_records training_contracts training_plans training_providers units_of_competency user_tenants wage_calculation_snapshots,,,tenant-management=true,yes,177,12,OK,
/awards/:id,crm7,authenticated,AwardDetail,crm7/src/pages/awards/[id]/index.tsx,,,,aass_providers apprentice_competencies award_rates clients contacts custom_page_revisions custom_pages developer_impersonation_sessions employers field_officers funding_sources gto_complaints incidents mentors opportunities people placements profiles qualifications report_catalog_joins sites state_training_authorities super_admin_action_audit tenant_entity_records tenants training_contracts training_plans training_providers units_of_competency user_preferences user_tenants,,,,n/a,43,3,OK,
/awards/:id/edit,crm7,authenticated,AwardEdit,crm7/src/pages/awards/[id]/edit.tsx,useDateFormatPreference useFormField,awards user_preferences,awards=RLS_ON_ROLE_OR_OTHER user_preferences=RLS_ON_OWNER_SCOPED,aass_providers apprentice_competencies award_rates clients contacts custom_page_revisions custom_pages developer_impersonation_sessions employers field_officers funding_sources gto_complaints incidents mentors opportunities people placements profiles qualifications report_catalog_joins sites state_training_authorities super_admin_action_audit tenant_entity_records tenants training_contracts training_plans training_providers units_of_competency user_tenants,,,,n/a,54,3,OK,
/awards/create,crm7,authenticated,AwardCreate,crm7/src/pages/awards/create.tsx,useFormField useMutation,awards error_log,awards=RLS_ON_ROLE_OR_OTHER error_log=RLS_ON_OWNER_SCOPED,aass_providers apprentice_competencies award_rates clients contacts custom_page_revisions custom_pages developer_impersonation_sessions employers field_officers funding_sources gto_complaints incidents mentors opportunities people placements profiles qualifications report_catalog_joins sites state_training_authorities super_admin_action_audit tenant_entity_records tenants training_contracts training_plans training_providers units_of_competency user_preferences user_tenants,,,,n/a,52,3,OK,
/billing,crm7,authenticated,Redirect,,,,,,,,,,0,0,REDIRECT,"route is a redirect, no data path of its own"
/billing/generate,crm7,authenticated,Redirect,,,,,,,,,,0,0,REDIRECT,"route is a redirect, no data path of its own"
/calendar,crm7,authenticated,Calendar,crm7/src/pages/documents/index.tsx,useDocumentTitle usePermissions usePlatformRole useSearch useTenantId,developer_impersonation_sessions document_records profiles super_admin_action_audit tenants,developer_impersonation_sessions=RLS_ON_TENANT_SCOPED document_records=RLS_ON_TENANT_SCOPED profiles=RLS_ON_OWNER_SCOPED super_admin_action_audit=RLS_ON_TENANT_SCOPED tenants=RLS_ON_TENANT_SCOPED,aass_providers apprentice_competencies audit_logs award_rates clients contacts custom_page_revisions custom_pages employers field_officers funding_sources gto_complaints incidents mentors opportunities people placements qualifications report_catalog_joins sites state_training_authorities tenant_entity_records training_contracts training_plans training_providers units_of_competency user_preferences user_tenants,acting_scope_tenant_id log_tenant_switch,,tenant-management=true,yes,58,3,OK,
/charge-rates,crm7,authenticated,ChargeRates,crm7/src/pages/charge-rates/index.tsx,useDocumentTitle usePermissions useReactTable useTablePreferences,charge_rate_quotes user_preferences,charge_rate_quotes=RLS_ON_TENANT_SCOPED user_preferences=RLS_ON_OWNER_SCOPED,aass_providers apprentice_competencies audit_logs award_rates clients contacts custom_page_revisions custom_pages developer_impersonation_sessions employers field_officers funding_sources gto_complaints incidents mentors opportunities people placements profiles qualifications report_catalog_joins sites state_training_authorities super_admin_action_audit tenant_entity_records tenants training_contracts training_plans training_providers units_of_competency user_tenants,,,tenant-management=true,yes,65,3,OK,
/charge-rates/:id,crm7,authenticated,ChargeRateDetail,crm7/src/pages/charge-rates/[id]/index.tsx,useAuth useDocumentTitle useHostContactNarrowing useMutation usePermissions useQuery useQueryClient,boot_assessments charge_rate_audit_log charge_rate_quotes clients contacts document_templates employers invoice_line_items invoices placements timesheets wage_calculation_snapshots,boot_assessments=RLS_ON_TENANT_SCOPED charge_rate_audit_log=RLS_ON_TENANT_SCOPED charge_rate_quotes=RLS_ON_TENANT_SCOPED clients=RLS_ON_TENANT_SCOPED contacts=RLS_ON_TENANT_SCOPED document_templates=RLS_ON_TENANT_SCOPED employers=RLS_ON_TENANT_SCOPED invoice_line_items=RLS_ON_TENANT_SCOPED invoices=RLS_ON_TENANT_SCOPED placements=RLS_ON_TENANT_SCOPED timesheets=RLS_ON_TENANT_SCOPED wage_calculation_snapshots=RLS_ON_TENANT_SCOPED,aass_providers apprentice_competencies audit_logs award_rates custom_page_revisions custom_pages developer_impersonation_sessions field_officers funding_sources gto_complaints incidents mentors opportunities people profiles qualifications report_catalog_joins sites state_training_authorities super_admin_action_audit tenant_entity_records tenants training_contracts training_plans training_providers units_of_competency user_preferences user_tenants,acting_scope_tenant_id get_charge_rate_quote_signing_context record_payment_atomic redeem_charge_rate_quote_signature,charge-rate-quote-dispatch crm7-generate-document,charge-rate-quote-dispatch=true crm7-generate-document=true tenant-management=true,yes,105,4,OK,
/charge-rates/create,crm7,authenticated,ChargeRateCreate,crm7/src/pages/charge-rates/create/index.tsx,useChargeCalcResolvers useEnterpriseCostOnlyMode useFormField useMutation usePlatformRole useQueryClient useTenantId useTenantSettings,batch_charge_rate_quotes charge_rate_quotes charge_rate_snapshots developer_impersonation_sessions employers enterprise_agreements people placements profiles super_admin_action_audit tenant_settings tenants wage_calculation_snapshots,batch_charge_rate_quotes=RLS_ON_TENANT_SCOPED charge_rate_quotes=RLS_ON_TENANT_SCOPED charge_rate_snapshots=RLS_ON_TENANT_SCOPED developer_impersonation_sessions=RLS_ON_TENANT_SCOPED employers=RLS_ON_TENANT_SCOPED enterprise_agreements=RLS_ON_TENANT_SCOPED people=RLS_ON_TENANT_SCOPED placements=RLS_ON_TENANT_SCOPED profiles=RLS_ON_OWNER_SCOPED super_admin_action_audit=RLS_ON_TENANT_SCOPED tenant_settings=RLS_ON_TENANT_SCOPED tenants=RLS_ON_TENANT_SCOPED wage_calculation_snapshots=RLS_ON_TENANT_SCOPED,aass_providers apprentice_competencies audit_logs award_rates clients contacts custom_page_revisions custom_pages field_officers funding_sources gto_complaints incidents mentors opportunities qualifications report_catalog_joins sites state_training_authorities tenant_entity_records training_contracts training_plans training_providers units_of_competency user_preferences user_tenants,acting_scope_tenant_id apply_charge_rate_quote_to_placement log_tenant_switch,fairwork-enhanced,fairwork-enhanced=true,yes,116,12,OK,
/charge-rates/from-r8,crm7,authenticated,ChargeRateFromR8,crm7/src/pages/charge-rates/from-r8/index.tsx,useAwardTradeOptions useDocumentTitle usePermissions useQuery useTenantId,award_trades charge_rate_quotes tenants,award_trades=RLS_ON_TENANT_SCOPED charge_rate_quotes=RLS_ON_TENANT_SCOPED tenants=RLS_ON_TENANT_SCOPED,aass_providers apprentice_competencies audit_logs award_rates clients contacts custom_page_revisions custom_pages developer_impersonation_sessions employers field_officers funding_sources gto_complaints incidents mentors opportunities people placements profiles qualifications report_catalog_joins sites state_training_authorities super_admin_action_audit tenant_entity_records training_contracts training_plans training_providers units_of_competency user_preferences user_tenants,redeem_quote_handoff_token,,tenant-management=true,yes,59,3,OK,
/charge-rates/import-r8,crm7,authenticated,ChargeRateImportR8,crm7/src/pages/charge-rates/import-r8/index.tsx,useAwardTradeOptions useDocumentTitle usePermissions useTenantId,award_trades charge_rate_quotes tenants,award_trades=RLS_ON_TENANT_SCOPED charge_rate_quotes=RLS_ON_TENANT_SCOPED tenants=RLS_ON_TENANT_SCOPED,aass_providers apprentice_competencies audit_logs award_rates clients contacts custom_page_revisions custom_pages developer_impersonation_sessions employers field_officers funding_sources gto_complaints incidents mentors opportunities people placements profiles qualifications report_catalog_joins sites state_training_authorities super_admin_action_audit tenant_entity_records training_contracts training_plans training_providers units_of_competency user_preferences user_tenants,,,tenant-management=true,yes,63,3,OK,
/claims,crm7,authenticated,Claims,crm7/src/pages/claims/index.tsx,useDocumentTitle useFundingClaimStore useFundingSourceStore usePermissions,apprentices,apprentices=RLS_ON_TENANT_SCOPED,audit_logs developer_impersonation_sessions employers funding_claims govt_integration_logs people profiles report_catalog_joins super_admin_action_audit tenants user_preferences user_tenants,,,tenant-management=true,yes,78,11,OK,
/claims/:id,crm7,authenticated,ClaimDetail,crm7/src/pages/claims/[id].tsx,useFundingClaimStore useHasCustomFields usePlatformRole useRoute useTenantId,apprentices developer_impersonation_sessions document_records employers entity_relationships funding_claims govt_integration_logs people profiles super_admin_action_audit tenant_field_definitions tenants,apprentices=RLS_ON_TENANT_SCOPED developer_impersonation_sessions=RLS_ON_TENANT_SCOPED document_records=RLS_ON_TENANT_SCOPED employers=RLS_ON_TENANT_SCOPED entity_relationships=RLS_ON_TENANT_SCOPED funding_claims=RLS_ON_TENANT_SCOPED govt_integration_logs=RLS_ON_TENANT_SCOPED people=RLS_ON_TENANT_SCOPED profiles=RLS_ON_OWNER_SCOPED super_admin_action_audit=RLS_ON_TENANT_SCOPED tenant_field_definitions=RLS_ON_TENANT_SCOPED tenants=RLS_ON_TENANT_SCOPED,aass_providers apprentice_competencies audit_logs award_rates clients contacts custom_page_revisions custom_pages field_officers funding_sources gto_complaints incidents mentors opportunities placements qualifications report_catalog_joins sites state_training_authorities tenant_entity_records training_contracts training_plans training_providers units_of_competency user_preferences user_tenants,acting_scope_tenant_id log_tenant_switch,,,yes,88,18,OK,
/claims/calendar,crm7,authenticated,ClaimsCalendar,crm7/src/pages/claims/calendar.tsx,,,,aass_providers apprentice_competencies award_rates clients contacts custom_page_revisions custom_pages developer_impersonation_sessions employers field_officers funding_sources gto_complaints incidents mentors opportunities people placements profiles qualifications report_catalog_joins sites state_training_authorities super_admin_action_audit tenant_entity_records tenants training_contracts training_plans training_providers units_of_competency user_preferences user_tenants,,,,n/a,41,3,OK,
/claims/dashboard,crm7,authenticated,ClaimsDashboard,crm7/src/pages/claims/dashboard.tsx,useFundingClaimStore,govt_integration_logs,govt_integration_logs=RLS_ON_TENANT_SCOPED,aass_providers apprentice_competencies award_rates clients contacts custom_page_revisions custom_pages developer_impersonation_sessions employers field_officers funding_sources gto_complaints incidents mentors opportunities people placements profiles qualifications report_catalog_joins sites state_training_authorities super_admin_action_audit tenant_entity_records tenants training_contracts training_plans training_providers units_of_competency user_preferences user_tenants,,,,yes,64,11,OK,
/claims/list,crm7,authenticated,ClaimsList,crm7/src/pages/claims/list.tsx,useFundingClaimStore useFundingSourceStore,apprentices employers funding_claims govt_integration_logs people tenants,apprentices=RLS_ON_TENANT_SCOPED employers=RLS_ON_TENANT_SCOPED funding_claims=RLS_ON_TENANT_SCOPED govt_integration_logs=RLS_ON_TENANT_SCOPED people=RLS_ON_TENANT_SCOPED tenants=RLS_ON_TENANT_SCOPED,aass_providers apprentice_competencies award_rates clients contacts custom_page_revisions custom_pages developer_impersonation_sessions field_officers funding_sources gto_complaints incidents mentors opportunities placements profiles qualifications report_catalog_joins sites state_training_authorities super_admin_action_audit tenant_entity_records training_contracts training_plans training_providers units_of_competency user_preferences user_tenants,,,,yes,79,14,OK,
/claims/new,crm7,authenticated,ClaimNew,crm7/src/pages/claims/new.tsx,useDateFormatPreference useFormField useFundingClaimStore useHasCustomFields usePlatformRole useTenantId,apprentices developer_impersonation_sessions engagement_funding_sources engagements entity_relationships govt_integration_logs people profiles super_admin_action_audit tenant_field_definitions tenants user_preferences,apprentices=RLS_ON_TENANT_SCOPED developer_impersonation_sessions=RLS_ON_TENANT_SCOPED engagement_funding_sources=RLS_ON_TENANT_SCOPED engagements=RLS_ON_TENANT_SCOPED entity_relationships=RLS_ON_TENANT_SCOPED govt_integration_logs=RLS_ON_TENANT_SCOPED people=RLS_ON_TENANT_SCOPED profiles=RLS_ON_OWNER_SCOPED super_admin_action_audit=RLS_ON_TENANT_SCOPED tenant_field_definitions=RLS_ON_TENANT_SCOPED tenants=RLS_ON_TENANT_SCOPED user_preferences=RLS_ON_OWNER_SCOPED,aass_providers apprentice_competencies audit_logs award_rates clients contacts custom_page_revisions custom_pages employers field_officers funding_sources gto_complaints incidents mentors opportunities placements qualifications report_catalog_joins sites state_training_authorities tenant_entity_records training_contracts training_plans training_providers units_of_competency user_tenants,acting_scope_tenant_id log_tenant_switch,,,yes,87,18,OK,
/clients,crm7,authenticated,ClientsPage,crm7/src/App.tsx,useAccessibilityInit useApprenticeOptions useApprenticePlacementsForApprentice useApprenticeStore useApprenticesAnalytics useAuth useBootAssessmentStore useBranding useCaseNoteStore useChargeCalcResolvers useChromelessState useClientStore useCoYApprenticeChangeStore useCoYBatchStore useCommunicationStore useCommunicationTemplateStore useCompetencyAssessmentStore useComplianceStore useContactStore useContacts useDashboard useDashboardCrossFilterStore useDashboardsList useDebounce,aass_registrations apprentice_competencies apprentice_handoff_tokens apprentices audit_events audit_logs avetmiss_exports awards boot_assessments charge_rate_audit_log charge_rate_quotes charge_rate_schedules charge_rate_snapshots clients communications competency_assessments compliance_alerts contacts coy_apprentice_changes document_metadata document_records employers financial_viability_snapshots gto_access_equity_adjustments gto_compliance_evidence guardian_consents incidents induction_records invoice_line_items invoices leave_requests lln_assessments mentor_assignments org_members pay_runs payroll_identifier_kinds people performance_reviews placements profiles progress_review_templates qualification_units qualifications r7_candidates rate_schedules reminders report_deliveries report_schedules report_templates signature_requests site_visits skill_records super_admin_action_audit support_contacts tenant_payroll_identifiers tenant_switch_audit tenants timesheets training_contracts training_plan_reviews training_plans training_provider_organisations training_provider_qualifications training_providers units_of_competency user_tenants whs_audits xero_connections,aass_registrations=RLS_ON_TENANT_SCOPED apprentice_competencies=RLS_ON_TENANT_SCOPED apprentice_handoff_tokens=RLS_ON_TENANT_SCOPED apprentices=RLS_ON_TENANT_SCOPED audit_events=RLS_ON_TENANT_SCOPED audit_logs=RLS_ON_OWNER_SCOPED avetmiss_exports=RLS_ON_TENANT_SCOPED awards=RLS_ON_ROLE_OR_OTHER boot_assessments=RLS_ON_TENANT_SCOPED charge_rate_audit_log=RLS_ON_TENANT_SCOPED charge_rate_quotes=RLS_ON_TENANT_SCOPED charge_rate_schedules=RLS_ON_TENANT_SCOPED charge_rate_snapshots=RLS_ON_TENANT_SCOPED clients=RLS_ON_TENANT_SCOPED communications=RLS_ON_TENANT_SCOPED competency_assessments=RLS_ON_TENANT_SCOPED compliance_alerts=RLS_ON_TENANT_SCOPED contacts=RLS_ON_TENANT_SCOPED coy_apprentice_changes=RLS_ON_TENANT_SCOPED document_metadata=RLS_ON_TENANT_SCOPED document_records=RLS_ON_TENANT_SCOPED employers=RLS_ON_TENANT_SCOPED financial_viability_snapshots=RLS_ON_ROLE_OR_OTHER gto_access_equity_adjustments=RLS_ON_MIXED gto_compliance_evidence=RLS_ON_MIXED guardian_consents=RLS_ON_TENANT_SCOPED incidents=RLS_ON_TENANT_SCOPED induction_records=RLS_ON_TENANT_SCOPED invoice_line_items=RLS_ON_TENANT_SCOPED invoices=RLS_ON_TENANT_SCOPED leave_requests=RLS_ON_TENANT_SCOPED lln_assessments=RLS_ON_TENANT_SCOPED mentor_assignments=RLS_ON_TENANT_SCOPED org_members=RLS_ON_TENANT_SCOPED pay_runs=RLS_ON_MIXED payroll_identifier_kinds=RLS_ON_PERMISSIVE people=RLS_ON_TENANT_SCOPED performance_reviews=RLS_ON_TENANT_SCOPED placements=RLS_ON_TENANT_SCOPED profiles=RLS_ON_OWNER_SCOPED progress_review_templates=RLS_ON_TENANT_SCOPED qualification_units=RLS_ON_PERMISSIVE qualifications=RLS_ON_TENANT_SCOPED r7_candidates=RLS_ON_TENANT_SCOPED rate_schedules=RLS_ON_TENANT_SCOPED reminders=RLS_ON_TENANT_SCOPED report_deliveries=RLS_ON_TENANT_SCOPED report_schedules=RLS_ON_TENANT_SCOPED report_templates=RLS_ON_TENANT_SCOPED signature_requests=RLS_ON_TENANT_SCOPED site_visits=RLS_ON_MIXED skill_records=RLS_ON_TENANT_SCOPED super_admin_action_audit=RLS_ON_TENANT_SCOPED support_contacts=RLS_ON_TENANT_SCOPED tenant_payroll_identifiers=RLS_ON_TENANT_SCOPED tenant_switch_audit=RLS_ON_TENANT_SCOPED tenants=RLS_ON_TENANT_SCOPED timesheets=RLS_ON_TENANT_SCOPED training_contracts=RLS_ON_TENANT_SCOPED training_plan_reviews=RLS_ON_TENANT_SCOPED training_plans=RLS_ON_MIXED training_provider_organisations=RLS_ON_TENANT_SCOPED training_provider_qualifications=RLS_ON_PERMISSIVE training_providers=RLS_ON_TENANT_SCOPED units_of_competency=RLS_ON_TENANT_SCOPED user_tenants=RLS_ON_TENANT_SCOPED whs_audits=RLS_ON_TENANT_SCOPED xero_connections=RLS_ON_TENANT_SCOPED,,create_apprentice_from_candidate create_person_with_contact is_enterprise_admin link_training_provider_to_organisation log_tenant_switch onboarding_requirements_preview payroll_remittance_readiness platform_admin_act_as platform_admin_stop_acting redeem_quote_handoff_token set_demo_persist_flag update_person_with_contact,avetmiss-export charge-rate-quote-dispatch fairwork-enhanced handover-to-employment host-agreement-dispatch invoice-send-direct report-delivery tasks-sync xero-invoice-submit,avetmiss-export=true charge-rate-quote-dispatch=true fairwork-enhanced=true handover-to-employment=true host-agreement-dispatch=true invoice-send-direct=true report-delivery=true tasks-sync=true xero-invoice-submit=true,PARTIAL,260,11,REVIEW_TENANT_PARTIAL,
/clients/:id,crm7,authenticated,ClientDetailPage,crm7/src/App.tsx,useAccessibilityInit useApprenticeOptions useApprenticePlacementsForApprentice useApprenticeStore useApprenticesAnalytics useAuth useBootAssessmentStore useBranding useCaseNoteStore useChargeCalcResolvers useChromelessState useClientStore useCoYApprenticeChangeStore useCoYBatchStore useCommunicationStore useCommunicationTemplateStore useCompetencyAssessmentStore useComplianceStore useContactStore useContacts useDashboard useDashboardCrossFilterStore useDashboardsList useDebounce,aass_registrations apprentice_competencies apprentice_handoff_tokens apprentices audit_events audit_logs avetmiss_exports awards boot_assessments charge_rate_audit_log charge_rate_quotes charge_rate_schedules charge_rate_snapshots clients communications competency_assessments compliance_alerts contacts coy_apprentice_changes document_metadata document_records employers financial_viability_snapshots gto_access_equity_adjustments gto_compliance_evidence guardian_consents incidents induction_records invoice_line_items invoices leave_requests lln_assessments mentor_assignments org_members pay_runs payroll_identifier_kinds people performance_reviews placements profiles progress_review_templates qualification_units qualifications r7_candidates rate_schedules reminders report_deliveries report_schedules report_templates signature_requests site_visits skill_records super_admin_action_audit support_contacts tenant_payroll_identifiers tenant_switch_audit tenants timesheets training_contracts training_plan_reviews training_plans training_provider_organisations training_provider_qualifications training_providers units_of_competency user_tenants whs_audits xero_connections,aass_registrations=RLS_ON_TENANT_SCOPED apprentice_competencies=RLS_ON_TENANT_SCOPED apprentice_handoff_tokens=RLS_ON_TENANT_SCOPED apprentices=RLS_ON_TENANT_SCOPED audit_events=RLS_ON_TENANT_SCOPED audit_logs=RLS_ON_OWNER_SCOPED avetmiss_exports=RLS_ON_TENANT_SCOPED awards=RLS_ON_ROLE_OR_OTHER boot_assessments=RLS_ON_TENANT_SCOPED charge_rate_audit_log=RLS_ON_TENANT_SCOPED charge_rate_quotes=RLS_ON_TENANT_SCOPED charge_rate_schedules=RLS_ON_TENANT_SCOPED charge_rate_snapshots=RLS_ON_TENANT_SCOPED clients=RLS_ON_TENANT_SCOPED communications=RLS_ON_TENANT_SCOPED competency_assessments=RLS_ON_TENANT_SCOPED compliance_alerts=RLS_ON_TENANT_SCOPED contacts=RLS_ON_TENANT_SCOPED coy_apprentice_changes=RLS_ON_TENANT_SCOPED document_metadata=RLS_ON_TENANT_SCOPED document_records=RLS_ON_TENANT_SCOPED employers=RLS_ON_TENANT_SCOPED financial_viability_snapshots=RLS_ON_ROLE_OR_OTHER gto_access_equity_adjustments=RLS_ON_MIXED gto_compliance_evidence=RLS_ON_MIXED guardian_consents=RLS_ON_TENANT_SCOPED incidents=RLS_ON_TENANT_SCOPED induction_records=RLS_ON_TENANT_SCOPED invoice_line_items=RLS_ON_TENANT_SCOPED invoices=RLS_ON_TENANT_SCOPED leave_requests=RLS_ON_TENANT_SCOPED lln_assessments=RLS_ON_TENANT_SCOPED mentor_assignments=RLS_ON_TENANT_SCOPED org_members=RLS_ON_TENANT_SCOPED pay_runs=RLS_ON_MIXED payroll_identifier_kinds=RLS_ON_PERMISSIVE people=RLS_ON_TENANT_SCOPED performance_reviews=RLS_ON_TENANT_SCOPED placements=RLS_ON_TENANT_SCOPED profiles=RLS_ON_OWNER_SCOPED progress_review_templates=RLS_ON_TENANT_SCOPED qualification_units=RLS_ON_PERMISSIVE qualifications=RLS_ON_TENANT_SCOPED r7_candidates=RLS_ON_TENANT_SCOPED rate_schedules=RLS_ON_TENANT_SCOPED reminders=RLS_ON_TENANT_SCOPED report_deliveries=RLS_ON_TENANT_SCOPED report_schedules=RLS_ON_TENANT_SCOPED report_templates=RLS_ON_TENANT_SCOPED signature_requests=RLS_ON_TENANT_SCOPED site_visits=RLS_ON_MIXED skill_records=RLS_ON_TENANT_SCOPED super_admin_action_audit=RLS_ON_TENANT_SCOPED support_contacts=RLS_ON_TENANT_SCOPED tenant_payroll_identifiers=RLS_ON_TENANT_SCOPED tenant_switch_audit=RLS_ON_TENANT_SCOPED tenants=RLS_ON_TENANT_SCOPED timesheets=RLS_ON_TENANT_SCOPED training_contracts=RLS_ON_TENANT_SCOPED training_plan_reviews=RLS_ON_TENANT_SCOPED training_plans=RLS_ON_MIXED training_provider_organisations=RLS_ON_TENANT_SCOPED training_provider_qualifications=RLS_ON_PERMISSIVE training_providers=RLS_ON_TENANT_SCOPED units_of_competency=RLS_ON_TENANT_SCOPED user_tenants=RLS_ON_TENANT_SCOPED whs_audits=RLS_ON_TENANT_SCOPED xero_connections=RLS_ON_TENANT_SCOPED,,create_apprentice_from_candidate create_person_with_contact is_enterprise_admin link_training_provider_to_organisation log_tenant_switch onboarding_requirements_preview payroll_remittance_readiness platform_admin_act_as platform_admin_stop_acting redeem_quote_handoff_token set_demo_persist_flag update_person_with_contact,avetmiss-export charge-rate-quote-dispatch fairwork-enhanced handover-to-employment host-agreement-dispatch invoice-send-direct report-delivery tasks-sync xero-invoice-submit,avetmiss-export=true charge-rate-quote-dispatch=true fairwork-enhanced=true handover-to-employment=true host-agreement-dispatch=true invoice-send-direct=true report-delivery=true tasks-sync=true xero-invoice-submit=true,PARTIAL,260,11,REVIEW_TENANT_PARTIAL,
/clients/:id/edit,crm7,authenticated,ClientEdit,crm7/src/pages/clients/[id]/edit.tsx,useClientStore useHostEmployerStore,batch_charge_rate_quotes charge_rate_quotes compliance_alerts invoices placements,batch_charge_rate_quotes=RLS_ON_TENANT_SCOPED charge_rate_quotes=RLS_ON_TENANT_SCOPED compliance_alerts=RLS_ON_TENANT_SCOPED invoices=RLS_ON_TENANT_SCOPED placements=RLS_ON_TENANT_SCOPED,aass_providers apprentice_competencies award_rates charge_rate_snapshots clients contacts custom_page_revisions custom_pages developer_impersonation_sessions employers field_officers funding_sources govt_integration_logs gto_complaints incidents mentors opportunities people profiles qualifications report_catalog_joins sites state_training_authorities super_admin_action_audit tenant_entity_records tenants training_contracts training_plans training_providers units_of_competency user_preferences user_tenants wage_calculation_snapshots,,,,yes,172,13,OK,
/clients/create,crm7,authenticated,ClientCreate,crm7/src/pages/clients/create.tsx,useClientStore,,,aass_providers apprentice_competencies award_rates clients contacts custom_page_revisions custom_pages developer_impersonation_sessions employers field_officers funding_sources gto_complaints incidents mentors opportunities people placements profiles qualifications report_catalog_joins sites state_training_authorities super_admin_action_audit tenant_entity_records tenants training_contracts training_plans training_providers units_of_competency user_preferences user_tenants,,,,n/a,64,11,OK,
/communication,crm7,authenticated,Redirect,,,,,,,,,,0,0,REDIRECT,"route is a redirect, no data path of its own"
/communications,crm7,authenticated,Communications,crm7/src/pages/communications/compose.tsx,useCommunicationStore useCommunicationTemplateStore useEmailStore usePlatformRole useShallow useTenantId,aass_providers developer_impersonation_sessions email_integrations email_messages email_templates profiles qualifications super_admin_action_audit tenants training_providers,aass_providers=RLS_ON_TENANT_SCOPED developer_impersonation_sessions=RLS_ON_TENANT_SCOPED email_integrations=RLS_ON_TENANT_SCOPED email_messages=RLS_ON_TENANT_SCOPED email_templates=RLS_ON_TENANT_SCOPED profiles=RLS_ON_OWNER_SCOPED qualifications=RLS_ON_TENANT_SCOPED super_admin_action_audit=RLS_ON_TENANT_SCOPED tenants=RLS_ON_TENANT_SCOPED training_providers=RLS_ON_TENANT_SCOPED,apprentice_competencies audit_logs award_rates clients contacts custom_page_revisions custom_pages employers field_officers funding_sources gto_complaints incidents mentors opportunities people placements report_catalog_joins sites state_training_authorities tenant_entity_records training_contracts training_plans training_provider_qualifications units_of_competency user_preferences user_tenants,acting_scope_tenant_id email_integration_get_decrypted_token email_integration_store_credential import_qualification_from_catalog log_tenant_switch,email-dispatcher email-inbox-sync oauth-google-email oauth-microsoft-email,email-dispatcher=true email-inbox-sync=true oauth-google-email=true oauth-microsoft-email=true tga-search=true,yes,109,13,OK,
/communications/compose,crm7,authenticated,ComposeMessage,crm7/src/pages/communications/template-create.tsx,useCommunicationTemplateStore,,,aass_providers apprentice_competencies award_rates clients contacts custom_page_revisions custom_pages developer_impersonation_sessions employers field_officers funding_sources gto_complaints incidents mentors opportunities people placements profiles qualifications report_catalog_joins sites state_training_authorities super_admin_action_audit tenant_entity_records tenants training_contracts training_plans training_providers units_of_competency user_preferences user_tenants,,,,n/a,62,11,OK,
/communications/mail-merge,crm7,authenticated,MailMerge,crm7/src/pages/notifications/index.tsx,useDocumentTitle useNotificationStore usePermissions,people tenants,people=RLS_ON_TENANT_SCOPED tenants=RLS_ON_TENANT_SCOPED,aass_providers apprentice_competencies audit_logs award_rates clients contacts custom_page_revisions custom_pages developer_impersonation_sessions employers field_officers funding_sources gto_complaints incidents mentors opportunities placements profiles qualifications report_catalog_joins sites state_training_authorities super_admin_action_audit tenant_entity_records training_contracts training_plans training_providers units_of_competency user_preferences user_tenants,,,tenant-management=true,yes,85,11,OK,
/communications/templates,crm7,authenticated,CommunicationTemplates,crm7/src/pages/communications/mail-merge.tsx,useCommunicationTemplateStore useDocumentTemplateStore useMailMergeBatchStore,people tenants,people=RLS_ON_TENANT_SCOPED tenants=RLS_ON_TENANT_SCOPED,aass_providers apprentice_competencies award_rates clients contacts custom_page_revisions custom_pages developer_impersonation_sessions employers field_officers funding_sources gto_complaints incidents mentors opportunities placements profiles qualifications report_catalog_joins sites state_training_authorities super_admin_action_audit tenant_entity_records training_contracts training_plans training_providers units_of_competency user_preferences user_tenants,,,,yes,86,11,OK,
/communications/templates/:id/edit,crm7,authenticated,CommunicationTemplateEdit,crm7/src/pages/communications/templates.tsx,useCommunicationTemplateStore,people tenants,people=RLS_ON_TENANT_SCOPED tenants=RLS_ON_TENANT_SCOPED,aass_providers apprentice_competencies award_rates clients contacts custom_page_revisions custom_pages developer_impersonation_sessions employers field_officers funding_sources gto_complaints incidents mentors opportunities placements profiles qualifications report_catalog_joins sites state_training_authorities super_admin_action_audit tenant_entity_records training_contracts training_plans training_providers units_of_competency user_preferences user_tenants,,,,yes,76,11,OK,
/communications/templates/create,crm7,authenticated,CommunicationTemplateCreate,crm7/src/pages/communications/template-edit.tsx,useCommunicationTemplateStore useRoute,people tenants,people=RLS_ON_TENANT_SCOPED tenants=RLS_ON_TENANT_SCOPED,aass_providers apprentice_competencies award_rates clients contacts custom_page_revisions custom_pages developer_impersonation_sessions employers field_officers funding_sources gto_complaints incidents mentors opportunities placements profiles qualifications report_catalog_joins sites state_training_authorities super_admin_action_audit tenant_entity_records training_contracts training_plans training_providers units_of_competency user_preferences user_tenants,,,,yes,65,11,OK,
/competencies,crm7,authenticated,Competencies,crm7/src/pages/competencies/index.tsx,useCompetencyAssessmentStore useDocumentTitle usePermissions useQueryClient,apprentice_competencies employers gto_complaints gto_compliance_assessments invoices mentor_assignments people placements tenants training_plans units_of_competency whs_incidents whs_policies whs_risk_assessments workplace_inspections,apprentice_competencies=RLS_ON_TENANT_SCOPED employers=RLS_ON_TENANT_SCOPED gto_complaints=RLS_ON_MIXED gto_compliance_assessments=RLS_ON_MIXED invoices=RLS_ON_TENANT_SCOPED mentor_assignments=RLS_ON_TENANT_SCOPED people=RLS_ON_TENANT_SCOPED placements=RLS_ON_TENANT_SCOPED tenants=RLS_ON_TENANT_SCOPED training_plans=RLS_ON_MIXED units_of_competency=RLS_ON_TENANT_SCOPED whs_incidents=RLS_ON_TENANT_SCOPED whs_policies=RLS_ON_TENANT_SCOPED whs_risk_assessments=RLS_ON_TENANT_SCOPED workplace_inspections=RLS_ON_TENANT_SCOPED,aass_providers audit_logs award_rates clients contacts custom_page_revisions custom_pages developer_impersonation_sessions field_officers funding_sources incidents mentors opportunities profiles qualifications report_catalog_joins sites state_training_authorities super_admin_action_audit tenant_entity_records training_contracts training_providers user_preferences user_tenants,invoice_summary,,tenant-management=true,yes,81,13,OK,
/competencies/:id,crm7,authenticated,CompetencyDetail,crm7/src/pages/competencies/[id].tsx,,units_of_competency,units_of_competency=RLS_ON_TENANT_SCOPED,aass_providers apprentice_competencies award_rates clients contacts custom_page_revisions custom_pages developer_impersonation_sessions employers field_officers funding_sources gto_complaints incidents mentors opportunities people placements profiles qualifications report_catalog_joins sites state_training_authorities super_admin_action_audit tenant_entity_records tenants training_contracts training_plans training_providers user_preferences user_tenants,,,,yes,44,3,OK,
/competencies/create,crm7,authenticated,CompetencyCreate,crm7/src/pages/competencies/create.tsx,usePlatformRole useTenantId,developer_impersonation_sessions profiles super_admin_action_audit tenants units_of_competency,developer_impersonation_sessions=RLS_ON_TENANT_SCOPED profiles=RLS_ON_OWNER_SCOPED super_admin_action_audit=RLS_ON_TENANT_SCOPED tenants=RLS_ON_TENANT_SCOPED units_of_competency=RLS_ON_TENANT_SCOPED,aass_providers apprentice_competencies audit_logs award_rates clients contacts custom_page_revisions custom_pages employers field_officers funding_sources gto_complaints incidents mentors opportunities people placements qualifications report_catalog_joins sites state_training_authorities tenant_entity_records training_contracts training_plans training_providers user_preferences user_tenants,acting_scope_tenant_id log_tenant_switch,,,yes,53,3,OK,
/compliance,crm7,authenticated,Compliance,crm7/src/pages/compliance/index.tsx,useComplianceStore useDocumentTitle usePermissions useSearch,financial_viability_snapshots induction_records lln_assessments site_visits whs_audits,financial_viability_snapshots=RLS_ON_ROLE_OR_OTHER induction_records=RLS_ON_TENANT_SCOPED lln_assessments=RLS_ON_TENANT_SCOPED site_visits=RLS_ON_MIXED whs_audits=RLS_ON_TENANT_SCOPED,aass_providers apprentice_competencies audit_logs award_rates clients contacts custom_page_revisions custom_pages developer_impersonation_sessions employers field_officers funding_sources gto_complaints incidents mentors opportunities people placements profiles qualifications report_catalog_joins sites state_training_authorities super_admin_action_audit tenant_entity_records tenants training_contracts training_plans training_providers units_of_competency user_preferences user_tenants,,,tenant-management=true,PARTIAL,74,11,REVIEW_TENANT_PARTIAL,
/compliance/alerts,crm7,authenticated,ComplianceAlerts,crm7/src/pages/compliance/alerts.tsx,useAuth useMutation useQuery useQueryClient,audit_logs compliance_alerts people tenants user_tenants,audit_logs=RLS_ON_OWNER_SCOPED compliance_alerts=RLS_ON_TENANT_SCOPED people=RLS_ON_TENANT_SCOPED tenants=RLS_ON_TENANT_SCOPED user_tenants=RLS_ON_TENANT_SCOPED,aass_providers apprentice_competencies award_rates clients contacts custom_page_revisions custom_pages developer_impersonation_sessions employers field_officers funding_sources gto_complaints incidents mentors opportunities placements profiles qualifications report_catalog_joins sites state_training_authorities super_admin_action_audit tenant_entity_records training_contracts training_plans training_providers units_of_competency user_preferences,acting_scope_tenant_id,,,yes,74,4,OK,
/compliance/avetmiss,crm7,authenticated,AvetmissExport,crm7/src/pages/compliance/avetmiss/index.tsx,useDocumentTitle usePermissions useReactTable useTablePreferences,avetmiss_exports profiles user_preferences user_tenants,avetmiss_exports=RLS_ON_TENANT_SCOPED profiles=RLS_ON_OWNER_SCOPED user_preferences=RLS_ON_OWNER_SCOPED user_tenants=RLS_ON_TENANT_SCOPED,aass_providers apprentice_competencies audit_logs award_rates clients contacts custom_page_revisions custom_pages developer_impersonation_sessions employers field_officers funding_sources gto_complaints incidents mentors opportunities people placements qualifications report_catalog_joins sites state_training_authorities super_admin_action_audit tenant_entity_records tenants training_contracts training_plans training_providers units_of_competency,acting_scope_tenant_id set_current_tenant,avetmiss-export,avetmiss-export=true tenant-management=true,yes,57,3,OK,
/compliance/boot,crm7,authenticated,BootAssessments,crm7/src/pages/compliance/boot/index.tsx,useBootAssessmentStore useDocumentTitle usePermissions,people tenants,people=RLS_ON_TENANT_SCOPED tenants=RLS_ON_TENANT_SCOPED,aass_providers apprentice_competencies audit_logs award_rates clients contacts custom_page_revisions custom_pages developer_impersonation_sessions employers field_officers funding_sources gto_complaints incidents mentors opportunities placements profiles qualifications report_catalog_joins sites state_training_authorities super_admin_action_audit tenant_entity_records training_contracts training_plans training_providers units_of_competency user_preferences user_tenants,,,tenant-management=true,yes,68,11,OK,
/compliance/boot/:id,crm7,authenticated,BootAssessmentDetail,crm7/src/pages/compliance/boot/detail.tsx,useAuth useDocumentTitle usePermissions,audit_logs boot_assessments people tenants,audit_logs=RLS_ON_OWNER_SCOPED boot_assessments=RLS_ON_TENANT_SCOPED people=RLS_ON_TENANT_SCOPED tenants=RLS_ON_TENANT_SCOPED,aass_providers apprentice_competencies award_rates clients contacts custom_page_revisions custom_pages developer_impersonation_sessions employers field_officers funding_sources gto_complaints incidents mentors opportunities placements profiles qualifications report_catalog_joins sites state_training_authorities super_admin_action_audit tenant_entity_records training_contracts training_plans training_providers units_of_competency user_preferences user_tenants,acting_scope_tenant_id,,tenant-management=true,yes,68,3,OK,
/compliance/create,crm7,authenticated,ComplianceCreate,crm7/src/pages/compliance/create.tsx,useComplianceStore useFormField,batch_charge_rate_quotes charge_rate_quotes compliance_alerts,batch_charge_rate_quotes=RLS_ON_TENANT_SCOPED charge_rate_quotes=RLS_ON_TENANT_SCOPED compliance_alerts=RLS_ON_TENANT_SCOPED,aass_providers apprentice_competencies award_rates charge_rate_snapshots clients contacts custom_page_revisions custom_pages developer_impersonation_sessions employers field_officers funding_sources govt_integration_logs gto_complaints incidents mentors opportunities people placements profiles qualifications report_catalog_joins sites state_training_authorities super_admin_action_audit tenant_entity_records tenants training_contracts training_plans training_providers units_of_competency user_preferences user_tenants wage_calculation_snapshots,,,,yes,174,12,OK,
/compliance/financial-viability,crm7,authenticated,FinancialViability,crm7/src/pages/compliance/financial-viability/index.tsx,useAuth useDateFormatPreference useDocumentTitle usePermissions usePlatformRole usePortalContext useReactTable useTablePreferences,developer_impersonation_sessions financial_viability_snapshots profiles super_admin_action_audit user_preferences user_tenants,developer_impersonation_sessions=RLS_ON_TENANT_SCOPED financial_viability_snapshots=RLS_ON_ROLE_OR_OTHER profiles=RLS_ON_OWNER_SCOPED super_admin_action_audit=RLS_ON_TENANT_SCOPED user_preferences=RLS_ON_OWNER_SCOPED user_tenants=RLS_ON_TENANT_SCOPED,aass_providers apprentice_competencies audit_logs award_rates clients contacts custom_page_revisions custom_pages employers field_officers funding_sources gto_complaints incidents mentors opportunities people placements qualifications report_catalog_joins sites state_training_authorities tenant_entity_records tenants training_contracts training_plans training_providers units_of_competency,log_tenant_switch,,tenant-management=true,PARTIAL,66,3,REVIEW_TENANT_PARTIAL,
/compliance/gto-dashboard,crm7,authenticated,GtoComplianceDashboard,crm7/src/pages/compliance/gto-dashboard.tsx,usePlatformRole useQuery useTenantId,developer_impersonation_sessions profiles super_admin_action_audit tenants,developer_impersonation_sessions=RLS_ON_TENANT_SCOPED profiles=RLS_ON_OWNER_SCOPED super_admin_action_audit=RLS_ON_TENANT_SCOPED tenants=RLS_ON_TENANT_SCOPED,aass_providers apprentice_competencies audit_logs award_rates clients contacts custom_page_revisions custom_pages employers field_officers funding_sources gto_complaints incidents mentors opportunities people placements qualifications report_catalog_joins sites state_training_authorities tenant_entity_records training_contracts training_plans training_providers units_of_competency user_preferences user_tenants,acting_scope_tenant_id log_tenant_switch,,,yes,47,3,OK,
/compliance/guardian-consents,crm7,authenticated,GuardianConsents,crm7/src/pages/compliance/guardian-consents/index.tsx,useDateFormatPreference useReactTable useTablePreferences,guardian_consents user_preferences,guardian_consents=RLS_ON_TENANT_SCOPED user_preferences=RLS_ON_OWNER_SCOPED,aass_providers apprentice_competencies audit_logs award_rates clients contacts custom_page_revisions custom_pages developer_impersonation_sessions employers field_officers funding_sources gto_complaints incidents mentors opportunities people placements profiles qualifications report_catalog_joins sites state_training_authorities super_admin_action_audit tenant_entity_records tenants training_contracts training_plans training_providers units_of_competency user_tenants,,,,yes,64,3,OK,
/compliance/induction,crm7,authenticated,ComplianceInduction,crm7/src/pages/compliance/induction/index.tsx,useDateFormatPreference useReactTable useTablePreferences,aass_providers induction_records qualifications training_providers user_preferences,aass_providers=RLS_ON_TENANT_SCOPED induction_records=RLS_ON_TENANT_SCOPED qualifications=RLS_ON_TENANT_SCOPED training_providers=RLS_ON_TENANT_SCOPED user_preferences=RLS_ON_OWNER_SCOPED,apprentice_competencies audit_logs award_rates clients contacts custom_page_revisions custom_pages developer_impersonation_sessions employers field_officers funding_sources gto_complaints incidents mentors opportunities people placements profiles report_catalog_joins sites state_training_authorities super_admin_action_audit tenant_entity_records tenants training_contracts training_plans training_provider_qualifications units_of_competency user_tenants,import_qualification_from_catalog,,tga-search=true,yes,109,13,OK,
/compliance/insurance-tracker,crm7,authenticated,InsuranceTracker,crm7/src/pages/compliance/insurance-tracker.tsx,useDateFormatPreference,insurance_policies user_preferences,insurance_policies=RLS_ON_TENANT_SCOPED user_preferences=RLS_ON_OWNER_SCOPED,aass_providers apprentice_competencies award_rates clients contacts custom_page_revisions custom_pages developer_impersonation_sessions employers field_officers funding_sources gto_complaints incidents mentors opportunities people placements profiles qualifications report_catalog_joins sites state_training_authorities super_admin_action_audit tenant_entity_records tenants training_contracts training_plans training_providers units_of_competency user_tenants,,,,yes,72,3,OK,
/compliance/lln-assessments,crm7,authenticated,LLNAssessments,crm7/src/pages/compliance/lln-assessments/index.tsx,useDateFormatPreference useDocumentTitle usePermissions useReactTable useTablePreferences,lln_assessments user_preferences,lln_assessments=RLS_ON_TENANT_SCOPED user_preferences=RLS_ON_OWNER_SCOPED,aass_providers apprentice_competencies audit_logs award_rates clients contacts custom_page_revisions custom_pages developer_impersonation_sessions employers field_officers funding_sources gto_complaints incidents mentors opportunities people placements profiles qualifications report_catalog_joins sites state_training_authorities super_admin_action_audit tenant_entity_records tenants training_contracts training_plans training_providers units_of_competency user_tenants,,,tenant-management=true,yes,64,3,OK,
/compliance/lln-assessments/create,crm7,authenticated,LLNAssessments,crm7/src/pages/compliance/lln-assessments/index.tsx,useDateFormatPreference useDocumentTitle usePermissions useReactTable useTablePreferences,lln_assessments user_preferences,lln_assessments=RLS_ON_TENANT_SCOPED user_preferences=RLS_ON_OWNER_SCOPED,aass_providers apprentice_competencies audit_logs award_rates clients contacts custom_page_revisions custom_pages developer_impersonation_sessions employers field_officers funding_sources gto_complaints incidents mentors opportunities people placements profiles qualifications report_catalog_joins sites state_training_authorities super_admin_action_audit tenant_entity_records tenants training_contracts training_plans training_providers units_of_competency user_tenants,,,tenant-management=true,yes,64,3,OK,
/compliance/monitoring-visits,crm7,authenticated,MonitoringVisitsCompliance,crm7/src/pages/compliance/monitoring-visits/index.tsx,useDateFormatPreference useReactTable useTablePreferences,site_visits user_preferences,site_visits=RLS_ON_MIXED user_preferences=RLS_ON_OWNER_SCOPED,aass_providers apprentice_competencies audit_logs award_rates clients contacts custom_page_revisions custom_pages developer_impersonation_sessions employers field_officers funding_sources gto_complaints incidents mentors opportunities people placements profiles qualifications report_catalog_joins sites state_training_authorities super_admin_action_audit tenant_entity_records tenants training_contracts training_plans training_providers units_of_competency user_tenants,,,,yes,60,3,OK,
/compliance/usi-verification,crm7,authenticated,USIVerification,crm7/src/pages/compliance/usi-verification.tsx,useDateFormatPreference,people tenants user_preferences,people=RLS_ON_TENANT_SCOPED tenants=RLS_ON_TENANT_SCOPED user_preferences=RLS_ON_OWNER_SCOPED,aass_providers apprentice_competencies award_rates clients contacts custom_page_revisions custom_pages developer_impersonation_sessions employers field_officers funding_sources gto_complaints incidents mentors opportunities placements profiles qualifications report_catalog_joins sites state_training_authorities super_admin_action_audit tenant_entity_records training_contracts training_plans training_providers units_of_competency user_tenants,,,,yes,76,3,OK,
/compliance/whs-audits,crm7,authenticated,WHSAudits,crm7/src/pages/compliance/whs-audits/index.tsx,useDateFormatPreference useDocumentTitle usePermissions useReactTable useSearch useTablePreferences,user_preferences whs_audits,user_preferences=RLS_ON_OWNER_SCOPED whs_audits=RLS_ON_TENANT_SCOPED,aass_providers apprentice_competencies audit_logs award_rates clients contacts custom_page_revisions custom_pages developer_impersonation_sessions employers field_officers funding_sources gto_complaints incidents mentors opportunities people placements profiles qualifications report_catalog_joins sites state_training_authorities super_admin_action_audit tenant_entity_records tenants training_contracts training_plans training_providers units_of_competency user_tenants,,,tenant-management=true,yes,65,3,OK,
/compliance/whs-audits/create,crm7,authenticated,WHSAudits,crm7/src/pages/compliance/whs-audits/index.tsx,useDateFormatPreference useDocumentTitle usePermissions useReactTable useSearch useTablePreferences,user_preferences whs_audits,user_preferences=RLS_ON_OWNER_SCOPED whs_audits=RLS_ON_TENANT_SCOPED,aass_providers apprentice_competencies audit_logs award_rates clients contacts custom_page_revisions custom_pages developer_impersonation_sessions employers field_officers funding_sources gto_complaints incidents mentors opportunities people placements profiles qualifications report_catalog_joins sites state_training_authorities super_admin_action_audit tenant_entity_records tenants training_contracts training_plans training_providers units_of_competency user_tenants,,,tenant-management=true,yes,65,3,OK,
/contacts,crm7,authenticated,ContactsPage,crm7/src/App.tsx,useAccessibilityInit useApprenticeOptions useApprenticePlacementsForApprentice useApprenticeStore useApprenticesAnalytics useAuth useBootAssessmentStore useBranding useCaseNoteStore useChargeCalcResolvers useChromelessState useClientStore useCoYApprenticeChangeStore useCoYBatchStore useCommunicationStore useCommunicationTemplateStore useCompetencyAssessmentStore useComplianceStore useContactStore useContacts useDashboard useDashboardCrossFilterStore useDashboardsList useDebounce,aass_registrations apprentice_competencies apprentice_handoff_tokens apprentices audit_events audit_logs avetmiss_exports awards boot_assessments charge_rate_audit_log charge_rate_quotes charge_rate_schedules charge_rate_snapshots clients communications competency_assessments compliance_alerts contacts coy_apprentice_changes document_metadata document_records employers financial_viability_snapshots gto_access_equity_adjustments gto_compliance_evidence guardian_consents incidents induction_records invoice_line_items invoices leave_requests lln_assessments mentor_assignments org_members pay_runs payroll_identifier_kinds people performance_reviews placements profiles progress_review_templates qualification_units qualifications r7_candidates rate_schedules reminders report_deliveries report_schedules report_templates signature_requests site_visits skill_records super_admin_action_audit support_contacts tenant_payroll_identifiers tenant_switch_audit tenants timesheets training_contracts training_plan_reviews training_plans training_provider_organisations training_provider_qualifications training_providers units_of_competency user_tenants whs_audits xero_connections,aass_registrations=RLS_ON_TENANT_SCOPED apprentice_competencies=RLS_ON_TENANT_SCOPED apprentice_handoff_tokens=RLS_ON_TENANT_SCOPED apprentices=RLS_ON_TENANT_SCOPED audit_events=RLS_ON_TENANT_SCOPED audit_logs=RLS_ON_OWNER_SCOPED avetmiss_exports=RLS_ON_TENANT_SCOPED awards=RLS_ON_ROLE_OR_OTHER boot_assessments=RLS_ON_TENANT_SCOPED charge_rate_audit_log=RLS_ON_TENANT_SCOPED charge_rate_quotes=RLS_ON_TENANT_SCOPED charge_rate_schedules=RLS_ON_TENANT_SCOPED charge_rate_snapshots=RLS_ON_TENANT_SCOPED clients=RLS_ON_TENANT_SCOPED communications=RLS_ON_TENANT_SCOPED competency_assessments=RLS_ON_TENANT_SCOPED compliance_alerts=RLS_ON_TENANT_SCOPED contacts=RLS_ON_TENANT_SCOPED coy_apprentice_changes=RLS_ON_TENANT_SCOPED document_metadata=RLS_ON_TENANT_SCOPED document_records=RLS_ON_TENANT_SCOPED employers=RLS_ON_TENANT_SCOPED financial_viability_snapshots=RLS_ON_ROLE_OR_OTHER gto_access_equity_adjustments=RLS_ON_MIXED gto_compliance_evidence=RLS_ON_MIXED guardian_consents=RLS_ON_TENANT_SCOPED incidents=RLS_ON_TENANT_SCOPED induction_records=RLS_ON_TENANT_SCOPED invoice_line_items=RLS_ON_TENANT_SCOPED invoices=RLS_ON_TENANT_SCOPED leave_requests=RLS_ON_TENANT_SCOPED lln_assessments=RLS_ON_TENANT_SCOPED mentor_assignments=RLS_ON_TENANT_SCOPED org_members=RLS_ON_TENANT_SCOPED pay_runs=RLS_ON_MIXED payroll_identifier_kinds=RLS_ON_PERMISSIVE people=RLS_ON_TENANT_SCOPED performance_reviews=RLS_ON_TENANT_SCOPED placements=RLS_ON_TENANT_SCOPED profiles=RLS_ON_OWNER_SCOPED progress_review_templates=RLS_ON_TENANT_SCOPED qualification_units=RLS_ON_PERMISSIVE qualifications=RLS_ON_TENANT_SCOPED r7_candidates=RLS_ON_TENANT_SCOPED rate_schedules=RLS_ON_TENANT_SCOPED reminders=RLS_ON_TENANT_SCOPED report_deliveries=RLS_ON_TENANT_SCOPED report_schedules=RLS_ON_TENANT_SCOPED report_templates=RLS_ON_TENANT_SCOPED signature_requests=RLS_ON_TENANT_SCOPED site_visits=RLS_ON_MIXED skill_records=RLS_ON_TENANT_SCOPED super_admin_action_audit=RLS_ON_TENANT_SCOPED support_contacts=RLS_ON_TENANT_SCOPED tenant_payroll_identifiers=RLS_ON_TENANT_SCOPED tenant_switch_audit=RLS_ON_TENANT_SCOPED tenants=RLS_ON_TENANT_SCOPED timesheets=RLS_ON_TENANT_SCOPED training_contracts=RLS_ON_TENANT_SCOPED training_plan_reviews=RLS_ON_TENANT_SCOPED training_plans=RLS_ON_MIXED training_provider_organisations=RLS_ON_TENANT_SCOPED training_provider_qualifications=RLS_ON_PERMISSIVE training_providers=RLS_ON_TENANT_SCOPED units_of_competency=RLS_ON_TENANT_SCOPED user_tenants=RLS_ON_TENANT_SCOPED whs_audits=RLS_ON_TENANT_SCOPED xero_connections=RLS_ON_TENANT_SCOPED,,create_apprentice_from_candidate create_person_with_contact is_enterprise_admin link_training_provider_to_organisation log_tenant_switch onboarding_requirements_preview payroll_remittance_readiness platform_admin_act_as platform_admin_stop_acting redeem_quote_handoff_token set_demo_persist_flag update_person_with_contact,avetmiss-export charge-rate-quote-dispatch fairwork-enhanced handover-to-employment host-agreement-dispatch invoice-send-direct report-delivery tasks-sync xero-invoice-submit,avetmiss-export=true charge-rate-quote-dispatch=true fairwork-enhanced=true handover-to-employment=true host-agreement-dispatch=true invoice-send-direct=true report-delivery=true tasks-sync=true xero-invoice-submit=true,PARTIAL,260,11,REVIEW_TENANT_PARTIAL,
/contacts/:id,crm7,authenticated,ContactDetail,crm7/src/pages/contacts/[id]/index.tsx,useAuth useChatScroll useContactActivityStore useContactStore useDocumentCategoryPolicies useDocumentTitle useDownloadDocument useEntityDocuments useHostEmployerStore useMutation usePermissions usePlatformRole useQuery useQueryClient useRealtimeChat useRecentlyViewed useSearch useTabParam useTenantId useTrackRecordView useUploadDocument useVerificationHistory useVerifyDocument,audit_logs batch_charge_rate_quotes charge_rate_quotes compliance_alerts contact_messages contacts custom_pages developer_impersonation_sessions document_access_log document_categories document_metadata document_verification_events employers funding_sources host_agreements leads mentors opportunities people placements profiles super_admin_action_audit tenants timesheets training_providers vacancies,audit_logs=RLS_ON_OWNER_SCOPED batch_charge_rate_quotes=RLS_ON_TENANT_SCOPED charge_rate_quotes=RLS_ON_TENANT_SCOPED compliance_alerts=RLS_ON_TENANT_SCOPED contact_messages=RLS_ON_TENANT_SCOPED contacts=RLS_ON_TENANT_SCOPED custom_pages=RLS_ON_MIXED developer_impersonation_sessions=RLS_ON_TENANT_SCOPED document_access_log=RLS_ON_TENANT_SCOPED document_categories=RLS_ON_TENANT_SCOPED document_metadata=RLS_ON_TENANT_SCOPED document_verification_events=RLS_ON_TENANT_SCOPED employers=RLS_ON_TENANT_SCOPED funding_sources=RLS_ON_TENANT_SCOPED host_agreements=RLS_ON_MIXED leads=RLS_ON_TENANT_SCOPED mentors=RLS_ON_TENANT_SCOPED opportunities=RLS_ON_TENANT_SCOPED people=RLS_ON_TENANT_SCOPED placements=RLS_ON_TENANT_SCOPED profiles=RLS_ON_OWNER_SCOPED super_admin_action_audit=RLS_ON_TENANT_SCOPED tenants=RLS_ON_TENANT_SCOPED timesheets=RLS_ON_TENANT_SCOPED training_providers=RLS_ON_TENANT_SCOPED vacancies=RLS_ON_TENANT_SCOPED,aass_providers apprentice_competencies award_rates charge_rate_snapshots clients custom_page_revisions field_officers govt_integration_logs gto_complaints incidents qualifications report_catalog_joins sites state_training_authorities tenant_entity_records training_contracts training_plans units_of_competency user_preferences user_tenants wage_calculation_snapshots,acting_scope_tenant_id get_documents_eligible_for_destruction log_tenant_switch,document-encryption,document-encryption=true tenant-management=true,yes,232,18,OK,
/contacts/:id/edit,crm7,authenticated,ContactEdit,crm7/src/pages/contacts/[id]/edit.tsx,useContactStore useDocumentTitle usePermissions useQuery useSchemaReflection,contacts,contacts=RLS_ON_TENANT_SCOPED,audit_logs developer_impersonation_sessions people profiles super_admin_action_audit tenants user_tenants,,,tenant-management=true,yes,40,8,OK,
/contacts/create,crm7,authenticated,ContactCreate,crm7/src/pages/contacts/create.tsx,useClientStore useContactStore useDocumentTitle usePermissions,,,audit_logs developer_impersonation_sessions people profiles super_admin_action_audit tenants user_tenants,,,tenant-management=true,n/a,44,8,OK,
/contacts/groups,crm7,authenticated,ContactGroups,crm7/src/pages/contacts/groups/index.tsx,useContactStore useDocumentTitle usePermissions usePlatformRole useTenantId,developer_impersonation_sessions profiles super_admin_action_audit tenants,developer_impersonation_sessions=RLS_ON_TENANT_SCOPED profiles=RLS_ON_OWNER_SCOPED super_admin_action_audit=RLS_ON_TENANT_SCOPED tenants=RLS_ON_TENANT_SCOPED,aass_providers apprentice_competencies audit_logs award_rates clients contacts custom_page_revisions custom_pages employers field_officers funding_sources gto_complaints incidents mentors opportunities people placements qualifications report_catalog_joins sites state_training_authorities tenant_entity_records training_contracts training_plans training_providers units_of_competency user_preferences user_tenants,acting_scope_tenant_id log_tenant_switch,,tenant-management=true,yes,69,11,OK,
/contacts/groups/:id,crm7,authenticated,ContactGroupDetail,crm7/src/pages/contacts/groups/[id]/index.tsx,useContactStore usePlatformRole useTenantId,developer_impersonation_sessions profiles super_admin_action_audit tenants,developer_impersonation_sessions=RLS_ON_TENANT_SCOPED profiles=RLS_ON_OWNER_SCOPED super_admin_action_audit=RLS_ON_TENANT_SCOPED tenants=RLS_ON_TENANT_SCOPED,aass_providers apprentice_competencies audit_logs award_rates clients contacts custom_page_revisions custom_pages employers field_officers funding_sources gto_complaints incidents mentors opportunities people placements qualifications report_catalog_joins sites state_training_authorities tenant_entity_records training_contracts training_plans training_providers units_of_competency user_preferences user_tenants,acting_scope_tenant_id log_tenant_switch,,,yes,63,11,OK,
/contacts/groups/:id/edit,crm7,authenticated,ContactGroupEdit,crm7/src/pages/contacts/groups/[id]/edit.tsx,useContactStore usePlatformRole useTenantId,developer_impersonation_sessions profiles super_admin_action_audit tenants,developer_impersonation_sessions=RLS_ON_TENANT_SCOPED profiles=RLS_ON_OWNER_SCOPED super_admin_action_audit=RLS_ON_TENANT_SCOPED tenants=RLS_ON_TENANT_SCOPED,aass_providers apprentice_competencies audit_logs award_rates clients contacts custom_page_revisions custom_pages employers field_officers funding_sources gto_complaints incidents mentors opportunities people placements qualifications report_catalog_joins sites state_training_authorities tenant_entity_records training_contracts training_plans training_providers units_of_competency user_preferences user_tenants,acting_scope_tenant_id log_tenant_switch,,,yes,64,11,OK,
/contacts/groups/new,crm7,authenticated,ContactGroupCreate,crm7/src/pages/contacts/groups/new.tsx,,,,,,,,n/a,1,0,NO_DATA_PATH,"static route: no table, rpc or edge function reachable in 1 files"
/contacts/modern,crm7,authenticated,ModernContactsPage,crm7/src/App.tsx,useAccessibilityInit useApprenticeOptions useApprenticePlacementsForApprentice useApprenticeStore useApprenticesAnalytics useAuth useBootAssessmentStore useBranding useCaseNoteStore useChargeCalcResolvers useChromelessState useClientStore useCoYApprenticeChangeStore useCoYBatchStore useCommunicationStore useCommunicationTemplateStore useCompetencyAssessmentStore useComplianceStore useContactStore useContacts useDashboard useDashboardCrossFilterStore useDashboardsList useDebounce,aass_registrations apprentice_competencies apprentice_handoff_tokens apprentices audit_events audit_logs avetmiss_exports awards boot_assessments charge_rate_audit_log charge_rate_quotes charge_rate_schedules charge_rate_snapshots clients communications competency_assessments compliance_alerts contacts coy_apprentice_changes document_metadata document_records employers financial_viability_snapshots gto_access_equity_adjustments gto_compliance_evidence guardian_consents incidents induction_records invoice_line_items invoices leave_requests lln_assessments mentor_assignments org_members pay_runs payroll_identifier_kinds people performance_reviews placements profiles progress_review_templates qualification_units qualifications r7_candidates rate_schedules reminders report_deliveries report_schedules report_templates signature_requests site_visits skill_records super_admin_action_audit support_contacts tenant_payroll_identifiers tenant_switch_audit tenants timesheets training_contracts training_plan_reviews training_plans training_provider_organisations training_provider_qualifications training_providers units_of_competency user_tenants whs_audits xero_connections,aass_registrations=RLS_ON_TENANT_SCOPED apprentice_competencies=RLS_ON_TENANT_SCOPED apprentice_handoff_tokens=RLS_ON_TENANT_SCOPED apprentices=RLS_ON_TENANT_SCOPED audit_events=RLS_ON_TENANT_SCOPED audit_logs=RLS_ON_OWNER_SCOPED avetmiss_exports=RLS_ON_TENANT_SCOPED awards=RLS_ON_ROLE_OR_OTHER boot_assessments=RLS_ON_TENANT_SCOPED charge_rate_audit_log=RLS_ON_TENANT_SCOPED charge_rate_quotes=RLS_ON_TENANT_SCOPED charge_rate_schedules=RLS_ON_TENANT_SCOPED charge_rate_snapshots=RLS_ON_TENANT_SCOPED clients=RLS_ON_TENANT_SCOPED communications=RLS_ON_TENANT_SCOPED competency_assessments=RLS_ON_TENANT_SCOPED compliance_alerts=RLS_ON_TENANT_SCOPED contacts=RLS_ON_TENANT_SCOPED coy_apprentice_changes=RLS_ON_TENANT_SCOPED document_metadata=RLS_ON_TENANT_SCOPED document_records=RLS_ON_TENANT_SCOPED employers=RLS_ON_TENANT_SCOPED financial_viability_snapshots=RLS_ON_ROLE_OR_OTHER gto_access_equity_adjustments=RLS_ON_MIXED gto_compliance_evidence=RLS_ON_MIXED guardian_consents=RLS_ON_TENANT_SCOPED incidents=RLS_ON_TENANT_SCOPED induction_records=RLS_ON_TENANT_SCOPED invoice_line_items=RLS_ON_TENANT_SCOPED invoices=RLS_ON_TENANT_SCOPED leave_requests=RLS_ON_TENANT_SCOPED lln_assessments=RLS_ON_TENANT_SCOPED mentor_assignments=RLS_ON_TENANT_SCOPED org_members=RLS_ON_TENANT_SCOPED pay_runs=RLS_ON_MIXED payroll_identifier_kinds=RLS_ON_PERMISSIVE people=RLS_ON_TENANT_SCOPED performance_reviews=RLS_ON_TENANT_SCOPED placements=RLS_ON_TENANT_SCOPED profiles=RLS_ON_OWNER_SCOPED progress_review_templates=RLS_ON_TENANT_SCOPED qualification_units=RLS_ON_PERMISSIVE qualifications=RLS_ON_TENANT_SCOPED r7_candidates=RLS_ON_TENANT_SCOPED rate_schedules=RLS_ON_TENANT_SCOPED reminders=RLS_ON_TENANT_SCOPED report_deliveries=RLS_ON_TENANT_SCOPED report_schedules=RLS_ON_TENANT_SCOPED report_templates=RLS_ON_TENANT_SCOPED signature_requests=RLS_ON_TENANT_SCOPED site_visits=RLS_ON_MIXED skill_records=RLS_ON_TENANT_SCOPED super_admin_action_audit=RLS_ON_TENANT_SCOPED support_contacts=RLS_ON_TENANT_SCOPED tenant_payroll_identifiers=RLS_ON_TENANT_SCOPED tenant_switch_audit=RLS_ON_TENANT_SCOPED tenants=RLS_ON_TENANT_SCOPED timesheets=RLS_ON_TENANT_SCOPED training_contracts=RLS_ON_TENANT_SCOPED training_plan_reviews=RLS_ON_TENANT_SCOPED training_plans=RLS_ON_MIXED training_provider_organisations=RLS_ON_TENANT_SCOPED training_provider_qualifications=RLS_ON_PERMISSIVE training_providers=RLS_ON_TENANT_SCOPED units_of_competency=RLS_ON_TENANT_SCOPED user_tenants=RLS_ON_TENANT_SCOPED whs_audits=RLS_ON_TENANT_SCOPED xero_connections=RLS_ON_TENANT_SCOPED,,create_apprentice_from_candidate create_person_with_contact is_enterprise_admin link_training_provider_to_organisation log_tenant_switch onboarding_requirements_preview payroll_remittance_readiness platform_admin_act_as platform_admin_stop_acting redeem_quote_handoff_token set_demo_persist_flag update_person_with_contact,avetmiss-export charge-rate-quote-dispatch fairwork-enhanced handover-to-employment host-agreement-dispatch invoice-send-direct report-delivery tasks-sync xero-invoice-submit,avetmiss-export=true charge-rate-quote-dispatch=true fairwork-enhanced=true handover-to-employment=true host-agreement-dispatch=true invoice-send-direct=true report-delivery=true tasks-sync=true xero-invoice-submit=true,PARTIAL,260,11,REVIEW_TENANT_PARTIAL,
/contacts/tags,crm7,authenticated,ContactTags,crm7/src/pages/contacts/tags/index.tsx,useContactStore useDocumentTitle usePermissions usePlatformRole useTenantId,developer_impersonation_sessions profiles super_admin_action_audit tenants,developer_impersonation_sessions=RLS_ON_TENANT_SCOPED profiles=RLS_ON_OWNER_SCOPED super_admin_action_audit=RLS_ON_TENANT_SCOPED tenants=RLS_ON_TENANT_SCOPED,aass_providers apprentice_competencies audit_logs award_rates clients contacts custom_page_revisions custom_pages employers field_officers funding_sources gto_complaints incidents mentors opportunities people placements qualifications report_catalog_joins sites state_training_authorities tenant_entity_records training_contracts training_plans training_providers units_of_competency user_preferences user_tenants,acting_scope_tenant_id log_tenant_switch,,tenant-management=true,yes,69,12,OK,
/contracts,crm7,authenticated,Contracts,crm7/src/pages/contracts/index.tsx,useDocumentTitle usePermissions usePlatformRole useTenantId,developer_impersonation_sessions host_agreements profiles super_admin_action_audit tenants training_contracts,developer_impersonation_sessions=RLS_ON_TENANT_SCOPED host_agreements=RLS_ON_MIXED profiles=RLS_ON_OWNER_SCOPED super_admin_action_audit=RLS_ON_TENANT_SCOPED tenants=RLS_ON_TENANT_SCOPED training_contracts=RLS_ON_TENANT_SCOPED,aass_providers apprentice_competencies audit_logs award_rates clients contacts custom_page_revisions custom_pages employers field_officers funding_sources gto_complaints incidents mentors opportunities people placements qualifications report_catalog_joins sites state_training_authorities tenant_entity_records training_plans training_providers units_of_competency user_preferences user_tenants,acting_scope_tenant_id log_tenant_switch,,tenant-management=true,yes,62,3,OK,
/contracts/:id,crm7,authenticated,ContractDetail,crm7/src/pages/contracts/[id].tsx,useHasCustomFields useHostAgreementStore usePlatformRole useRoute useTenantId,developer_impersonation_sessions entity_relationships people profiles super_admin_action_audit tenant_field_definitions tenants,developer_impersonation_sessions=RLS_ON_TENANT_SCOPED entity_relationships=RLS_ON_TENANT_SCOPED people=RLS_ON_TENANT_SCOPED profiles=RLS_ON_OWNER_SCOPED super_admin_action_audit=RLS_ON_TENANT_SCOPED tenant_field_definitions=RLS_ON_TENANT_SCOPED tenants=RLS_ON_TENANT_SCOPED,aass_providers apprentice_competencies audit_logs award_rates clients contacts custom_page_revisions custom_pages employers field_officers funding_sources gto_complaints incidents mentors opportunities placements qualifications report_catalog_joins sites state_training_authorities tenant_entity_records training_contracts training_plans training_providers units_of_competency user_preferences user_tenants,acting_scope_tenant_id log_tenant_switch,,,yes,74,18,OK,
/contracts/training,crm7,authenticated,TrainingContracts,crm7/src/pages/contracts/training/index.tsx,useContractStats useDocumentTitle usePermissions useQuery useTrainingContractStore,people profiles tenants training_contracts user_tenants,people=RLS_ON_TENANT_SCOPED profiles=RLS_ON_OWNER_SCOPED tenants=RLS_ON_TENANT_SCOPED training_contracts=RLS_ON_TENANT_SCOPED user_tenants=RLS_ON_TENANT_SCOPED,aass_providers apprentice_competencies audit_logs award_rates clients contacts custom_page_revisions custom_pages developer_impersonation_sessions employers field_officers funding_sources gto_complaints incidents mentors opportunities placements qualifications report_catalog_joins sites state_training_authorities super_admin_action_audit tenant_entity_records training_plans training_providers units_of_competency user_preferences,acting_scope_tenant_id set_current_tenant,,tenant-management=true,yes,74,11,OK,
/contracts/training/:id,crm7,authenticated,TrainingContractDetail,crm7/src/pages/contracts/training/[id]/index.tsx,useContractVariations useDateFormatPreference useMutation usePlatformRole useQuery useQueryClient useRoute useTenantId useTrainingContract,contract_variations developer_impersonation_sessions people profiles super_admin_action_audit tenants training_contracts user_preferences,contract_variations=RLS_ON_TENANT_SCOPED developer_impersonation_sessions=RLS_ON_TENANT_SCOPED people=RLS_ON_TENANT_SCOPED profiles=RLS_ON_OWNER_SCOPED super_admin_action_audit=RLS_ON_TENANT_SCOPED tenants=RLS_ON_TENANT_SCOPED training_contracts=RLS_ON_TENANT_SCOPED user_preferences=RLS_ON_OWNER_SCOPED,aass_providers apprentice_competencies audit_logs award_rates clients contacts custom_page_revisions custom_pages employers field_officers funding_sources gto_complaints incidents mentors opportunities placements qualifications report_catalog_joins sites state_training_authorities tenant_entity_records training_plans training_providers units_of_competency user_tenants,acting_scope_tenant_id log_tenant_switch,,,yes,75,3,OK,
/contracts/training/:id/edit,crm7,authenticated,TrainingContractEdit,crm7/src/pages/contracts/training/[id]/edit.tsx,useApprenticeshipTitleCoverage useAuth useDateFormatPreference useMutation usePersonOneShotSource usePlatformRole useQuery useQueryClient useTenantId useTrainingContractStore,developer_impersonation_sessions document_records people profiles qualifications super_admin_action_audit tenants training_contract_probation_events training_contracts training_plan_units user_preferences,developer_impersonation_sessions=RLS_ON_TENANT_SCOPED document_records=RLS_ON_TENANT_SCOPED people=RLS_ON_TENANT_SCOPED profiles=RLS_ON_OWNER_SCOPED qualifications=RLS_ON_TENANT_SCOPED super_admin_action_audit=RLS_ON_TENANT_SCOPED tenants=RLS_ON_TENANT_SCOPED training_contract_probation_events=RLS_ON_TENANT_SCOPED training_contracts=RLS_ON_TENANT_SCOPED training_plan_units=RLS_ON_TENANT_SCOPED user_preferences=RLS_ON_OWNER_SCOPED,aass_providers apprentice_competencies audit_logs award_rates clients contacts custom_page_revisions custom_pages employers field_officers funding_sources gto_complaints incidents mentors opportunities placements report_catalog_joins sites state_training_authorities tenant_entity_records training_plans training_providers units_of_competency user_tenants,acting_scope_tenant_id log_tenant_switch,tga-search,tga-search=true,yes,88,15,OK,
/contracts/training/e-signatures,crm7,authenticated,ESignatures,crm7/src/pages/contracts/training/e-signatures.tsx,,profiles training_plan_signatures training_plans user_tenants,profiles=RLS_ON_OWNER_SCOPED training_plan_signatures=RLS_ON_TENANT_SCOPED training_plans=RLS_ON_MIXED user_tenants=RLS_ON_TENANT_SCOPED,aass_providers apprentice_competencies award_rates clients contacts custom_page_revisions custom_pages developer_impersonation_sessions employers field_officers funding_sources gto_complaints incidents mentors opportunities people placements qualifications report_catalog_joins sites state_training_authorities super_admin_action_audit tenant_entity_records tenants training_contracts training_providers units_of_competency user_preferences,acting_scope_tenant_id set_current_tenant,,,yes,71,3,OK,
/contracts/training/new,crm7,authenticated,TrainingContractCreate,crm7/src/pages/contracts/training/create.tsx,useApprenticeshipTitleCoverage useDateFormatPreference useHostEmployerStore useMutation usePlatformRole useRtoIdsDeliveringQualification useTenantId,developer_impersonation_sessions profiles qualifications super_admin_action_audit tenants training_contracts training_provider_qualifications user_preferences,developer_impersonation_sessions=RLS_ON_TENANT_SCOPED profiles=RLS_ON_OWNER_SCOPED qualifications=RLS_ON_TENANT_SCOPED super_admin_action_audit=RLS_ON_TENANT_SCOPED tenants=RLS_ON_TENANT_SCOPED training_contracts=RLS_ON_TENANT_SCOPED training_provider_qualifications=RLS_ON_PERMISSIVE user_preferences=RLS_ON_OWNER_SCOPED,aass_providers apprentice_competencies audit_logs award_rates clients contacts custom_page_revisions custom_pages employers field_officers funding_sources gto_complaints incidents mentors opportunities people placements report_catalog_joins sites state_training_authorities tenant_entity_records training_plans training_providers units_of_competency user_tenants,acting_scope_tenant_id log_tenant_switch,tga-search,tga-search=true,yes,81,11,OK,
/custom/:slug,crm7,authenticated,CustomPageView,crm7/src/pages/custom/[slug].tsx,usePlatformRole useRoute useTenantId,custom_page_revisions custom_pages developer_impersonation_sessions profiles super_admin_action_audit tenant_field_definitions tenants ui_config_overrides,custom_page_revisions=RLS_ON_TENANT_SCOPED custom_pages=RLS_ON_MIXED developer_impersonation_sessions=RLS_ON_TENANT_SCOPED profiles=RLS_ON_OWNER_SCOPED super_admin_action_audit=RLS_ON_TENANT_SCOPED tenant_field_definitions=RLS_ON_TENANT_SCOPED tenants=RLS_ON_TENANT_SCOPED ui_config_overrides=RLS_ON_TENANT_SCOPED,audit_logs clients contacts employers entity_relationships funding_sources people picklist_options qualifications tenant_entities tenant_entity_relations training_providers user_preferences user_tenants,acting_scope_tenant_id log_tenant_switch,,,yes,40,8,OK,
/dashboard,crm7,authenticated,DashboardPage,crm7/src/App.tsx,useAccessibilityInit useApprenticeOptions useApprenticePlacementsForApprentice useApprenticeStore useApprenticesAnalytics useAuth useBootAssessmentStore useBranding useCaseNoteStore useChargeCalcResolvers useChromelessState useClientStore useCoYApprenticeChangeStore useCoYBatchStore useCommunicationStore useCommunicationTemplateStore useCompetencyAssessmentStore useComplianceStore useContactStore useContacts useDashboard useDashboardCrossFilterStore useDashboardsList useDebounce,aass_registrations apprentice_competencies apprentice_handoff_tokens apprentices audit_events audit_logs avetmiss_exports awards boot_assessments charge_rate_audit_log charge_rate_quotes charge_rate_schedules charge_rate_snapshots clients communications competency_assessments compliance_alerts contacts coy_apprentice_changes document_metadata document_records employers financial_viability_snapshots gto_access_equity_adjustments gto_compliance_evidence guardian_consents incidents induction_records invoice_line_items invoices leave_requests lln_assessments mentor_assignments org_members pay_runs payroll_identifier_kinds people performance_reviews placements profiles progress_review_templates qualification_units qualifications r7_candidates rate_schedules reminders report_deliveries report_schedules report_templates signature_requests site_visits skill_records super_admin_action_audit support_contacts tenant_payroll_identifiers tenant_switch_audit tenants timesheets training_contracts training_plan_reviews training_plans training_provider_organisations training_provider_qualifications training_providers units_of_competency user_tenants whs_audits xero_connections,aass_registrations=RLS_ON_TENANT_SCOPED apprentice_competencies=RLS_ON_TENANT_SCOPED apprentice_handoff_tokens=RLS_ON_TENANT_SCOPED apprentices=RLS_ON_TENANT_SCOPED audit_events=RLS_ON_TENANT_SCOPED audit_logs=RLS_ON_OWNER_SCOPED avetmiss_exports=RLS_ON_TENANT_SCOPED awards=RLS_ON_ROLE_OR_OTHER boot_assessments=RLS_ON_TENANT_SCOPED charge_rate_audit_log=RLS_ON_TENANT_SCOPED charge_rate_quotes=RLS_ON_TENANT_SCOPED charge_rate_schedules=RLS_ON_TENANT_SCOPED charge_rate_snapshots=RLS_ON_TENANT_SCOPED clients=RLS_ON_TENANT_SCOPED communications=RLS_ON_TENANT_SCOPED competency_assessments=RLS_ON_TENANT_SCOPED compliance_alerts=RLS_ON_TENANT_SCOPED contacts=RLS_ON_TENANT_SCOPED coy_apprentice_changes=RLS_ON_TENANT_SCOPED document_metadata=RLS_ON_TENANT_SCOPED document_records=RLS_ON_TENANT_SCOPED employers=RLS_ON_TENANT_SCOPED financial_viability_snapshots=RLS_ON_ROLE_OR_OTHER gto_access_equity_adjustments=RLS_ON_MIXED gto_compliance_evidence=RLS_ON_MIXED guardian_consents=RLS_ON_TENANT_SCOPED incidents=RLS_ON_TENANT_SCOPED induction_records=RLS_ON_TENANT_SCOPED invoice_line_items=RLS_ON_TENANT_SCOPED invoices=RLS_ON_TENANT_SCOPED leave_requests=RLS_ON_TENANT_SCOPED lln_assessments=RLS_ON_TENANT_SCOPED mentor_assignments=RLS_ON_TENANT_SCOPED org_members=RLS_ON_TENANT_SCOPED pay_runs=RLS_ON_MIXED payroll_identifier_kinds=RLS_ON_PERMISSIVE people=RLS_ON_TENANT_SCOPED performance_reviews=RLS_ON_TENANT_SCOPED placements=RLS_ON_TENANT_SCOPED profiles=RLS_ON_OWNER_SCOPED progress_review_templates=RLS_ON_TENANT_SCOPED qualification_units=RLS_ON_PERMISSIVE qualifications=RLS_ON_TENANT_SCOPED r7_candidates=RLS_ON_TENANT_SCOPED rate_schedules=RLS_ON_TENANT_SCOPED reminders=RLS_ON_TENANT_SCOPED report_deliveries=RLS_ON_TENANT_SCOPED report_schedules=RLS_ON_TENANT_SCOPED report_templates=RLS_ON_TENANT_SCOPED signature_requests=RLS_ON_TENANT_SCOPED site_visits=RLS_ON_MIXED skill_records=RLS_ON_TENANT_SCOPED super_admin_action_audit=RLS_ON_TENANT_SCOPED support_contacts=RLS_ON_TENANT_SCOPED tenant_payroll_identifiers=RLS_ON_TENANT_SCOPED tenant_switch_audit=RLS_ON_TENANT_SCOPED tenants=RLS_ON_TENANT_SCOPED timesheets=RLS_ON_TENANT_SCOPED training_contracts=RLS_ON_TENANT_SCOPED training_plan_reviews=RLS_ON_TENANT_SCOPED training_plans=RLS_ON_MIXED training_provider_organisations=RLS_ON_TENANT_SCOPED training_provider_qualifications=RLS_ON_PERMISSIVE training_providers=RLS_ON_TENANT_SCOPED units_of_competency=RLS_ON_TENANT_SCOPED user_tenants=RLS_ON_TENANT_SCOPED whs_audits=RLS_ON_TENANT_SCOPED xero_connections=RLS_ON_TENANT_SCOPED,,create_apprentice_from_candidate create_person_with_contact is_enterprise_admin link_training_provider_to_organisation log_tenant_switch onboarding_requirements_preview payroll_remittance_readiness platform_admin_act_as platform_admin_stop_acting redeem_quote_handoff_token set_demo_persist_flag update_person_with_contact,avetmiss-export charge-rate-quote-dispatch fairwork-enhanced handover-to-employment host-agreement-dispatch invoice-send-direct report-delivery tasks-sync xero-invoice-submit,avetmiss-export=true charge-rate-quote-dispatch=true fairwork-enhanced=true handover-to-employment=true host-agreement-dispatch=true invoice-send-direct=true report-delivery=true tasks-sync=true xero-invoice-submit=true,PARTIAL,260,11,REVIEW_TENANT_PARTIAL,
/dashboards,crm7,authenticated,DashboardsList,crm7/src/pages/dashboards/[id].tsx,useAuth useCreateDashboard useDashboard useDashboardCrossFilterStore useDashboardsList usePermissions usePlatformRole usePortalContext useQueryClient useReportRun useReportTemplate useReportTemplatesList useSetDashboardDefault useTenantId useUpdateDashboardLayout,audit_logs dashboards developer_impersonation_sessions profiles report_deliveries report_templates super_admin_action_audit tenants user_tenants,audit_logs=RLS_ON_OWNER_SCOPED dashboards=RLS_ON_TENANT_SCOPED developer_impersonation_sessions=RLS_ON_TENANT_SCOPED profiles=RLS_ON_OWNER_SCOPED report_deliveries=RLS_ON_TENANT_SCOPED report_templates=RLS_ON_TENANT_SCOPED super_admin_action_audit=RLS_ON_TENANT_SCOPED tenants=RLS_ON_TENANT_SCOPED user_tenants=RLS_ON_TENANT_SCOPED,aass_providers apprentice_competencies award_rates clients contacts custom_page_revisions custom_pages employers field_officers funding_sources gto_complaints incidents mentors opportunities people placements qualifications report_catalog_entities report_catalog_fields report_catalog_joins report_catalog_measures saved_views sites state_training_authorities tenant_entity_records training_contracts training_plans training_providers units_of_competency user_preferences,acting_scope_tenant_id log_tenant_switch set_dashboard_default,,report-delivery=true tenant-management=true,yes,99,5,OK,
/dashboards/:id,crm7,authenticated,DashboardView,crm7/src/pages/financial/index.tsx,useDocumentTitle useFinancialStore useInvoiceStore usePaymentStore usePermissions,apprentice_competencies employers gto_complaints gto_compliance_assessments invoices mentor_assignments people placements training_plans units_of_competency whs_incidents whs_policies whs_risk_assessments workplace_inspections,apprentice_competencies=RLS_ON_TENANT_SCOPED employers=RLS_ON_TENANT_SCOPED gto_complaints=RLS_ON_MIXED gto_compliance_assessments=RLS_ON_MIXED invoices=RLS_ON_TENANT_SCOPED mentor_assignments=RLS_ON_TENANT_SCOPED people=RLS_ON_TENANT_SCOPED placements=RLS_ON_TENANT_SCOPED training_plans=RLS_ON_MIXED units_of_competency=RLS_ON_TENANT_SCOPED whs_incidents=RLS_ON_TENANT_SCOPED whs_policies=RLS_ON_TENANT_SCOPED whs_risk_assessments=RLS_ON_TENANT_SCOPED workplace_inspections=RLS_ON_TENANT_SCOPED,aass_providers audit_logs award_rates clients contacts custom_page_revisions custom_pages developer_impersonation_sessions field_officers funding_sources incidents mentors opportunities profiles qualifications report_catalog_joins sites state_training_authorities super_admin_action_audit tenant_entity_records tenants training_contracts training_providers user_preferences user_tenants,invoice_summary,,tenant-management=true,yes,81,13,OK,
/deals,crm7,authenticated,Deals,crm7/src/pages/deals/index.tsx,useDocumentTitle useOpportunityStore usePermissions useReactTable useTablePreferences,batch_charge_rate_quotes charge_rate_quotes compliance_alerts people tenants user_preferences,batch_charge_rate_quotes=RLS_ON_TENANT_SCOPED charge_rate_quotes=RLS_ON_TENANT_SCOPED compliance_alerts=RLS_ON_TENANT_SCOPED people=RLS_ON_TENANT_SCOPED tenants=RLS_ON_TENANT_SCOPED user_preferences=RLS_ON_OWNER_SCOPED,aass_providers apprentice_competencies audit_logs award_rates charge_rate_snapshots clients contacts custom_page_revisions custom_pages developer_impersonation_sessions employers field_officers funding_sources govt_integration_logs gto_complaints incidents mentors opportunities placements profiles qualifications report_catalog_joins sites state_training_authorities super_admin_action_audit tenant_entity_records training_contracts training_plans training_providers units_of_competency user_tenants wage_calculation_snapshots,,,tenant-management=true,yes,191,12,OK,
/deals/new,crm7,authenticated,DealCreate,crm7/src/pages/deals/new.tsx,useDateFormatPreference useDocumentTitle useOpportunityStore usePermissions,user_preferences,user_preferences=RLS_ON_OWNER_SCOPED,audit_logs developer_impersonation_sessions people profiles super_admin_action_audit tenants user_tenants,,,tenant-management=true,n/a,48,8,OK,
/documents,crm7,authenticated,Documents,crm7/src/pages/documents/index.tsx,useDocumentTitle usePermissions usePlatformRole useSearch useTenantId,developer_impersonation_sessions document_records profiles super_admin_action_audit tenants,developer_impersonation_sessions=RLS_ON_TENANT_SCOPED document_records=RLS_ON_TENANT_SCOPED profiles=RLS_ON_OWNER_SCOPED super_admin_action_audit=RLS_ON_TENANT_SCOPED tenants=RLS_ON_TENANT_SCOPED,aass_providers apprentice_competencies audit_logs award_rates clients contacts custom_page_revisions custom_pages employers field_officers funding_sources gto_complaints incidents mentors opportunities people placements qualifications report_catalog_joins sites state_training_authorities tenant_entity_records training_contracts training_plans training_providers units_of_competency user_preferences user_tenants,acting_scope_tenant_id log_tenant_switch,,tenant-management=true,yes,58,3,OK,
/documents/:id,crm7,authenticated,DocumentDetail,crm7/src/pages/documents/[id].tsx,useDocumentRecordStore,,,aass_providers apprentice_competencies award_rates clients contacts custom_page_revisions custom_pages developer_impersonation_sessions employers field_officers funding_sources gto_complaints incidents mentors opportunities people placements profiles qualifications report_catalog_joins sites state_training_authorities super_admin_action_audit tenant_entity_records tenants training_contracts training_plans training_providers units_of_competency user_preferences user_tenants,,,,n/a,61,11,OK,
/documents/compliance,crm7,authenticated,DocumentCompliancePage,crm7/src/pages/documents/compliance.tsx,useDocumentCategoryPolicies useDownloadDocument useEntityDocuments useExpiringDocuments useMutation useQuery useQueryClient useUploadDocument useVerificationHistory useVerificationStats useVerifyDocument,document_access_log document_metadata document_verification_events,document_access_log=RLS_ON_TENANT_SCOPED document_metadata=RLS_ON_TENANT_SCOPED document_verification_events=RLS_ON_TENANT_SCOPED,aass_providers apprentice_competencies award_rates clients contacts custom_page_revisions custom_pages developer_impersonation_sessions document_categories employers field_officers funding_sources gto_complaints incidents mentors opportunities people placements profiles qualifications report_catalog_joins sites state_training_authorities super_admin_action_audit tenant_entity_records tenants training_contracts training_plans training_providers units_of_competency user_preferences user_tenants,get_documents_eligible_for_destruction,document-encryption,document-encryption=true,yes,50,6,OK,
/documents/create,crm7,authenticated,DocumentUpload,crm7/src/pages/documents/upload.tsx,useDateFormatPreference useDocumentRecordStore useSearch,profiles user_preferences user_tenants,profiles=RLS_ON_OWNER_SCOPED user_preferences=RLS_ON_OWNER_SCOPED user_tenants=RLS_ON_TENANT_SCOPED,aass_providers apprentice_competencies award_rates clients contacts custom_page_revisions custom_pages developer_impersonation_sessions employers field_officers funding_sources gto_complaints incidents mentors opportunities people placements qualifications report_catalog_joins sites state_training_authorities super_admin_action_audit tenant_entity_records tenants training_contracts training_plans training_providers units_of_competency,acting_scope_tenant_id set_current_tenant,,,yes,69,14,OK,
/documents/hub,crm7,authenticated,DocumentsHub,crm7/src/pages/documents/hub/index.tsx,,document_records,document_records=RLS_ON_TENANT_SCOPED,aass_providers apprentice_competencies award_rates clients contacts custom_page_revisions custom_pages developer_impersonation_sessions employers field_officers funding_sources gto_complaints incidents mentors opportunities people placements profiles qualifications report_catalog_joins sites state_training_authorities super_admin_action_audit tenant_entity_records tenants training_contracts training_plans training_providers units_of_competency user_preferences user_tenants,,,,yes,69,3,OK,
/documents/management,crm7,authenticated,DocumentManagement,crm7/src/pages/documents/management.tsx,useDocumentRecordStore useReactTable useTablePreferences,document_records people tenants user_preferences,document_records=RLS_ON_TENANT_SCOPED people=RLS_ON_TENANT_SCOPED tenants=RLS_ON_TENANT_SCOPED user_preferences=RLS_ON_OWNER_SCOPED,aass_providers apprentice_competencies audit_logs award_rates clients contacts custom_page_revisions custom_pages developer_impersonation_sessions employers field_officers funding_sources gto_complaints incidents mentors opportunities placements profiles qualifications report_catalog_joins sites state_training_authorities super_admin_action_audit tenant_entity_records training_contracts training_plans training_providers units_of_competency user_tenants,,,,yes,82,11,OK,
/documents/signatures,crm7,authenticated,DigitalSignatures,crm7/src/pages/documents/signatures.tsx,useReactTable useSignatureRequestStore useTablePreferences,people tenants user_preferences,people=RLS_ON_TENANT_SCOPED tenants=RLS_ON_TENANT_SCOPED user_preferences=RLS_ON_OWNER_SCOPED,aass_providers apprentice_competencies audit_logs award_rates clients contacts custom_page_revisions custom_pages developer_impersonation_sessions employers field_officers funding_sources gto_complaints incidents mentors opportunities placements profiles qualifications report_catalog_joins sites state_training_authorities super_admin_action_audit tenant_entity_records training_contracts training_plans training_providers units_of_competency user_tenants,,,,yes,81,11,OK,
/documents/templates,crm7,authenticated,DocumentTemplates,crm7/src/pages/documents/templates/index.tsx,useMutation usePlatformRole useTenantId,developer_impersonation_sessions document_templates profiles super_admin_action_audit tenants,developer_impersonation_sessions=RLS_ON_TENANT_SCOPED document_templates=RLS_ON_TENANT_SCOPED profiles=RLS_ON_OWNER_SCOPED super_admin_action_audit=RLS_ON_TENANT_SCOPED tenants=RLS_ON_TENANT_SCOPED,aass_providers apprentice_competencies audit_logs award_rates clients contacts custom_page_revisions custom_pages employers field_officers funding_sources gto_complaints incidents mentors opportunities people placements qualifications report_catalog_joins sites state_training_authorities tenant_entity_records training_contracts training_plans training_providers units_of_competency user_preferences user_tenants,acting_scope_tenant_id log_tenant_switch,,,yes,61,6,OK,
/documents/templates/:id,crm7,authenticated,DocumentTemplateEditor,crm7/src/pages/documents/templates/editor.tsx,useMutation usePlateEditor usePlatformRole useQuery useQueryClient useRoute useTenantId,developer_impersonation_sessions document_merge_fields document_templates employers people profiles super_admin_action_audit tenants,developer_impersonation_sessions=RLS_ON_TENANT_SCOPED document_merge_fields=RLS_ON_PERMISSIVE document_templates=RLS_ON_TENANT_SCOPED employers=RLS_ON_TENANT_SCOPED people=RLS_ON_TENANT_SCOPED profiles=RLS_ON_OWNER_SCOPED super_admin_action_audit=RLS_ON_TENANT_SCOPED tenants=RLS_ON_TENANT_SCOPED,aass_providers apprentice_competencies audit_logs award_rates clients contacts custom_page_revisions custom_pages document_access_log document_categories document_metadata field_officers funding_sources gto_complaints incidents mentors opportunities placements qualifications report_catalog_joins sites state_training_authorities tenant_entity_records training_contracts training_plans training_providers units_of_competency user_preferences user_tenants,acting_scope_tenant_id log_tenant_switch,,document-encryption=true,yes,74,10,OK,
/documents/upload,crm7,authenticated,DocumentUpload,crm7/src/pages/documents/upload.tsx,useDateFormatPreference useDocumentRecordStore useSearch,profiles user_preferences user_tenants,profiles=RLS_ON_OWNER_SCOPED user_preferences=RLS_ON_OWNER_SCOPED user_tenants=RLS_ON_TENANT_SCOPED,aass_providers apprentice_competencies award_rates clients contacts custom_page_revisions custom_pages developer_impersonation_sessions employers field_officers funding_sources gto_complaints incidents mentors opportunities people placements qualifications report_catalog_joins sites state_training_authorities super_admin_action_audit tenant_entity_records tenants training_contracts training_plans training_providers units_of_competency,acting_scope_tenant_id set_current_tenant,,,yes,69,14,OK,
/engagements,crm7,authenticated,Engagements,crm7/src/pages/engagements/index.tsx,useDocumentTitle usePermissions useQuery,engagements,engagements=RLS_ON_TENANT_SCOPED,aass_providers apprentice_competencies audit_logs award_rates clients contacts custom_page_revisions custom_pages developer_impersonation_sessions employers field_officers funding_sources gto_complaints incidents mentors opportunities people placements profiles qualifications report_catalog_joins sites state_training_authorities super_admin_action_audit tenant_entity_records tenants training_contracts training_plans training_providers units_of_competency user_preferences user_tenants,acting_scope_tenant_id,,tenant-management=true,yes,66,3,OK,
/engagements/:id/edit,crm7,authenticated,EngagementEdit,crm7/src/pages/engagements/[id]/edit.tsx,useQuery,engagement_funding_sources engagements funding_sources qualifications,engagement_funding_sources=RLS_ON_TENANT_SCOPED engagements=RLS_ON_TENANT_SCOPED funding_sources=RLS_ON_TENANT_SCOPED qualifications=RLS_ON_TENANT_SCOPED,aass_providers apprentice_competencies award_rates clients contacts custom_page_revisions custom_pages developer_impersonation_sessions employers field_officers gto_complaints incidents mentors opportunities people placements profiles report_catalog_joins sites state_training_authorities super_admin_action_audit tenant_entity_records tenants training_contracts training_plans training_provider_qualifications training_providers units_of_competency user_preferences user_tenants,acting_scope_tenant_id import_qualification_from_catalog,,,yes,77,11,OK,
/engagements/create,crm7,authenticated,EngagementCreate,crm7/src/pages/engagements/create.tsx,,engagement_funding_sources engagements funding_sources qualifications,engagement_funding_sources=RLS_ON_TENANT_SCOPED engagements=RLS_ON_TENANT_SCOPED funding_sources=RLS_ON_TENANT_SCOPED qualifications=RLS_ON_TENANT_SCOPED,aass_providers apprentice_competencies award_rates clients contacts custom_page_revisions custom_pages developer_impersonation_sessions employers field_officers gto_complaints incidents mentors opportunities people placements profiles report_catalog_joins sites state_training_authorities super_admin_action_audit tenant_entity_records tenants training_contracts training_plans training_provider_qualifications training_providers units_of_competency user_preferences user_tenants,acting_scope_tenant_id import_qualification_from_catalog,,,yes,77,11,OK,
/enrichment,crm7,authenticated,Enrichment,crm7/src/pages/enrichment/index.tsx,useAuth useDocumentTitle usePermissions usePlatformRole usePortalContext,developer_impersonation_sessions people profiles super_admin_action_audit user_tenants,developer_impersonation_sessions=RLS_ON_TENANT_SCOPED people=RLS_ON_TENANT_SCOPED profiles=RLS_ON_OWNER_SCOPED super_admin_action_audit=RLS_ON_TENANT_SCOPED user_tenants=RLS_ON_TENANT_SCOPED,aass_providers apprentice_competencies audit_logs award_rates clients contacts custom_page_revisions custom_pages employers field_officers funding_sources gto_complaints incidents mentors opportunities placements qualifications report_catalog_joins sites state_training_authorities tenant_entity_records tenant_settings tenants training_contracts training_plans training_providers units_of_competency user_preferences,log_tenant_switch,,fairwork-enhanced=true tenant-management=true,yes,121,3,OK,
/enrichment/programs,crm7,authenticated,EnrichmentPrograms,crm7/src/pages/enrichment/programs/index.tsx,,people,people=RLS_ON_TENANT_SCOPED,aass_providers apprentice_competencies award_rates clients contacts custom_page_revisions custom_pages developer_impersonation_sessions employers field_officers funding_sources gto_complaints incidents mentors opportunities placements profiles qualifications report_catalog_joins sites state_training_authorities super_admin_action_audit tenant_entity_records tenant_settings tenants training_contracts training_plans training_providers units_of_competency user_preferences user_tenants,,,fairwork-enhanced=true,yes,113,3,OK,
/external-employees,crm7,authenticated,Redirect,,,,,,,,,,0,0,REDIRECT,"route is a redirect, no data path of its own"
/external-employees/apprentices,crm7,authenticated,Redirect,,,,,,,,,,0,0,REDIRECT,"route is a redirect, no data path of its own"
/external-employees/workers,crm7,authenticated,Redirect,,,,,,,,,,0,0,REDIRECT,"route is a redirect, no data path of its own"
/fair-work-demo,crm7,authenticated,FairWorkDemo,crm7/src/pages/fair-work-demo.tsx,,,,aass_providers apprentice_competencies award_rates clients contacts custom_page_revisions custom_pages developer_impersonation_sessions employers field_officers funding_sources gto_complaints incidents mentors opportunities people placements profiles qualifications report_catalog_joins sites state_training_authorities super_admin_action_audit tenant_entity_records tenants training_contracts training_plans training_providers units_of_competency user_preferences user_tenants,,fairwork-enhanced,fairwork-enhanced=true,n/a,54,3,OK,
/field-officers,crm7,authenticated,FieldOfficers,crm7/src/pages/field-officers.tsx,useAuditLog useFieldOfficerStore useQuery useTenantId,batch_charge_rate_quotes charge_rate_quotes compliance_alerts contacts field_officers people tenants user_tenants,batch_charge_rate_quotes=RLS_ON_TENANT_SCOPED charge_rate_quotes=RLS_ON_TENANT_SCOPED compliance_alerts=RLS_ON_TENANT_SCOPED contacts=RLS_ON_TENANT_SCOPED field_officers=RLS_ON_TENANT_SCOPED people=RLS_ON_TENANT_SCOPED tenants=RLS_ON_TENANT_SCOPED user_tenants=RLS_ON_TENANT_SCOPED,aass_providers apprentice_competencies audit_logs award_rates charge_rate_snapshots clients custom_page_revisions custom_pages developer_impersonation_sessions employers funding_sources govt_integration_logs gto_complaints incidents mentors opportunities placements profiles qualifications report_catalog_joins sites state_training_authorities super_admin_action_audit tenant_entity_records training_contracts training_plans training_providers units_of_competency user_preferences wage_calculation_snapshots,,tenant-management,tenant-management=true,yes,189,12,OK,
/field-officers/actions,crm7,authenticated,FieldOfficerActions,crm7/src/pages/field-officers/actions/index.tsx,useDocumentTitle usePermissions useSiteVisitStore,people tenants,people=RLS_ON_TENANT_SCOPED tenants=RLS_ON_TENANT_SCOPED,aass_providers apprentice_competencies audit_logs award_rates clients contacts custom_page_revisions custom_pages developer_impersonation_sessions employers field_officers funding_sources gto_complaints incidents mentors opportunities placements profiles qualifications report_catalog_joins sites state_training_authorities super_admin_action_audit tenant_entity_records training_contracts training_plans training_providers units_of_competency user_preferences user_tenants,,,tenant-management=true,yes,75,11,OK,
/field-officers/actions/:id/edit,crm7,authenticated,FieldOfficerActionEdit,crm7/src/pages/field-officers/actions/[id]/edit.tsx,useDateFormatPreference useDocumentTitle usePermissions useSiteVisitStore,user_preferences,user_preferences=RLS_ON_OWNER_SCOPED,aass_providers apprentice_competencies audit_logs award_rates clients contacts custom_page_revisions custom_pages developer_impersonation_sessions employers field_officers funding_sources gto_complaints incidents mentors opportunities people placements profiles qualifications report_catalog_joins sites state_training_authorities super_admin_action_audit tenant_entity_records tenants training_contracts training_plans training_providers units_of_competency user_tenants,,,tenant-management=true,n/a,71,11,OK,
/field-officers/actions/create,crm7,authenticated,FieldOfficerActionCreate,crm7/src/pages/field-officers/actions/create.tsx,useDateFormatPreference useSiteVisitStore,aass_providers qualifications training_providers user_preferences,aass_providers=RLS_ON_TENANT_SCOPED qualifications=RLS_ON_TENANT_SCOPED training_providers=RLS_ON_TENANT_SCOPED user_preferences=RLS_ON_OWNER_SCOPED,apprentice_competencies award_rates clients contacts custom_page_revisions custom_pages developer_impersonation_sessions employers field_officers funding_sources gto_complaints incidents mentors opportunities people placements profiles report_catalog_joins sites state_training_authorities super_admin_action_audit tenant_entity_records tenants training_contracts training_plans training_provider_qualifications units_of_competency user_tenants,import_qualification_from_catalog,,tga-search=true,yes,106,13,OK,
/field-officers/admin-link,crm7,authenticated,FieldOfficerAdminLink,crm7/src/pages/field-officers/admin-link.tsx,useAuditLog useAuth usePlatformRole useQuery useQueryClient useTenantId,audit_logs contacts developer_impersonation_sessions field_officers people profiles super_admin_action_audit tenants user_tenants,audit_logs=RLS_ON_OWNER_SCOPED contacts=RLS_ON_TENANT_SCOPED developer_impersonation_sessions=RLS_ON_TENANT_SCOPED field_officers=RLS_ON_TENANT_SCOPED people=RLS_ON_TENANT_SCOPED profiles=RLS_ON_OWNER_SCOPED super_admin_action_audit=RLS_ON_TENANT_SCOPED tenants=RLS_ON_TENANT_SCOPED user_tenants=RLS_ON_TENANT_SCOPED,aass_providers apprentice_competencies award_rates clients custom_page_revisions custom_pages employers funding_sources gto_complaints incidents mentors opportunities placements qualifications report_catalog_joins sites state_training_authorities tenant_entity_records training_contracts training_plans training_providers units_of_competency user_preferences,acting_scope_tenant_id log_tenant_switch,tenant-management,tenant-management=true,yes,79,3,OK,
/field-officers/case-notes,crm7,authenticated,FieldOfficerCaseNotes,crm7/src/pages/field-officers/case-notes/index.tsx,useDocumentTitle usePermissions,,,aass_providers apprentice_competencies audit_logs award_rates clients contacts custom_page_revisions custom_pages developer_impersonation_sessions employers field_officers funding_sources gto_complaints incidents mentors opportunities people placements profiles qualifications report_catalog_joins sites state_training_authorities super_admin_action_audit tenant_entity_records tenants training_contracts training_plans training_providers units_of_competency user_preferences user_tenants,,,tenant-management=true,n/a,53,3,OK,
/field-officers/case-notes/:id/edit,crm7,authenticated,FieldOfficerCaseNoteEdit,crm7/src/pages/field-officers/case-notes/[id]/edit.tsx,useDateFormatPreference,user_preferences,user_preferences=RLS_ON_OWNER_SCOPED,aass_providers apprentice_competencies award_rates clients contacts custom_page_revisions custom_pages developer_impersonation_sessions employers field_officers funding_sources gto_complaints incidents mentors opportunities people placements profiles qualifications report_catalog_joins sites state_training_authorities super_admin_action_audit tenant_entity_records tenants training_contracts training_plans training_providers units_of_competency user_tenants,,,,n/a,51,3,OK,
/field-officers/case-notes/create,crm7,authenticated,FieldOfficerCaseNoteCreate,crm7/src/pages/field-officers/case-notes/create.tsx,useCaseNoteStore useDateFormatPreference,user_preferences,user_preferences=RLS_ON_OWNER_SCOPED,aass_providers apprentice_competencies award_rates clients contacts custom_page_revisions custom_pages developer_impersonation_sessions employers field_officers funding_sources gto_complaints incidents mentors opportunities people placements profiles qualifications report_catalog_joins sites state_training_authorities super_admin_action_audit tenant_entity_records tenants training_contracts training_plans training_providers units_of_competency user_tenants,,,,n/a,66,11,OK,
/field-officers/caseload,crm7,authenticated,FieldOfficerCaseload,crm7/src/pages/field-officers/caseload.tsx,useAuditLog useAuth useMutation usePermissions usePlatformRole usePortalContext useQuery useQueryClient useTenantId,contacts developer_impersonation_sessions employers field_officer_assignments field_officers people profiles super_admin_action_audit tenants user_tenants,contacts=RLS_ON_TENANT_SCOPED developer_impersonation_sessions=RLS_ON_TENANT_SCOPED employers=RLS_ON_TENANT_SCOPED field_officer_assignments=RLS_ON_TENANT_SCOPED field_officers=RLS_ON_TENANT_SCOPED people=RLS_ON_TENANT_SCOPED profiles=RLS_ON_OWNER_SCOPED super_admin_action_audit=RLS_ON_TENANT_SCOPED tenants=RLS_ON_TENANT_SCOPED user_tenants=RLS_ON_TENANT_SCOPED,aass_providers apprentice_competencies audit_logs award_rates clients custom_page_revisions custom_pages funding_sources gto_complaints incidents mentors opportunities placements qualifications report_catalog_joins sites state_training_authorities tenant_entity_records training_contracts training_plans training_providers units_of_competency user_preferences,acting_scope_tenant_id log_tenant_switch,tenant-management,tenant-management=true,yes,76,3,OK,
/field-officers/competency,crm7,authenticated,FieldOfficerCompetency,crm7/src/pages/field-officers/competency/index.tsx,,,,aass_providers apprentice_competencies award_rates clients contacts custom_page_revisions custom_pages developer_impersonation_sessions employers field_officers funding_sources gto_complaints incidents mentors opportunities people placements profiles qualifications report_catalog_joins sites state_training_authorities super_admin_action_audit tenant_entity_records tenants training_contracts training_plans training_providers units_of_competency user_preferences user_tenants,,,,n/a,48,3,OK,
/field-officers/competency/:id/edit,crm7,authenticated,FieldOfficerCompetencyEdit,crm7/src/pages/field-officers/competency/[id]/edit.tsx,useCompetencyAssessmentStore useDateFormatPreference,aass_providers batch_charge_rate_quotes charge_rate_quotes compliance_alerts qualifications training_providers user_preferences,aass_providers=RLS_ON_TENANT_SCOPED batch_charge_rate_quotes=RLS_ON_TENANT_SCOPED charge_rate_quotes=RLS_ON_TENANT_SCOPED compliance_alerts=RLS_ON_TENANT_SCOPED qualifications=RLS_ON_TENANT_SCOPED training_providers=RLS_ON_TENANT_SCOPED user_preferences=RLS_ON_OWNER_SCOPED,apprentice_competencies award_rates charge_rate_snapshots clients contacts custom_page_revisions custom_pages developer_impersonation_sessions employers field_officers funding_sources govt_integration_logs gto_complaints incidents mentors opportunities people placements profiles report_catalog_joins sites state_training_authorities super_admin_action_audit tenant_entity_records tenants training_contracts training_plans training_provider_qualifications units_of_competency user_tenants wage_calculation_snapshots,import_qualification_from_catalog,,tga-search=true,yes,210,14,OK,
/field-officers/competency/:id/report,crm7,authenticated,FieldOfficerCompetencyReport,crm7/src/pages/field-officers/competency/[id]/report.tsx,useCompetencyAssessmentStore,batch_charge_rate_quotes charge_rate_quotes compliance_alerts people tenants,batch_charge_rate_quotes=RLS_ON_TENANT_SCOPED charge_rate_quotes=RLS_ON_TENANT_SCOPED compliance_alerts=RLS_ON_TENANT_SCOPED people=RLS_ON_TENANT_SCOPED tenants=RLS_ON_TENANT_SCOPED,aass_providers apprentice_competencies award_rates charge_rate_snapshots clients contacts custom_page_revisions custom_pages developer_impersonation_sessions employers field_officers funding_sources govt_integration_logs gto_complaints incidents mentors opportunities placements profiles qualifications report_catalog_joins sites state_training_authorities super_admin_action_audit tenant_entity_records training_contracts training_plans training_providers units_of_competency user_preferences user_tenants wage_calculation_snapshots,,,,yes,164,12,OK,
/field-officers/competency/assess,crm7,authenticated,FieldOfficerCompetencyAssess,crm7/src/pages/field-officers/competency/assess.tsx,useAuth usePlatformRole useTenantId,aass_providers apprentice_competencies apprentices audit_logs competency_assessments developer_impersonation_sessions gto_compliance_evidence people profiles qualification_units qualifications super_admin_action_audit tenants training_providers,aass_providers=RLS_ON_TENANT_SCOPED apprentice_competencies=RLS_ON_TENANT_SCOPED apprentices=RLS_ON_TENANT_SCOPED audit_logs=RLS_ON_OWNER_SCOPED competency_assessments=RLS_ON_TENANT_SCOPED developer_impersonation_sessions=RLS_ON_TENANT_SCOPED gto_compliance_evidence=RLS_ON_MIXED people=RLS_ON_TENANT_SCOPED profiles=RLS_ON_OWNER_SCOPED qualification_units=RLS_ON_PERMISSIVE qualifications=RLS_ON_TENANT_SCOPED super_admin_action_audit=RLS_ON_TENANT_SCOPED tenants=RLS_ON_TENANT_SCOPED training_providers=RLS_ON_TENANT_SCOPED,award_rates clients contacts custom_page_revisions custom_pages employers field_officers funding_sources gto_complaints incidents mentors opportunities placements report_catalog_joins sites state_training_authorities tenant_entity_records training_contracts training_plans training_provider_qualifications units_of_competency user_preferences user_tenants,acting_scope_tenant_id import_qualification_from_catalog log_tenant_switch,,tga-search=true,yes,106,13,OK,
/field-officers/competency/assess/:personId,crm7,authenticated,FieldOfficerCompetencyAssess,crm7/src/pages/field-officers/competency/assess.tsx,useAuth usePlatformRole useTenantId,aass_providers apprentice_competencies apprentices audit_logs competency_assessments developer_impersonation_sessions gto_compliance_evidence people profiles qualification_units qualifications super_admin_action_audit tenants training_providers,aass_providers=RLS_ON_TENANT_SCOPED apprentice_competencies=RLS_ON_TENANT_SCOPED apprentices=RLS_ON_TENANT_SCOPED audit_logs=RLS_ON_OWNER_SCOPED competency_assessments=RLS_ON_TENANT_SCOPED developer_impersonation_sessions=RLS_ON_TENANT_SCOPED gto_compliance_evidence=RLS_ON_MIXED people=RLS_ON_TENANT_SCOPED profiles=RLS_ON_OWNER_SCOPED qualification_units=RLS_ON_PERMISSIVE qualifications=RLS_ON_TENANT_SCOPED super_admin_action_audit=RLS_ON_TENANT_SCOPED tenants=RLS_ON_TENANT_SCOPED training_providers=RLS_ON_TENANT_SCOPED,award_rates clients contacts custom_page_revisions custom_pages employers field_officers funding_sources gto_complaints incidents mentors opportunities placements report_catalog_joins sites state_training_authorities tenant_entity_records training_contracts training_plans training_provider_qualifications units_of_competency user_preferences user_tenants,acting_scope_tenant_id import_qualification_from_catalog log_tenant_switch,,tga-search=true,yes,106,13,OK,
/field-officers/competency/create,crm7,authenticated,FieldOfficerCompetencyCreate,crm7/src/pages/field-officers/competency/create.tsx,useCompetencyAssessmentStore useDateFormatPreference,aass_providers batch_charge_rate_quotes charge_rate_quotes compliance_alerts qualifications training_providers user_preferences,aass_providers=RLS_ON_TENANT_SCOPED batch_charge_rate_quotes=RLS_ON_TENANT_SCOPED charge_rate_quotes=RLS_ON_TENANT_SCOPED compliance_alerts=RLS_ON_TENANT_SCOPED qualifications=RLS_ON_TENANT_SCOPED training_providers=RLS_ON_TENANT_SCOPED user_preferences=RLS_ON_OWNER_SCOPED,apprentice_competencies award_rates charge_rate_snapshots clients contacts custom_page_revisions custom_pages developer_impersonation_sessions employers field_officers funding_sources govt_integration_logs gto_complaints incidents mentors opportunities people placements profiles report_catalog_joins sites state_training_authorities super_admin_action_audit tenant_entity_records tenants training_contracts training_plans training_provider_qualifications units_of_competency user_tenants wage_calculation_snapshots,import_qualification_from_catalog,,tga-search=true,yes,210,14,OK,
/field-officers/incidents,crm7,authenticated,FieldOfficerIncidents,crm7/src/pages/field-officers/incidents/index.tsx,useDocumentTitle usePermissions,,,aass_providers apprentice_competencies audit_logs award_rates clients contacts custom_page_revisions custom_pages developer_impersonation_sessions employers field_officers funding_sources gto_complaints incidents mentors opportunities people placements profiles qualifications report_catalog_joins sites state_training_authorities super_admin_action_audit tenant_entity_records tenants training_contracts training_plans training_providers units_of_competency user_preferences user_tenants,,,tenant-management=true,n/a,59,3,OK,
/field-officers/incidents/:id/edit,crm7,authenticated,FieldOfficerIncidentEdit,crm7/src/pages/field-officers/incidents/[id]/edit.tsx,useDateFormatPreference useWhsStore,aass_providers batch_charge_rate_quotes charge_rate_quotes compliance_alerts qualifications training_providers user_preferences,aass_providers=RLS_ON_TENANT_SCOPED batch_charge_rate_quotes=RLS_ON_TENANT_SCOPED charge_rate_quotes=RLS_ON_TENANT_SCOPED compliance_alerts=RLS_ON_TENANT_SCOPED qualifications=RLS_ON_TENANT_SCOPED training_providers=RLS_ON_TENANT_SCOPED user_preferences=RLS_ON_OWNER_SCOPED,apprentice_competencies award_rates charge_rate_snapshots clients contacts custom_page_revisions custom_pages developer_impersonation_sessions employers field_officers funding_sources govt_integration_logs gto_complaints incidents mentors opportunities people placements profiles report_catalog_joins sites state_training_authorities super_admin_action_audit tenant_entity_records tenants training_contracts training_plans training_provider_qualifications units_of_competency user_tenants wage_calculation_snapshots,import_qualification_from_catalog,,tga-search=true,yes,210,14,OK,
/field-officers/incidents/create,crm7,authenticated,FieldOfficerIncidentCreate,crm7/src/pages/field-officers/incidents/create.tsx,useDateFormatPreference useWhsStore,aass_providers batch_charge_rate_quotes charge_rate_quotes compliance_alerts qualifications training_providers user_preferences,aass_providers=RLS_ON_TENANT_SCOPED batch_charge_rate_quotes=RLS_ON_TENANT_SCOPED charge_rate_quotes=RLS_ON_TENANT_SCOPED compliance_alerts=RLS_ON_TENANT_SCOPED qualifications=RLS_ON_TENANT_SCOPED training_providers=RLS_ON_TENANT_SCOPED user_preferences=RLS_ON_OWNER_SCOPED,apprentice_competencies award_rates charge_rate_snapshots clients contacts custom_page_revisions custom_pages developer_impersonation_sessions employers field_officers funding_sources govt_integration_logs gto_complaints incidents mentors opportunities people placements profiles report_catalog_joins sites state_training_authorities super_admin_action_audit tenant_entity_records tenants training_contracts training_plans training_provider_qualifications units_of_competency user_tenants wage_calculation_snapshots,import_qualification_from_catalog,,tga-search=true,yes,210,14,OK,
/field-officers/site-assessment,crm7,authenticated,FieldOfficerSiteAssessment,crm7/src/pages/field-officers/site-assessment.tsx,useDateFormatPreference,user_preferences,user_preferences=RLS_ON_OWNER_SCOPED,aass_providers apprentice_competencies award_rates clients contacts custom_page_revisions custom_pages developer_impersonation_sessions employers field_officers funding_sources gto_complaints incidents mentors opportunities people placements profiles qualifications report_catalog_joins sites state_training_authorities super_admin_action_audit tenant_entity_records tenants training_contracts training_plans training_providers units_of_competency user_tenants,,,,n/a,52,3,OK,
/field-officers/site-visits,crm7,authenticated,FieldOfficerSiteVisits,crm7/src/pages/field-officers/site-visits/index.tsx,useDocumentTitle usePermissions useSiteVisitStore,people tenants,people=RLS_ON_TENANT_SCOPED tenants=RLS_ON_TENANT_SCOPED,aass_providers apprentice_competencies audit_logs award_rates clients contacts custom_page_revisions custom_pages developer_impersonation_sessions employers field_officers funding_sources gto_complaints incidents mentors opportunities placements profiles qualifications report_catalog_joins sites state_training_authorities super_admin_action_audit tenant_entity_records training_contracts training_plans training_providers units_of_competency user_preferences user_tenants,,,tenant-management=true,yes,80,11,OK,
/financial,crm7,authenticated,Financial,crm7/src/pages/financial/budget/index.tsx,useDocumentTitle usePermissions,,,audit_logs developer_impersonation_sessions profiles super_admin_action_audit tenants user_tenants,,,tenant-management=true,n/a,16,0,OK,
/financial/budget,crm7,authenticated,FinancialBudget,crm7/src/pages/financial/expenses/index.tsx,useDocumentTitle useFinancialStore usePermissions useReactTable useTablePreferences,people tenants user_preferences,people=RLS_ON_TENANT_SCOPED tenants=RLS_ON_TENANT_SCOPED user_preferences=RLS_ON_OWNER_SCOPED,aass_providers apprentice_competencies audit_logs award_rates clients contacts custom_page_revisions custom_pages developer_impersonation_sessions employers error_log field_officers funding_sources gto_complaints incidents mentors opportunities placements profiles qualifications report_catalog_joins sites state_training_authorities super_admin_action_audit tenant_entity_records training_contracts training_plans training_providers units_of_competency user_tenants,,,tenant-management=true,yes,90,11,OK,
/financial/expenses,crm7,authenticated,FinancialExpenses,crm7/src/pages/financial/placements.tsx,useAuth usePermissions usePlacementStore usePlatformRole usePortalContext useQuery useTenantId,charge_rate_quotes charge_rate_snapshots developer_impersonation_sessions people placements profiles super_admin_action_audit tenants user_tenants,charge_rate_quotes=RLS_ON_TENANT_SCOPED charge_rate_snapshots=RLS_ON_TENANT_SCOPED developer_impersonation_sessions=RLS_ON_TENANT_SCOPED people=RLS_ON_TENANT_SCOPED placements=RLS_ON_TENANT_SCOPED profiles=RLS_ON_OWNER_SCOPED super_admin_action_audit=RLS_ON_TENANT_SCOPED tenants=RLS_ON_TENANT_SCOPED user_tenants=RLS_ON_TENANT_SCOPED,aass_providers apprentice_competencies audit_logs award_rates clients contacts custom_page_revisions custom_pages employers field_officers funding_sources gto_complaints incidents mentors opportunities qualifications report_catalog_joins sites state_training_authorities tenant_entity_records training_contracts training_plans training_providers units_of_competency user_preferences,acting_scope_tenant_id log_tenant_switch,,tenant-management=true,yes,80,11,OK,
/financial/invoicing,crm7,authenticated,FinancialInvoicing,crm7/src/pages/financial/payments/index.tsx,useDocumentTitle useInvoiceStore usePaymentStore usePermissions useReactTable useTablePreferences,charge_rate_quotes invoice_line_items invoices placements timesheets user_preferences,charge_rate_quotes=RLS_ON_TENANT_SCOPED invoice_line_items=RLS_ON_TENANT_SCOPED invoices=RLS_ON_TENANT_SCOPED placements=RLS_ON_TENANT_SCOPED timesheets=RLS_ON_TENANT_SCOPED user_preferences=RLS_ON_OWNER_SCOPED,aass_providers apprentice_competencies audit_logs award_rates clients contacts custom_page_revisions custom_pages developer_impersonation_sessions employers field_officers funding_sources gto_complaints incidents mentors opportunities people profiles qualifications report_catalog_joins sites state_training_authorities super_admin_action_audit tenant_entity_records tenants training_contracts training_plans training_providers units_of_competency user_tenants,acting_scope_tenant_id record_payment_atomic,,tenant-management=true,yes,86,11,OK,
/financial/invoicing/:id,crm7,authenticated,BillingDetail,crm7/src/pages/billing/[id].tsx,useDateFormatPreference useInvoiceStore usePaymentStore useRoute,batch_charge_rate_quotes charge_rate_quotes compliance_alerts invoice_line_items invoices placements timesheets user_preferences xero_connections,batch_charge_rate_quotes=RLS_ON_TENANT_SCOPED charge_rate_quotes=RLS_ON_TENANT_SCOPED compliance_alerts=RLS_ON_TENANT_SCOPED invoice_line_items=RLS_ON_TENANT_SCOPED invoices=RLS_ON_TENANT_SCOPED placements=RLS_ON_TENANT_SCOPED timesheets=RLS_ON_TENANT_SCOPED user_preferences=RLS_ON_OWNER_SCOPED xero_connections=RLS_ON_TENANT_SCOPED,aass_providers apprentice_competencies award_rates charge_rate_snapshots clients contacts custom_page_revisions custom_pages developer_impersonation_sessions employers field_officers funding_sources govt_integration_logs gto_complaints incidents mentors opportunities people profiles qualifications report_catalog_joins sites state_training_authorities super_admin_action_audit tenant_entity_records tenants training_contracts training_plans training_providers units_of_competency user_tenants wage_calculation_snapshots,acting_scope_tenant_id record_payment_atomic,invoice-send-direct xero-invoice-submit,invoice-send-direct=true xero-invoice-submit=true,yes,182,12,OK,
/financial/invoicing/create,crm7,authenticated,InvoiceCreate,crm7/src/pages/leads/create.tsx,useClientStore useContactLookup useContactStore useDocumentTitle useLeadStore usePermissions useQueryClient,batch_charge_rate_quotes charge_rate_quotes compliance_alerts contacts,batch_charge_rate_quotes=RLS_ON_TENANT_SCOPED charge_rate_quotes=RLS_ON_TENANT_SCOPED compliance_alerts=RLS_ON_TENANT_SCOPED contacts=RLS_ON_TENANT_SCOPED,audit_logs charge_rate_snapshots developer_impersonation_sessions govt_integration_logs people profiles super_admin_action_audit tenants user_tenants wage_calculation_snapshots,,,tenant-management=true,yes,157,9,OK,
/financial/invoicing/generate,crm7,authenticated,BillingGenerate,crm7/src/pages/billing/generate.tsx,useDateFormatPreference useDocumentTitle usePermissions,charge_rate_quotes employers invoice_line_items invoices placements timesheets user_preferences,charge_rate_quotes=RLS_ON_TENANT_SCOPED employers=RLS_ON_TENANT_SCOPED invoice_line_items=RLS_ON_TENANT_SCOPED invoices=RLS_ON_TENANT_SCOPED placements=RLS_ON_TENANT_SCOPED timesheets=RLS_ON_TENANT_SCOPED user_preferences=RLS_ON_OWNER_SCOPED,aass_providers apprentice_competencies audit_logs award_rates clients contacts custom_page_revisions custom_pages developer_impersonation_sessions field_officers funding_sources gto_complaints incidents mentors opportunities people profiles qualifications report_catalog_joins sites state_training_authorities super_admin_action_audit tenant_entity_records tenants training_contracts training_plans training_providers units_of_competency user_tenants,acting_scope_tenant_id record_payment_atomic,,tenant-management=true,yes,64,3,OK,
/financial/invoicing/reconciliation,crm7,authenticated,BillingReconciliation,crm7/src/pages/billing/reconciliation.tsx,useQuery useReactTable useTablePreferences,invoices user_preferences,invoices=RLS_ON_TENANT_SCOPED user_preferences=RLS_ON_OWNER_SCOPED,aass_providers apprentice_competencies audit_logs award_rates clients contacts custom_page_revisions custom_pages developer_impersonation_sessions employers field_officers funding_sources gto_complaints incidents mentors opportunities people placements profiles qualifications report_catalog_joins sites state_training_authorities super_admin_action_audit tenant_entity_records tenants training_contracts training_plans training_providers units_of_competency user_tenants,,,,yes,63,3,OK,
/financial/payments,crm7,authenticated,FinancialPayments,crm7/src/App.tsx,useAccessibilityInit useApprenticeOptions useApprenticePlacementsForApprentice useApprenticeStore useApprenticesAnalytics useAuth useBootAssessmentStore useBranding useCaseNoteStore useChargeCalcResolvers useChromelessState useClientStore useCoYApprenticeChangeStore useCoYBatchStore useCommunicationStore useCommunicationTemplateStore useCompetencyAssessmentStore useComplianceStore useContactStore useContacts useDashboard useDashboardCrossFilterStore useDashboardsList useDebounce,aass_registrations apprentice_competencies apprentice_handoff_tokens apprentices audit_events audit_logs avetmiss_exports awards boot_assessments charge_rate_audit_log charge_rate_quotes charge_rate_schedules charge_rate_snapshots clients communications competency_assessments compliance_alerts contacts coy_apprentice_changes document_metadata document_records employers financial_viability_snapshots gto_access_equity_adjustments gto_compliance_evidence guardian_consents incidents induction_records invoice_line_items invoices leave_requests lln_assessments mentor_assignments org_members pay_runs payroll_identifier_kinds people performance_reviews placements profiles progress_review_templates qualification_units qualifications r7_candidates rate_schedules reminders report_deliveries report_schedules report_templates signature_requests site_visits skill_records super_admin_action_audit support_contacts tenant_payroll_identifiers tenant_switch_audit tenants timesheets training_contracts training_plan_reviews training_plans training_provider_organisations training_provider_qualifications training_providers units_of_competency user_tenants whs_audits xero_connections,aass_registrations=RLS_ON_TENANT_SCOPED apprentice_competencies=RLS_ON_TENANT_SCOPED apprentice_handoff_tokens=RLS_ON_TENANT_SCOPED apprentices=RLS_ON_TENANT_SCOPED audit_events=RLS_ON_TENANT_SCOPED audit_logs=RLS_ON_OWNER_SCOPED avetmiss_exports=RLS_ON_TENANT_SCOPED awards=RLS_ON_ROLE_OR_OTHER boot_assessments=RLS_ON_TENANT_SCOPED charge_rate_audit_log=RLS_ON_TENANT_SCOPED charge_rate_quotes=RLS_ON_TENANT_SCOPED charge_rate_schedules=RLS_ON_TENANT_SCOPED charge_rate_snapshots=RLS_ON_TENANT_SCOPED clients=RLS_ON_TENANT_SCOPED communications=RLS_ON_TENANT_SCOPED competency_assessments=RLS_ON_TENANT_SCOPED compliance_alerts=RLS_ON_TENANT_SCOPED contacts=RLS_ON_TENANT_SCOPED coy_apprentice_changes=RLS_ON_TENANT_SCOPED document_metadata=RLS_ON_TENANT_SCOPED document_records=RLS_ON_TENANT_SCOPED employers=RLS_ON_TENANT_SCOPED financial_viability_snapshots=RLS_ON_ROLE_OR_OTHER gto_access_equity_adjustments=RLS_ON_MIXED gto_compliance_evidence=RLS_ON_MIXED guardian_consents=RLS_ON_TENANT_SCOPED incidents=RLS_ON_TENANT_SCOPED induction_records=RLS_ON_TENANT_SCOPED invoice_line_items=RLS_ON_TENANT_SCOPED invoices=RLS_ON_TENANT_SCOPED leave_requests=RLS_ON_TENANT_SCOPED lln_assessments=RLS_ON_TENANT_SCOPED mentor_assignments=RLS_ON_TENANT_SCOPED org_members=RLS_ON_TENANT_SCOPED pay_runs=RLS_ON_MIXED payroll_identifier_kinds=RLS_ON_PERMISSIVE people=RLS_ON_TENANT_SCOPED performance_reviews=RLS_ON_TENANT_SCOPED placements=RLS_ON_TENANT_SCOPED profiles=RLS_ON_OWNER_SCOPED progress_review_templates=RLS_ON_TENANT_SCOPED qualification_units=RLS_ON_PERMISSIVE qualifications=RLS_ON_TENANT_SCOPED r7_candidates=RLS_ON_TENANT_SCOPED rate_schedules=RLS_ON_TENANT_SCOPED reminders=RLS_ON_TENANT_SCOPED report_deliveries=RLS_ON_TENANT_SCOPED report_schedules=RLS_ON_TENANT_SCOPED report_templates=RLS_ON_TENANT_SCOPED signature_requests=RLS_ON_TENANT_SCOPED site_visits=RLS_ON_MIXED skill_records=RLS_ON_TENANT_SCOPED super_admin_action_audit=RLS_ON_TENANT_SCOPED support_contacts=RLS_ON_TENANT_SCOPED tenant_payroll_identifiers=RLS_ON_TENANT_SCOPED tenant_switch_audit=RLS_ON_TENANT_SCOPED tenants=RLS_ON_TENANT_SCOPED timesheets=RLS_ON_TENANT_SCOPED training_contracts=RLS_ON_TENANT_SCOPED training_plan_reviews=RLS_ON_TENANT_SCOPED training_plans=RLS_ON_MIXED training_provider_organisations=RLS_ON_TENANT_SCOPED training_provider_qualifications=RLS_ON_PERMISSIVE training_providers=RLS_ON_TENANT_SCOPED units_of_competency=RLS_ON_TENANT_SCOPED user_tenants=RLS_ON_TENANT_SCOPED whs_audits=RLS_ON_TENANT_SCOPED xero_connections=RLS_ON_TENANT_SCOPED,,create_apprentice_from_candidate create_person_with_contact is_enterprise_admin link_training_provider_to_organisation log_tenant_switch onboarding_requirements_preview payroll_remittance_readiness platform_admin_act_as platform_admin_stop_acting redeem_quote_handoff_token set_demo_persist_flag update_person_with_contact,avetmiss-export charge-rate-quote-dispatch fairwork-enhanced handover-to-employment host-agreement-dispatch invoice-send-direct report-delivery tasks-sync xero-invoice-submit,avetmiss-export=true charge-rate-quote-dispatch=true fairwork-enhanced=true handover-to-employment=true host-agreement-dispatch=true invoice-send-direct=true report-delivery=true tasks-sync=true xero-invoice-submit=true,PARTIAL,260,11,REVIEW_TENANT_PARTIAL,
/financial/payments/:id,crm7,authenticated,PaymentDetail,crm7/src/pages/settings/integrations/[id].tsx,,,,,,,,n/a,1,0,NO_DATA_PATH,"static route: no table, rpc or edge function reachable in 1 files"
/financial/placements,crm7,authenticated,FinancialPlacements,crm7/src/pages/financial/invoicing/index.tsx,useDocumentTitle useHostEmployerStore useInvoiceStore usePermissions useReactTable useTablePreferences,charge_rate_quotes invoice_line_items invoices placements timesheets user_preferences,charge_rate_quotes=RLS_ON_TENANT_SCOPED invoice_line_items=RLS_ON_TENANT_SCOPED invoices=RLS_ON_TENANT_SCOPED placements=RLS_ON_TENANT_SCOPED timesheets=RLS_ON_TENANT_SCOPED user_preferences=RLS_ON_OWNER_SCOPED,aass_providers apprentice_competencies audit_logs award_rates clients contacts custom_page_revisions custom_pages developer_impersonation_sessions employers field_officers funding_sources gto_complaints incidents mentors opportunities people profiles qualifications report_catalog_joins sites state_training_authorities super_admin_action_audit tenant_entity_records tenants training_contracts training_plans training_providers units_of_competency user_tenants,record_payment_atomic,,tenant-management=true,yes,98,14,OK,
/financial/reports,crm7,authenticated,Redirect,,,,,,,,,,0,0,REDIRECT,"route is a redirect, no data path of its own"
/financial/reports/:id,crm7,authenticated,Redirect,,,,,,,,,,0,0,REDIRECT,"route is a redirect, no data path of its own"
/financial/reports/:id/edit,crm7,authenticated,Redirect,,,,,,,,,,0,0,REDIRECT,"route is a redirect, no data path of its own"
/funding-sources,crm7,authenticated,FundingSources,crm7/src/pages/funding-sources/index.tsx,useDocumentTitle useFundingSourceStore usePermissions,,,aass_providers apprentice_competencies audit_logs award_rates clients contacts custom_page_revisions custom_pages developer_impersonation_sessions employers field_officers funding_sources gto_complaints incidents mentors opportunities people placements profiles qualifications report_catalog_joins sites state_training_authorities super_admin_action_audit tenant_entity_records tenants training_contracts training_plans training_providers units_of_competency user_preferences user_tenants,,,tenant-management=true,n/a,76,14,OK,
/funding-sources/:id,crm7,authenticated,FundingSourceDetail,crm7/src/pages/funding-sources/[id].tsx,useDateFormatPreference useFundingSourceStore useHasCustomFields usePlatformRole useRoute useTenantId,developer_impersonation_sessions entity_relationships people profiles super_admin_action_audit tenant_field_definitions tenants user_preferences,developer_impersonation_sessions=RLS_ON_TENANT_SCOPED entity_relationships=RLS_ON_TENANT_SCOPED people=RLS_ON_TENANT_SCOPED profiles=RLS_ON_OWNER_SCOPED super_admin_action_audit=RLS_ON_TENANT_SCOPED tenant_field_definitions=RLS_ON_TENANT_SCOPED tenants=RLS_ON_TENANT_SCOPED user_preferences=RLS_ON_OWNER_SCOPED,aass_providers apprentice_competencies audit_logs award_rates clients contacts custom_page_revisions custom_pages employers field_officers funding_sources gto_complaints incidents mentors opportunities placements qualifications report_catalog_joins sites state_training_authorities tenant_entity_records training_contracts training_plans training_providers units_of_competency user_tenants,acting_scope_tenant_id log_tenant_switch,,,yes,76,18,OK,
/funding-sources/list,crm7,authenticated,FundingSources,crm7/src/pages/funding-sources/index.tsx,useDocumentTitle useFundingSourceStore usePermissions,,,aass_providers apprentice_competencies audit_logs award_rates clients contacts custom_page_revisions custom_pages developer_impersonation_sessions employers field_officers funding_sources gto_complaints incidents mentors opportunities people placements profiles qualifications report_catalog_joins sites state_training_authorities super_admin_action_audit tenant_entity_records tenants training_contracts training_plans training_providers units_of_competency user_preferences user_tenants,,,tenant-management=true,n/a,76,14,OK,
/funding-sources/new,crm7,authenticated,FundingSourceNew,crm7/src/pages/funding-sources/new.tsx,useDateFormatPreference useFormField useFundingSourceStore,people tenants user_preferences,people=RLS_ON_TENANT_SCOPED tenants=RLS_ON_TENANT_SCOPED user_preferences=RLS_ON_OWNER_SCOPED,aass_providers apprentice_competencies award_rates clients contacts custom_page_revisions custom_pages developer_impersonation_sessions employers field_officers funding_sources gto_complaints incidents mentors opportunities placements profiles qualifications report_catalog_joins sites state_training_authorities super_admin_action_audit tenant_entity_records training_contracts training_plans training_providers units_of_competency user_tenants,,,,yes,72,11,OK,
/funding/incentive-calendar,crm7,authenticated,IncentiveCalendar,crm7/src/pages/funding/incentive-calendar.tsx,useAuth useFundingClaimStore,apprentices audit_logs employers funding_claims govt_integration_logs people tenants,apprentices=RLS_ON_TENANT_SCOPED audit_logs=RLS_ON_OWNER_SCOPED employers=RLS_ON_TENANT_SCOPED funding_claims=RLS_ON_TENANT_SCOPED govt_integration_logs=RLS_ON_TENANT_SCOPED people=RLS_ON_TENANT_SCOPED tenants=RLS_ON_TENANT_SCOPED,aass_providers apprentice_competencies award_rates clients contacts custom_page_revisions custom_pages developer_impersonation_sessions field_officers funding_sources gto_complaints incidents mentors opportunities placements profiles qualifications report_catalog_joins sites state_training_authorities super_admin_action_audit tenant_entity_records training_contracts training_plans training_providers units_of_competency user_preferences user_tenants,acting_scope_tenant_id,,,yes,74,11,OK,
/gto-compliance,crm7,authenticated,GTOCompliance,crm7/src/pages/gto-compliance/index.tsx,useDocumentTitle useGtoOrganizationStore useGtoStandardStore usePermissions,apprentice_competencies employers gto_complaints gto_compliance_assessments invoices mentor_assignments people placements training_plans units_of_competency whs_incidents whs_policies whs_risk_assessments workplace_inspections,apprentice_competencies=RLS_ON_TENANT_SCOPED employers=RLS_ON_TENANT_SCOPED gto_complaints=RLS_ON_MIXED gto_compliance_assessments=RLS_ON_MIXED invoices=RLS_ON_TENANT_SCOPED mentor_assignments=RLS_ON_TENANT_SCOPED people=RLS_ON_TENANT_SCOPED placements=RLS_ON_TENANT_SCOPED training_plans=RLS_ON_MIXED units_of_competency=RLS_ON_TENANT_SCOPED whs_incidents=RLS_ON_TENANT_SCOPED whs_policies=RLS_ON_TENANT_SCOPED whs_risk_assessments=RLS_ON_TENANT_SCOPED workplace_inspections=RLS_ON_TENANT_SCOPED,aass_providers audit_logs award_rates clients contacts custom_page_revisions custom_pages developer_impersonation_sessions field_officers funding_sources incidents mentors opportunities profiles qualifications report_catalog_joins sites state_training_authorities super_admin_action_audit tenant_entity_records tenants training_contracts training_providers user_preferences user_tenants,invoice_summary,,tenant-management=true,yes,74,13,OK,
/gto-compliance/access-equity,crm7,authenticated,GTOAccessEquity,crm7/src/pages/gto-compliance/access-equity.tsx,useDateFormatPreference useGtoStandardStore useMutation useQueryClient,apprentice_competencies employers gto_access_equity_adjustments gto_complaints gto_compliance_assessments invoices mentor_assignments people placements profiles training_plans units_of_competency user_preferences user_tenants whs_incidents whs_policies whs_risk_assessments workplace_inspections,apprentice_competencies=RLS_ON_TENANT_SCOPED employers=RLS_ON_TENANT_SCOPED gto_access_equity_adjustments=RLS_ON_MIXED gto_complaints=RLS_ON_MIXED gto_compliance_assessments=RLS_ON_MIXED invoices=RLS_ON_TENANT_SCOPED mentor_assignments=RLS_ON_TENANT_SCOPED people=RLS_ON_TENANT_SCOPED placements=RLS_ON_TENANT_SCOPED profiles=RLS_ON_OWNER_SCOPED training_plans=RLS_ON_MIXED units_of_competency=RLS_ON_TENANT_SCOPED user_preferences=RLS_ON_OWNER_SCOPED user_tenants=RLS_ON_TENANT_SCOPED whs_incidents=RLS_ON_TENANT_SCOPED whs_policies=RLS_ON_TENANT_SCOPED whs_risk_assessments=RLS_ON_TENANT_SCOPED workplace_inspections=RLS_ON_TENANT_SCOPED,aass_providers award_rates clients contacts custom_page_revisions custom_pages developer_impersonation_sessions field_officers funding_sources incidents mentors opportunities qualifications report_catalog_joins sites state_training_authorities super_admin_action_audit tenant_entity_records tenants training_contracts training_providers,acting_scope_tenant_id invoice_summary set_current_tenant,,,yes,80,13,OK,
/gto-compliance/assessment/:id,crm7,authenticated,GTOAssessmentDetail,crm7/src/pages/gto-compliance/assessment/[id].tsx,useGtoComplianceStore useRoute,people tenants,people=RLS_ON_TENANT_SCOPED tenants=RLS_ON_TENANT_SCOPED,aass_providers apprentice_competencies award_rates clients contacts custom_page_revisions custom_pages developer_impersonation_sessions employers field_officers funding_sources gto_complaints incidents mentors opportunities placements profiles qualifications report_catalog_joins sites state_training_authorities super_admin_action_audit tenant_entity_records training_contracts training_plans training_providers units_of_competency user_preferences user_tenants,,,,yes,64,11,OK,
/gto-compliance/complaints,crm7,authenticated,GTOComplaints,crm7/src/pages/gto-compliance/complaints.tsx,useGtoAppealStore useGtoComplaintStore,aass_providers people qualifications tenants training_providers,aass_providers=RLS_ON_TENANT_SCOPED people=RLS_ON_TENANT_SCOPED qualifications=RLS_ON_TENANT_SCOPED tenants=RLS_ON_TENANT_SCOPED training_providers=RLS_ON_TENANT_SCOPED,apprentice_competencies award_rates clients contacts custom_page_revisions custom_pages developer_impersonation_sessions employers field_officers funding_sources gto_complaints incidents mentors opportunities placements profiles report_catalog_joins sites state_training_authorities super_admin_action_audit tenant_entity_records training_contracts training_plans training_provider_qualifications units_of_competency user_preferences user_tenants,import_qualification_from_catalog,,tga-search=true,yes,110,13,OK,
/gto-compliance/documents/:id,crm7,authenticated,GTOComplianceDocumentDetail,crm7/src/pages/gto-compliance/documents/[id].tsx,useDocumentRecordStore,,,aass_providers apprentice_competencies award_rates clients contacts custom_page_revisions custom_pages developer_impersonation_sessions employers field_officers funding_sources gto_complaints incidents mentors opportunities people placements profiles qualifications report_catalog_joins sites state_training_authorities super_admin_action_audit tenant_entity_records tenants training_contracts training_plans training_providers units_of_competency user_preferences user_tenants,,,,n/a,61,11,OK,
/gto-compliance/evidence,crm7,authenticated,GTOEvidenceDashboard,crm7/src/pages/gto-compliance/evidence-dashboard.tsx,,employers gto_compliance_evidence people tenants,employers=RLS_ON_TENANT_SCOPED gto_compliance_evidence=RLS_ON_MIXED people=RLS_ON_TENANT_SCOPED tenants=RLS_ON_TENANT_SCOPED,aass_providers apprentice_competencies award_rates clients contacts custom_page_revisions custom_pages developer_impersonation_sessions field_officers funding_sources gto_complaints incidents mentors opportunities placements profiles qualifications report_catalog_joins sites state_training_authorities super_admin_action_audit tenant_entity_records training_contracts training_plans training_providers units_of_competency user_preferences user_tenants,,,,yes,63,3,OK,
/gto-compliance/evidence/create,crm7,authenticated,GTOEvidenceCreate,crm7/src/pages/gto-compliance/evidence/create.tsx,useAuth useGtoComplianceEvidenceStore useSearch,audit_logs employers people,audit_logs=RLS_ON_OWNER_SCOPED employers=RLS_ON_TENANT_SCOPED people=RLS_ON_TENANT_SCOPED,aass_providers apprentice_competencies award_rates clients contacts custom_page_revisions custom_pages developer_impersonation_sessions field_officers funding_sources gto_complaints incidents mentors opportunities placements profiles qualifications report_catalog_joins sites state_training_authorities super_admin_action_audit tenant_entity_records tenants training_contracts training_plans training_providers units_of_competency user_preferences user_tenants,acting_scope_tenant_id,,,yes,70,11,OK,
/gto-compliance/records-management,crm7,authenticated,GTORecordsManagement,crm7/src/pages/gto-compliance/records-management.tsx,useGtoRecordStore useGtoStandardStore,apprentice_competencies employers gto_complaints gto_compliance_assessments invoices mentor_assignments people placements training_plans units_of_competency whs_incidents whs_policies whs_risk_assessments workplace_inspections,apprentice_competencies=RLS_ON_TENANT_SCOPED employers=RLS_ON_TENANT_SCOPED gto_complaints=RLS_ON_MIXED gto_compliance_assessments=RLS_ON_MIXED invoices=RLS_ON_TENANT_SCOPED mentor_assignments=RLS_ON_TENANT_SCOPED people=RLS_ON_TENANT_SCOPED placements=RLS_ON_TENANT_SCOPED training_plans=RLS_ON_MIXED units_of_competency=RLS_ON_TENANT_SCOPED whs_incidents=RLS_ON_TENANT_SCOPED whs_policies=RLS_ON_TENANT_SCOPED whs_risk_assessments=RLS_ON_TENANT_SCOPED workplace_inspections=RLS_ON_TENANT_SCOPED,aass_providers award_rates clients contacts custom_page_revisions custom_pages developer_impersonation_sessions field_officers funding_sources incidents mentors opportunities profiles qualifications report_catalog_joins sites state_training_authorities super_admin_action_audit tenant_entity_records tenants training_contracts training_providers user_preferences user_tenants,invoice_summary,,,yes,76,13,OK,
/gto-compliance/risk-management,crm7,authenticated,GTORiskManagement,crm7/src/pages/gto-compliance/risk-management.tsx,useDateFormatPreference useGtoRiskStore useGtoStandardStore,apprentice_competencies employers gto_complaints gto_compliance_assessments invoices mentor_assignments people placements training_plans units_of_competency user_preferences whs_incidents whs_policies whs_risk_assessments workplace_inspections,apprentice_competencies=RLS_ON_TENANT_SCOPED employers=RLS_ON_TENANT_SCOPED gto_complaints=RLS_ON_MIXED gto_compliance_assessments=RLS_ON_MIXED invoices=RLS_ON_TENANT_SCOPED mentor_assignments=RLS_ON_TENANT_SCOPED people=RLS_ON_TENANT_SCOPED placements=RLS_ON_TENANT_SCOPED training_plans=RLS_ON_MIXED units_of_competency=RLS_ON_TENANT_SCOPED user_preferences=RLS_ON_OWNER_SCOPED whs_incidents=RLS_ON_TENANT_SCOPED whs_policies=RLS_ON_TENANT_SCOPED whs_risk_assessments=RLS_ON_TENANT_SCOPED workplace_inspections=RLS_ON_TENANT_SCOPED,aass_providers award_rates clients contacts custom_page_revisions custom_pages developer_impersonation_sessions field_officers funding_sources incidents mentors opportunities profiles qualifications report_catalog_joins sites state_training_authorities super_admin_action_audit tenant_entity_records tenants training_contracts training_providers user_tenants,invoice_summary,,,yes,81,13,OK,
/gto-compliance/stand-downs,crm7,authenticated,GTOStandDowns,crm7/src/pages/gto-compliance/stand-downs.tsx,useDateFormatPreference useMutation useQuery useQueryClient,people placements stand_down_records user_preferences,people=RLS_ON_TENANT_SCOPED placements=RLS_ON_TENANT_SCOPED stand_down_records=RLS_ON_TENANT_SCOPED user_preferences=RLS_ON_OWNER_SCOPED,aass_providers apprentice_competencies award_rates clients contacts custom_page_revisions custom_pages developer_impersonation_sessions employers field_officers funding_sources gto_complaints incidents mentors opportunities profiles qualifications report_catalog_joins sites state_training_authorities super_admin_action_audit tenant_entity_records tenants training_contracts training_plans training_providers units_of_competency user_tenants,,,,yes,62,3,OK,
/gto-compliance/standard-assessment,crm7,authenticated,GTOStandardAssessment,crm7/src/pages/gto-compliance/standard-assessment.tsx,useDateFormatPreference useGtoStandardStore useMutation,error_log user_preferences,error_log=RLS_ON_OWNER_SCOPED user_preferences=RLS_ON_OWNER_SCOPED,aass_providers apprentice_competencies award_rates clients contacts custom_page_revisions custom_pages developer_impersonation_sessions employers field_officers funding_sources gto_complaints incidents mentors opportunities people placements profiles qualifications report_catalog_joins sites state_training_authorities super_admin_action_audit tenant_entity_records tenants training_contracts training_plans training_providers units_of_competency user_tenants,,,,n/a,69,12,OK,
/host-employers,crm7,authenticated,Redirect,,,,,,,,,,0,0,REDIRECT,"route is a redirect, no data path of its own"
/host/reports,crm7,authenticated,HostReportsPortal,crm7/src/pages/portal/worker-portal.tsx,useAuth usePortalContext usePortalScopes useQuery useTenantId,audit_logs document_metadata guardian_consents induction_records leave_balances lln_assessments payroll_records people placements qualification_units site_visits tenants timesheets training_plan_signatures training_plan_units training_plans training_schedules user_tenants,audit_logs=RLS_ON_OWNER_SCOPED document_metadata=RLS_ON_TENANT_SCOPED guardian_consents=RLS_ON_TENANT_SCOPED induction_records=RLS_ON_TENANT_SCOPED leave_balances=RLS_ON_TENANT_SCOPED lln_assessments=RLS_ON_TENANT_SCOPED payroll_records=RLS_ON_TENANT_SCOPED people=RLS_ON_TENANT_SCOPED placements=RLS_ON_TENANT_SCOPED qualification_units=RLS_ON_PERMISSIVE site_visits=RLS_ON_MIXED tenants=RLS_ON_TENANT_SCOPED timesheets=RLS_ON_TENANT_SCOPED training_plan_signatures=RLS_ON_TENANT_SCOPED training_plan_units=RLS_ON_TENANT_SCOPED training_plans=RLS_ON_MIXED training_schedules=RLS_ON_TENANT_SCOPED user_tenants=RLS_ON_TENANT_SCOPED,aass_providers apprentice_competencies award_rates clients contacts custom_page_revisions custom_pages developer_impersonation_sessions employers field_officers funding_sources gto_complaints incidents mentors opportunities profiles public_holidays qualifications report_catalog_joins sites state_training_authorities super_admin_action_audit tenant_entity_records training_contracts training_providers units_of_competency user_preferences,acting_scope_tenant_id,tenant-management,tenant-management=true,yes,73,10,OK,
/hosts,crm7,authenticated,Hosts,crm7/src/pages/hosts/index.tsx,useDocumentTitle useHostEmployerStore usePermissions,batch_charge_rate_quotes charge_rate_quotes compliance_alerts,batch_charge_rate_quotes=RLS_ON_TENANT_SCOPED charge_rate_quotes=RLS_ON_TENANT_SCOPED compliance_alerts=RLS_ON_TENANT_SCOPED,aass_providers apprentice_competencies audit_logs award_rates charge_rate_snapshots clients contacts custom_page_revisions custom_pages developer_impersonation_sessions employers field_officers funding_sources govt_integration_logs gto_complaints incidents mentors opportunities people placements profiles qualifications report_catalog_joins sites state_training_authorities super_admin_action_audit tenant_entity_records tenants training_contracts training_plans training_providers units_of_competency user_preferences user_tenants wage_calculation_snapshots,,,tenant-management=true,yes,184,12,OK,
/hosts/:id,crm7,authenticated,HostDetail,crm7/src/pages/hosts/[id].tsx,useDocumentCategoryPolicies useDownloadDocument useEntityDocuments useMutation useQuery useQueryClient useSearch useTabParam useTenantId useUploadDocument useVerificationHistory useVerifyDocument,aass_providers apprentice_competencies audit_events clients contacts document_access_log document_categories document_metadata document_verification_events email_integrations email_message_links email_messages email_templates employers gto_complaints gto_compliance_assessments invoices leads mentor_assignments people placements sites tenants training_plans units_of_competency whs_incidents whs_policies whs_risk_assessments workplace_inspections,aass_providers=RLS_ON_TENANT_SCOPED apprentice_competencies=RLS_ON_TENANT_SCOPED audit_events=RLS_ON_TENANT_SCOPED clients=RLS_ON_TENANT_SCOPED contacts=RLS_ON_TENANT_SCOPED document_access_log=RLS_ON_TENANT_SCOPED document_categories=RLS_ON_TENANT_SCOPED document_metadata=RLS_ON_TENANT_SCOPED document_verification_events=RLS_ON_TENANT_SCOPED email_integrations=RLS_ON_TENANT_SCOPED email_message_links=RLS_ON_TENANT_SCOPED email_messages=RLS_ON_TENANT_SCOPED email_templates=RLS_ON_TENANT_SCOPED employers=RLS_ON_TENANT_SCOPED gto_complaints=RLS_ON_MIXED gto_compliance_assessments=RLS_ON_MIXED invoices=RLS_ON_TENANT_SCOPED leads=RLS_ON_TENANT_SCOPED mentor_assignments=RLS_ON_TENANT_SCOPED people=RLS_ON_TENANT_SCOPED placements=RLS_ON_TENANT_SCOPED sites=RLS_ON_TENANT_SCOPED tenants=RLS_ON_TENANT_SCOPED training_plans=RLS_ON_MIXED units_of_competency=RLS_ON_TENANT_SCOPED whs_incidents=RLS_ON_TENANT_SCOPED whs_policies=RLS_ON_TENANT_SCOPED whs_risk_assessments=RLS_ON_TENANT_SCOPED workplace_inspections=RLS_ON_TENANT_SCOPED,award_rates custom_page_revisions custom_pages developer_impersonation_sessions field_officers funding_sources incidents mentors opportunities profiles qualifications report_catalog_joins state_training_authorities super_admin_action_audit tenant_entity_records training_contracts training_providers user_preferences user_tenants,email_integration_get_decrypted_token email_integration_store_credential get_documents_eligible_for_destruction invoice_summary,document-encryption email-dispatcher email-inbox-sync oauth-google-email oauth-microsoft-email xero-invoice-submit,document-encryption=true email-dispatcher=true email-inbox-sync=true oauth-google-email=true oauth-microsoft-email=true xero-invoice-submit=true,yes,110,13,OK,
/hosts/:id/edit,crm7,authenticated,HostEdit,crm7/src/pages/hosts/[id]/edit.tsx,useFormField useHostEmployerStore usePlatformRole useQuery useTenantId,developer_impersonation_sessions entity_relationships profiles super_admin_action_audit tenant_entities tenant_entity_relations tenant_field_definitions tenants ui_config_overrides,developer_impersonation_sessions=RLS_ON_TENANT_SCOPED entity_relationships=RLS_ON_TENANT_SCOPED profiles=RLS_ON_OWNER_SCOPED super_admin_action_audit=RLS_ON_TENANT_SCOPED tenant_entities=RLS_ON_TENANT_SCOPED tenant_entity_relations=RLS_ON_TENANT_SCOPED tenant_field_definitions=RLS_ON_TENANT_SCOPED tenants=RLS_ON_TENANT_SCOPED ui_config_overrides=RLS_ON_TENANT_SCOPED,aass_providers apprentice_competencies audit_logs award_rates clients contacts custom_page_revisions custom_pages employers field_officers funding_sources gto_complaints incidents mentors opportunities people placements qualifications report_catalog_joins sites state_training_authorities tenant_entity_records training_contracts training_plans training_providers units_of_competency user_preferences user_tenants,acting_scope_tenant_id log_tenant_switch,,,yes,72,18,OK,
/hosts/agreements,crm7,authenticated,HostAgreements,crm7/src/pages/hosts/agreements/index.tsx,useDocumentTitle useHostAgreementStore useHostEmployerStore usePermissions,people tenants,people=RLS_ON_TENANT_SCOPED tenants=RLS_ON_TENANT_SCOPED,aass_providers apprentice_competencies audit_logs award_rates clients contacts custom_page_revisions custom_pages developer_impersonation_sessions employers field_officers funding_sources gto_complaints incidents mentors opportunities placements profiles qualifications report_catalog_joins sites state_training_authorities super_admin_action_audit tenant_entity_records training_contracts training_plans training_providers units_of_competency user_preferences user_tenants,,,tenant-management=true,yes,81,11,OK,
/hosts/agreements/:id,crm7,authenticated,HostAgreementDetail,crm7/src/pages/hosts/agreements/[id].tsx,useHostAgreementStore useHostContactNarrowing useQuery,signature_requests,signature_requests=RLS_ON_TENANT_SCOPED,aass_providers apprentice_competencies award_rates clients contacts custom_page_revisions custom_pages developer_impersonation_sessions employers field_officers funding_sources gto_complaints incidents mentors opportunities people placements profiles qualifications report_catalog_joins sites state_training_authorities super_admin_action_audit tenant_entity_records tenants training_contracts training_plans training_providers units_of_competency user_preferences user_tenants,get_host_agreement_signing_context redeem_host_agreement_signature,host-agreement-dispatch,host-agreement-dispatch=true,yes,76,11,OK,
/hosts/agreements/:id/edit,crm7,authenticated,HostAgreementEdit,crm7/src/pages/hosts/agreements/[id]/edit.tsx,useHostAgreementStore useHostContactNarrowing useTenantId,batch_charge_rate_quotes charge_rate_quotes compliance_alerts document_templates employers people tenants,batch_charge_rate_quotes=RLS_ON_TENANT_SCOPED charge_rate_quotes=RLS_ON_TENANT_SCOPED compliance_alerts=RLS_ON_TENANT_SCOPED document_templates=RLS_ON_TENANT_SCOPED employers=RLS_ON_TENANT_SCOPED people=RLS_ON_TENANT_SCOPED tenants=RLS_ON_TENANT_SCOPED,charge_rate_snapshots clients contacts developer_impersonation_sessions govt_integration_logs profiles report_catalog_joins super_admin_action_audit user_preferences user_tenants wage_calculation_snapshots,,,,yes,173,10,OK,
/hosts/agreements/new,crm7,authenticated,HostAgreementNew,crm7/src/pages/hosts/agreements/new.tsx,useHostAgreementStore useHostContactNarrowing usePlatformRole useSearch useTenantId,batch_charge_rate_quotes charge_rate_quotes compliance_alerts developer_impersonation_sessions document_templates employers profiles super_admin_action_audit tenants,batch_charge_rate_quotes=RLS_ON_TENANT_SCOPED charge_rate_quotes=RLS_ON_TENANT_SCOPED compliance_alerts=RLS_ON_TENANT_SCOPED developer_impersonation_sessions=RLS_ON_TENANT_SCOPED document_templates=RLS_ON_TENANT_SCOPED employers=RLS_ON_TENANT_SCOPED profiles=RLS_ON_OWNER_SCOPED super_admin_action_audit=RLS_ON_TENANT_SCOPED tenants=RLS_ON_TENANT_SCOPED,audit_logs charge_rate_snapshots clients contacts govt_integration_logs people report_catalog_joins user_preferences user_tenants wage_calculation_snapshots,acting_scope_tenant_id log_tenant_switch,,,yes,171,10,OK,
/hosts/agreements/sign/:token,crm7,public,HostAgreementSignPage,crm7/src/pages/hosts/agreements/sign/[token].tsx,,,,,get_host_agreement_signing_context redeem_host_agreement_signature,host-agreement-dispatch,host-agreement-dispatch=true,n/a,16,0,OK,
/hosts/capacity-assessment,crm7,authenticated,HostCapacityAssessment,crm7/src/pages/hosts/capacity-assessment.tsx,usePlatformRole useSearch useTenantId,developer_impersonation_sessions employers profiles super_admin_action_audit tenants,developer_impersonation_sessions=RLS_ON_TENANT_SCOPED employers=RLS_ON_TENANT_SCOPED profiles=RLS_ON_OWNER_SCOPED super_admin_action_audit=RLS_ON_TENANT_SCOPED tenants=RLS_ON_TENANT_SCOPED,aass_providers apprentice_competencies audit_logs award_rates clients contacts custom_page_revisions custom_pages field_officers funding_sources gto_complaints incidents mentors opportunities people placements qualifications report_catalog_joins sites state_training_authorities tenant_entity_records training_contracts training_plans training_providers units_of_competency user_preferences user_tenants,acting_scope_tenant_id log_tenant_switch,,,yes,61,3,OK,
/hosts/create,crm7,authenticated,HostCreate,crm7/src/pages/hosts/create.tsx,useClientStore useFormField useHostEmployerStore,batch_charge_rate_quotes charge_rate_quotes compliance_alerts invoices placements,batch_charge_rate_quotes=RLS_ON_TENANT_SCOPED charge_rate_quotes=RLS_ON_TENANT_SCOPED compliance_alerts=RLS_ON_TENANT_SCOPED invoices=RLS_ON_TENANT_SCOPED placements=RLS_ON_TENANT_SCOPED,aass_providers apprentice_competencies award_rates charge_rate_snapshots clients contacts custom_page_revisions custom_pages developer_impersonation_sessions employers field_officers funding_sources govt_integration_logs gto_complaints incidents mentors opportunities people profiles qualifications report_catalog_joins sites state_training_authorities super_admin_action_audit tenant_entity_records tenants training_contracts training_plans training_providers units_of_competency user_preferences user_tenants wage_calculation_snapshots,,,,yes,175,13,OK,
/hosts/monitoring,crm7,authenticated,HostMonitoring,crm7/src/pages/hosts/monitoring.tsx,,employers placements,employers=RLS_ON_TENANT_SCOPED placements=RLS_ON_TENANT_SCOPED,aass_providers apprentice_competencies award_rates clients contacts custom_page_revisions custom_pages developer_impersonation_sessions field_officers funding_sources gto_complaints incidents mentors opportunities people profiles qualifications report_catalog_joins sites state_training_authorities super_admin_action_audit tenant_entity_records tenants training_contracts training_plans training_providers units_of_competency user_preferences user_tenants,,,,yes,47,3,OK,
/hosts/pre-placement,crm7,authenticated,HostPrePlacement,crm7/src/pages/hosts/pre-placement/index.tsx,useDocumentTitle usePermissions,,,aass_providers apprentice_competencies audit_logs award_rates clients contacts custom_page_revisions custom_pages developer_impersonation_sessions employers field_officers funding_sources gto_complaints incidents mentors opportunities people placements profiles qualifications report_catalog_joins sites state_training_authorities super_admin_action_audit tenant_entity_records tenants training_contracts training_plans training_providers units_of_competency user_preferences user_tenants,,,tenant-management=true,n/a,58,3,OK,
/hosts/reports,crm7,authenticated,HostReports,crm7/src/pages/hosts/reports.tsx,,employers,employers=RLS_ON_TENANT_SCOPED,aass_providers apprentice_competencies award_rates clients contacts custom_page_revisions custom_pages developer_impersonation_sessions field_officers funding_sources gto_complaints incidents mentors opportunities people placements profiles qualifications report_catalog_joins sites state_training_authorities super_admin_action_audit tenant_entity_records tenants training_contracts training_plans training_providers units_of_competency user_preferences user_tenants,,,,yes,48,3,OK,
/hosts/vacancies,crm7,authenticated,HostVacancies,crm7/src/pages/hosts/vacancies/index.tsx,useVacancyStore,batch_charge_rate_quotes charge_rate_quotes compliance_alerts people tenants,batch_charge_rate_quotes=RLS_ON_TENANT_SCOPED charge_rate_quotes=RLS_ON_TENANT_SCOPED compliance_alerts=RLS_ON_TENANT_SCOPED people=RLS_ON_TENANT_SCOPED tenants=RLS_ON_TENANT_SCOPED,aass_providers apprentice_competencies award_rates charge_rate_snapshots clients contacts custom_page_revisions custom_pages developer_impersonation_sessions employers field_officers funding_sources govt_integration_logs gto_complaints incidents mentors opportunities placements profiles qualifications report_catalog_joins sites state_training_authorities super_admin_action_audit tenant_entity_records training_contracts training_plans training_providers units_of_competency user_preferences user_tenants wage_calculation_snapshots,,,,yes,168,12,OK,
/hosts/vacancies/:id,crm7,authenticated,VacancyDetail,crm7/src/pages/hosts/vacancies/[id].tsx,useRoute useVacancyStore,people tenants,people=RLS_ON_TENANT_SCOPED tenants=RLS_ON_TENANT_SCOPED,aass_providers apprentice_competencies award_rates clients contacts custom_page_revisions custom_pages developer_impersonation_sessions employers field_officers funding_sources gto_complaints incidents mentors opportunities placements profiles qualifications report_catalog_joins sites state_training_authorities super_admin_action_audit tenant_entity_records training_contracts training_plans training_providers units_of_competency user_preferences user_tenants,,,,yes,66,11,OK,
/hosts/vacancies/new,crm7,authenticated,HostVacancyNew,crm7/src/pages/hosts/vacancies/new.tsx,useFormField usePlatformRole useTenantId useVacancyStore,award_classifications awards batch_charge_rate_quotes charge_rate_quotes compliance_alerts developer_impersonation_sessions employers profiles super_admin_action_audit tenants,award_classifications=RLS_ON_ROLE_OR_OTHER awards=RLS_ON_ROLE_OR_OTHER batch_charge_rate_quotes=RLS_ON_TENANT_SCOPED charge_rate_quotes=RLS_ON_TENANT_SCOPED compliance_alerts=RLS_ON_TENANT_SCOPED developer_impersonation_sessions=RLS_ON_TENANT_SCOPED employers=RLS_ON_TENANT_SCOPED profiles=RLS_ON_OWNER_SCOPED super_admin_action_audit=RLS_ON_TENANT_SCOPED tenants=RLS_ON_TENANT_SCOPED,aass_providers apprentice_competencies audit_logs award_rates charge_rate_snapshots clients contacts custom_page_revisions custom_pages field_officers funding_sources govt_integration_logs gto_complaints incidents mentors opportunities people placements qualifications report_catalog_joins sites state_training_authorities tenant_entity_records training_contracts training_plans training_providers units_of_competency user_preferences user_tenants wage_calculation_snapshots,acting_scope_tenant_id log_tenant_switch,,,yes,175,12,OK,
/hr,crm7,authenticated,HRHub,crm7/src/pages/hr/index.tsx,useDocumentTitle usePermissions,,,aass_providers apprentice_competencies audit_logs award_rates clients contacts custom_page_revisions custom_pages developer_impersonation_sessions employers field_officers funding_sources gto_complaints incidents mentors opportunities people placements profiles qualifications report_catalog_joins sites state_training_authorities super_admin_action_audit tenant_entity_records tenants training_contracts training_plans training_providers units_of_competency user_preferences user_tenants,,,tenant-management=true,n/a,46,3,OK,
/hr/disciplinary,crm7,authenticated,HRDisciplinary,crm7/src/pages/hr/disciplinary.tsx,useDisciplinaryActionStore useDisciplinaryCaseStore,batch_charge_rate_quotes charge_rate_quotes compliance_alerts,batch_charge_rate_quotes=RLS_ON_TENANT_SCOPED charge_rate_quotes=RLS_ON_TENANT_SCOPED compliance_alerts=RLS_ON_TENANT_SCOPED,aass_providers apprentice_competencies award_rates charge_rate_snapshots clients contacts custom_page_revisions custom_pages developer_impersonation_sessions employers field_officers funding_sources govt_integration_logs gto_complaints incidents mentors opportunities people placements profiles qualifications report_catalog_joins sites state_training_authorities super_admin_action_audit tenant_entity_records tenants training_contracts training_plans training_providers units_of_competency user_preferences user_tenants wage_calculation_snapshots,,,,yes,170,12,OK,
/hr/disciplinary/:id,crm7,authenticated,HRDisciplinaryDetail,crm7/src/pages/hr/disciplinary/[id].tsx,useDateFormatPreference useDisciplinaryActionStore useDisciplinaryCaseStore,batch_charge_rate_quotes charge_rate_quotes compliance_alerts user_preferences,batch_charge_rate_quotes=RLS_ON_TENANT_SCOPED charge_rate_quotes=RLS_ON_TENANT_SCOPED compliance_alerts=RLS_ON_TENANT_SCOPED user_preferences=RLS_ON_OWNER_SCOPED,aass_providers apprentice_competencies award_rates charge_rate_snapshots clients contacts custom_page_revisions custom_pages developer_impersonation_sessions employers field_officers funding_sources govt_integration_logs gto_complaints incidents mentors opportunities people placements profiles qualifications report_catalog_joins sites state_training_authorities super_admin_action_audit tenant_entity_records tenants training_contracts training_plans training_providers units_of_competency user_tenants wage_calculation_snapshots,,,,yes,181,12,OK,
/hr/probation-completion,crm7,authenticated,HRProbationCompletion,crm7/src/pages/hr/probation-completion.tsx,useProbationRecordStore,,,aass_providers apprentice_competencies award_rates clients contacts custom_page_revisions custom_pages developer_impersonation_sessions employers field_officers funding_sources gto_complaints incidents mentors opportunities people placements profiles qualifications report_catalog_joins sites state_training_authorities super_admin_action_audit tenant_entity_records tenants training_contracts training_plans training_providers units_of_competency user_preferences user_tenants,,,,n/a,60,11,OK,
/hr/probation-completion/:id,crm7,authenticated,HRProbationCompletionRecord,crm7/src/pages/hr/probation-completion-record.tsx,useProbationRecordStore,batch_charge_rate_quotes charge_rate_quotes compliance_alerts,batch_charge_rate_quotes=RLS_ON_TENANT_SCOPED charge_rate_quotes=RLS_ON_TENANT_SCOPED compliance_alerts=RLS_ON_TENANT_SCOPED,aass_providers apprentice_competencies award_rates charge_rate_snapshots clients contacts custom_page_revisions custom_pages developer_impersonation_sessions employers field_officers funding_sources govt_integration_logs gto_complaints incidents mentors opportunities people placements profiles qualifications report_catalog_joins sites state_training_authorities super_admin_action_audit tenant_entity_records tenants training_contracts training_plans training_providers units_of_competency user_preferences user_tenants wage_calculation_snapshots,,,,yes,169,12,OK,
/hr/termination,crm7,authenticated,HRTermination,crm7/src/pages/hr/termination.tsx,useDateFormatPreference,user_preferences,user_preferences=RLS_ON_OWNER_SCOPED,aass_providers apprentice_competencies award_rates clients contacts custom_page_revisions custom_pages developer_impersonation_sessions employers field_officers funding_sources gto_complaints incidents mentors opportunities people placements profiles qualifications report_catalog_joins sites state_training_authorities super_admin_action_audit tenant_entity_records tenants training_contracts training_plans training_providers units_of_competency user_tenants,,,,n/a,63,3,OK,
/incidents,crm7,authenticated,Phase3IncidentsList,crm7/src/pages/incidents/index.tsx,useAuth useDocumentTitle useMutation usePermissions usePlatformRole useQueryClient useReactTable useTablePreferences useTenantId,audit_logs developer_impersonation_sessions incidents profiles super_admin_action_audit tenants user_preferences,audit_logs=RLS_ON_OWNER_SCOPED developer_impersonation_sessions=RLS_ON_TENANT_SCOPED incidents=RLS_ON_TENANT_SCOPED profiles=RLS_ON_OWNER_SCOPED super_admin_action_audit=RLS_ON_TENANT_SCOPED tenants=RLS_ON_TENANT_SCOPED user_preferences=RLS_ON_OWNER_SCOPED,aass_providers apprentice_competencies award_rates clients contacts custom_page_revisions custom_pages employers field_officers funding_sources gto_complaints mentors opportunities people placements qualifications report_catalog_joins sites state_training_authorities tenant_entity_records training_contracts training_plans training_providers units_of_competency user_tenants,acting_scope_tenant_id log_tenant_switch,,tenant-management=true,yes,67,3,OK,
/incidents/:id,crm7,authenticated,Phase3IncidentDetail,crm7/src/pages/incidents/[id]/index.tsx,useAuth useMutation useQueryClient,audit_logs incidents,audit_logs=RLS_ON_OWNER_SCOPED incidents=RLS_ON_TENANT_SCOPED,aass_providers apprentice_competencies award_rates clients contacts custom_page_revisions custom_pages developer_impersonation_sessions employers field_officers funding_sources gto_complaints mentors opportunities people placements profiles qualifications report_catalog_joins sites state_training_authorities super_admin_action_audit tenant_entity_records tenants training_contracts training_plans training_providers units_of_competency user_preferences user_tenants,acting_scope_tenant_id,,,yes,60,3,OK,
/incidents/:id/edit,crm7,authenticated,Phase3IncidentEdit,crm7/src/pages/incidents/[id]/edit.tsx,useFormField useQuery useSchemaReflection,incidents,incidents=RLS_ON_TENANT_SCOPED,aass_providers apprentice_competencies award_rates clients contacts custom_page_revisions custom_pages developer_impersonation_sessions employers field_officers funding_sources gto_complaints mentors opportunities people placements profiles qualifications report_catalog_joins sites state_training_authorities super_admin_action_audit tenant_entity_records tenants training_contracts training_plans training_providers units_of_competency user_preferences user_tenants,,,,yes,57,3,OK,
/incidents/create,crm7,authenticated,Phase3IncidentCreate,crm7/src/pages/incidents/create.tsx,useFormField usePlatformRole useTenantId,developer_impersonation_sessions incidents profiles super_admin_action_audit tenants,developer_impersonation_sessions=RLS_ON_TENANT_SCOPED incidents=RLS_ON_TENANT_SCOPED profiles=RLS_ON_OWNER_SCOPED super_admin_action_audit=RLS_ON_TENANT_SCOPED tenants=RLS_ON_TENANT_SCOPED,aass_providers apprentice_competencies audit_logs award_rates clients contacts custom_page_revisions custom_pages employers field_officers funding_sources gto_complaints mentors opportunities people placements qualifications report_catalog_joins sites state_training_authorities tenant_entity_records training_contracts training_plans training_providers units_of_competency user_preferences user_tenants,acting_scope_tenant_id log_tenant_switch,,,yes,59,3,OK,
/insights,crm7,authenticated,Insights,crm7/src/pages/dashboards/index.tsx,useAuth useCreateDashboard useDashboard useDashboardsList usePermissions usePlatformRole useQueryClient useSetDashboardDefault useTenantId useUpdateDashboardLayout,dashboards developer_impersonation_sessions profiles super_admin_action_audit tenants,dashboards=RLS_ON_TENANT_SCOPED developer_impersonation_sessions=RLS_ON_TENANT_SCOPED profiles=RLS_ON_OWNER_SCOPED super_admin_action_audit=RLS_ON_TENANT_SCOPED tenants=RLS_ON_TENANT_SCOPED,aass_providers apprentice_competencies audit_logs award_rates clients contacts custom_page_revisions custom_pages employers field_officers funding_sources gto_complaints incidents mentors opportunities people placements qualifications report_catalog_joins sites state_training_authorities tenant_entity_records training_contracts training_plans training_providers units_of_competency user_preferences user_tenants,log_tenant_switch set_dashboard_default,,tenant-management=true,yes,66,3,OK,
/labour-hire,crm7,authenticated,Redirect,,,,,,,,,,0,0,REDIRECT,"route is a redirect, no data path of its own"
/labour-hire/workers,crm7,authenticated,Redirect,,,,,,,,,,0,0,REDIRECT,"route is a redirect, no data path of its own"
/leads,crm7,authenticated,Leads,crm7/src/pages/leads/index.tsx,useDebounce useDocumentTitle useLeadStore usePerformanceSafety usePermissions useRenderGuard,batch_charge_rate_quotes charge_rate_quotes compliance_alerts people tenants,batch_charge_rate_quotes=RLS_ON_TENANT_SCOPED charge_rate_quotes=RLS_ON_TENANT_SCOPED compliance_alerts=RLS_ON_TENANT_SCOPED people=RLS_ON_TENANT_SCOPED tenants=RLS_ON_TENANT_SCOPED,aass_providers apprentice_competencies audit_logs award_rates charge_rate_snapshots clients contacts custom_page_revisions custom_pages developer_impersonation_sessions employers field_officers funding_sources govt_integration_logs gto_complaints incidents mentors opportunities placements profiles qualifications report_catalog_joins sites state_training_authorities super_admin_action_audit tenant_entity_records training_contracts training_plans training_providers units_of_competency user_preferences user_tenants wage_calculation_snapshots,,,tenant-management=true,yes,190,13,OK,
/leads/:id,crm7,authenticated,LeadDetail,crm7/src/pages/leads/[id].tsx,useAuth useChatScroll useClientStore useContactStore useLeadStore useMutation useQuery useQueryClient useRealtimeChat useRecentlyViewed useTenantId useTrackRecordView,aass_providers contact_messages profiles qualifications tenants training_providers,aass_providers=RLS_ON_TENANT_SCOPED contact_messages=RLS_ON_TENANT_SCOPED profiles=RLS_ON_OWNER_SCOPED qualifications=RLS_ON_TENANT_SCOPED tenants=RLS_ON_TENANT_SCOPED training_providers=RLS_ON_TENANT_SCOPED,apprentice_competencies audit_logs award_rates clients contacts custom_page_revisions custom_pages developer_impersonation_sessions employers field_officers funding_sources gto_complaints incidents mentors opportunities people placements report_catalog_joins sites state_training_authorities super_admin_action_audit tenant_entity_records training_contracts training_plans training_provider_qualifications units_of_competency user_preferences user_tenants,import_qualification_from_catalog,,tga-search=true,yes,121,13,OK,
/leads/:id/edit,crm7,authenticated,LeadEdit,crm7/src/pages/leads/edit.tsx,useClientStore useContactLookup useContactStore useLeadStore useQueryClient,batch_charge_rate_quotes charge_rate_quotes compliance_alerts contacts,batch_charge_rate_quotes=RLS_ON_TENANT_SCOPED charge_rate_quotes=RLS_ON_TENANT_SCOPED compliance_alerts=RLS_ON_TENANT_SCOPED contacts=RLS_ON_TENANT_SCOPED,aass_providers apprentice_competencies award_rates charge_rate_snapshots clients custom_page_revisions custom_pages developer_impersonation_sessions employers field_officers funding_sources govt_integration_logs gto_complaints incidents mentors opportunities people placements profiles qualifications report_catalog_joins sites state_training_authorities super_admin_action_audit tenant_entity_records tenants training_contracts training_plans training_providers units_of_competency user_preferences user_tenants wage_calculation_snapshots,,,,yes,179,12,OK,
/leads/create,crm7,authenticated,LeadCreate,crm7/src/pages/leads/create.tsx,useClientStore useContactLookup useContactStore useDocumentTitle useLeadStore usePermissions useQueryClient,batch_charge_rate_quotes charge_rate_quotes compliance_alerts contacts,batch_charge_rate_quotes=RLS_ON_TENANT_SCOPED charge_rate_quotes=RLS_ON_TENANT_SCOPED compliance_alerts=RLS_ON_TENANT_SCOPED contacts=RLS_ON_TENANT_SCOPED,audit_logs charge_rate_snapshots developer_impersonation_sessions govt_integration_logs people profiles super_admin_action_audit tenants user_tenants wage_calculation_snapshots,,,tenant-management=true,yes,157,9,OK,
/leads/new,crm7,authenticated,Redirect,,,,,,,,,,0,0,REDIRECT,"route is a redirect, no data path of its own"
/leads/scoring,crm7,authenticated,LeadScoring,crm7/src/pages/leads/scoring.tsx,useLeadStore,batch_charge_rate_quotes charge_rate_quotes compliance_alerts,batch_charge_rate_quotes=RLS_ON_TENANT_SCOPED charge_rate_quotes=RLS_ON_TENANT_SCOPED compliance_alerts=RLS_ON_TENANT_SCOPED,aass_providers apprentice_competencies award_rates charge_rate_snapshots clients contacts custom_page_revisions custom_pages developer_impersonation_sessions employers field_officers funding_sources govt_integration_logs gto_complaints incidents mentors opportunities people placements profiles qualifications report_catalog_joins sites state_training_authorities super_admin_action_audit tenant_entity_records tenants training_contracts training_plans training_providers units_of_competency user_preferences user_tenants wage_calculation_snapshots,,,,yes,174,12,OK,
/leave,crm7,authenticated,LeaveRequests,crm7/src/pages/leave/index.tsx,useApprenticeStore useAuth useDocumentTitle useLeaveBalanceStore useLeaveRequestStore usePermissions,app_notifications audit_logs leave_balances leave_requests org_members people profiles tenants timesheets user_tenants,app_notifications=RLS_ON_OWNER_SCOPED audit_logs=RLS_ON_OWNER_SCOPED leave_balances=RLS_ON_TENANT_SCOPED leave_requests=RLS_ON_TENANT_SCOPED org_members=RLS_ON_TENANT_SCOPED people=RLS_ON_TENANT_SCOPED profiles=RLS_ON_OWNER_SCOPED tenants=RLS_ON_TENANT_SCOPED timesheets=RLS_ON_TENANT_SCOPED user_tenants=RLS_ON_TENANT_SCOPED,aass_providers apprentice_competencies award_rates clients contacts custom_page_revisions custom_pages developer_impersonation_sessions employers field_officers funding_sources gto_complaints incidents mentors opportunities placements qualifications report_catalog_joins sites state_training_authorities super_admin_action_audit tenant_entity_records training_contracts training_plans training_providers units_of_competency user_preferences,acting_scope_tenant_id set_current_tenant,,tenant-management=true,yes,77,11,OK,
/leave/:id,crm7,authenticated,LeaveRequestDetail,crm7/src/pages/leave/[id].tsx,useAuth useDocumentTitle useMutation usePermissions useQuery useQueryClient,app_notifications audit_logs leave_balances leave_requests org_members people tenants,app_notifications=RLS_ON_OWNER_SCOPED audit_logs=RLS_ON_OWNER_SCOPED leave_balances=RLS_ON_TENANT_SCOPED leave_requests=RLS_ON_TENANT_SCOPED org_members=RLS_ON_TENANT_SCOPED people=RLS_ON_TENANT_SCOPED tenants=RLS_ON_TENANT_SCOPED,aass_providers apprentice_competencies award_rates clients contacts custom_page_revisions custom_pages developer_impersonation_sessions employers field_officers funding_sources gto_complaints incidents mentors opportunities placements profiles qualifications report_catalog_joins sites state_training_authorities super_admin_action_audit tenant_entity_records training_contracts training_plans training_providers units_of_competency user_preferences user_tenants,acting_scope_tenant_id,,tenant-management=true,yes,71,3,OK,
/leave/calendar,crm7,authenticated,LeaveCalendar,crm7/src/pages/leave/calendar.tsx,useMutation useQuery useQueryClient,app_notifications leave_balances leave_requests org_members people tenants,app_notifications=RLS_ON_OWNER_SCOPED leave_balances=RLS_ON_TENANT_SCOPED leave_requests=RLS_ON_TENANT_SCOPED org_members=RLS_ON_TENANT_SCOPED people=RLS_ON_TENANT_SCOPED tenants=RLS_ON_TENANT_SCOPED,profiles user_tenants,acting_scope_tenant_id,,,yes,27,0,OK,
/leave/request,crm7,authenticated,LeaveRequest,crm7/src/pages/leave/request.tsx,useApprenticeStore useAuth useDateFormatPreference useLeaveBalanceStore,app_notifications audit_logs leave_balances leave_requests org_members people tenants user_preferences,app_notifications=RLS_ON_OWNER_SCOPED audit_logs=RLS_ON_OWNER_SCOPED leave_balances=RLS_ON_TENANT_SCOPED leave_requests=RLS_ON_TENANT_SCOPED org_members=RLS_ON_TENANT_SCOPED people=RLS_ON_TENANT_SCOPED tenants=RLS_ON_TENANT_SCOPED user_preferences=RLS_ON_OWNER_SCOPED,aass_providers apprentice_competencies award_rates clients contacts custom_page_revisions custom_pages developer_impersonation_sessions employers field_officers funding_sources gto_complaints incidents mentors opportunities placements profiles qualifications report_catalog_joins sites state_training_authorities super_admin_action_audit tenant_entity_records training_contracts training_plans training_providers units_of_competency user_tenants,acting_scope_tenant_id,,,yes,81,11,OK,
/mentors,crm7,authenticated,Mentors,crm7/src/pages/mentors/index.tsx,useApprenticeStore useMentorStore,apprentice_competencies employers gto_complaints gto_compliance_assessments invoices mentor_assignments people placements tenants training_plans units_of_competency whs_incidents whs_policies whs_risk_assessments workplace_inspections,apprentice_competencies=RLS_ON_TENANT_SCOPED employers=RLS_ON_TENANT_SCOPED gto_complaints=RLS_ON_MIXED gto_compliance_assessments=RLS_ON_MIXED invoices=RLS_ON_TENANT_SCOPED mentor_assignments=RLS_ON_TENANT_SCOPED people=RLS_ON_TENANT_SCOPED placements=RLS_ON_TENANT_SCOPED tenants=RLS_ON_TENANT_SCOPED training_plans=RLS_ON_MIXED units_of_competency=RLS_ON_TENANT_SCOPED whs_incidents=RLS_ON_TENANT_SCOPED whs_policies=RLS_ON_TENANT_SCOPED whs_risk_assessments=RLS_ON_TENANT_SCOPED workplace_inspections=RLS_ON_TENANT_SCOPED,aass_providers award_rates clients contacts custom_page_revisions custom_pages developer_impersonation_sessions field_officers funding_sources incidents mentors opportunities profiles qualifications report_catalog_joins sites state_training_authorities super_admin_action_audit tenant_entity_records training_contracts training_providers user_preferences user_tenants,invoice_summary,,,yes,81,13,OK,
/mentors/:id,crm7,authenticated,MentorDetail,crm7/src/pages/mentors/[id].tsx,useMentorStore,mentor_assignments people tenants,mentor_assignments=RLS_ON_TENANT_SCOPED people=RLS_ON_TENANT_SCOPED tenants=RLS_ON_TENANT_SCOPED,aass_providers apprentice_competencies award_rates clients contacts custom_page_revisions custom_pages developer_impersonation_sessions employers field_officers funding_sources gto_complaints incidents mentors opportunities placements profiles qualifications report_catalog_joins sites state_training_authorities super_admin_action_audit tenant_entity_records training_contracts training_plans training_providers units_of_competency user_preferences user_tenants,,,,yes,64,11,OK,
/mentors/:id/edit,crm7,authenticated,MentorEdit,crm7/src/pages/mentors/[id]/edit.tsx,useDocumentTitle useMentorStore usePermissions,,,aass_providers apprentice_competencies audit_logs award_rates clients contacts custom_page_revisions custom_pages developer_impersonation_sessions employers field_officers funding_sources gto_complaints incidents mentors opportunities people placements profiles qualifications report_catalog_joins sites state_training_authorities super_admin_action_audit tenant_entity_records tenants training_contracts training_plans training_providers units_of_competency user_preferences user_tenants,,,tenant-management=true,n/a,65,11,OK,
/mentors/assignments/create,crm7,authenticated,MentorAssignmentCreate,crm7/src/pages/mentors/assignments/create.tsx,useApprenticeStore useDateFormatPreference useMentorStore,apprentice_competencies employers gto_complaints gto_compliance_assessments invoices mentor_assignments people placements training_plans units_of_competency user_preferences whs_incidents whs_policies whs_risk_assessments workplace_inspections,apprentice_competencies=RLS_ON_TENANT_SCOPED employers=RLS_ON_TENANT_SCOPED gto_complaints=RLS_ON_MIXED gto_compliance_assessments=RLS_ON_MIXED invoices=RLS_ON_TENANT_SCOPED mentor_assignments=RLS_ON_TENANT_SCOPED people=RLS_ON_TENANT_SCOPED placements=RLS_ON_TENANT_SCOPED training_plans=RLS_ON_MIXED units_of_competency=RLS_ON_TENANT_SCOPED user_preferences=RLS_ON_OWNER_SCOPED whs_incidents=RLS_ON_TENANT_SCOPED whs_policies=RLS_ON_TENANT_SCOPED whs_risk_assessments=RLS_ON_TENANT_SCOPED workplace_inspections=RLS_ON_TENANT_SCOPED,aass_providers award_rates clients contacts custom_page_revisions custom_pages developer_impersonation_sessions field_officers funding_sources incidents mentors opportunities profiles qualifications report_catalog_joins sites state_training_authorities super_admin_action_audit tenant_entity_records tenants training_contracts training_providers user_tenants,invoice_summary,,,yes,75,13,OK,
/mentors/create,crm7,authenticated,MentorCreate,crm7/src/pages/mentors/create.tsx,useMentorStore,aass_providers qualifications training_providers,aass_providers=RLS_ON_TENANT_SCOPED qualifications=RLS_ON_TENANT_SCOPED training_providers=RLS_ON_TENANT_SCOPED,apprentice_competencies award_rates clients contacts custom_page_revisions custom_pages developer_impersonation_sessions employers field_officers funding_sources gto_complaints incidents mentors opportunities people placements profiles report_catalog_joins sites state_training_authorities super_admin_action_audit tenant_entity_records tenants training_contracts training_plans training_provider_qualifications units_of_competency user_preferences user_tenants,import_qualification_from_catalog,,tga-search=true,yes,102,13,OK,
/notifications,crm7,authenticated,Notifications,crm7/src/pages/notifications/index.tsx,useDocumentTitle useNotificationStore usePermissions,people tenants,people=RLS_ON_TENANT_SCOPED tenants=RLS_ON_TENANT_SCOPED,aass_providers apprentice_competencies audit_logs award_rates clients contacts custom_page_revisions custom_pages developer_impersonation_sessions employers field_officers funding_sources gto_complaints incidents mentors opportunities placements profiles qualifications report_catalog_joins sites state_training_authorities super_admin_action_audit tenant_entity_records training_contracts training_plans training_providers units_of_competency user_preferences user_tenants,,,tenant-management=true,yes,85,11,OK,
/notifications/settings,crm7,authenticated,NotificationSettings,crm7/src/pages/financial/invoices/create.tsx,useDateFormatPreference useInvoiceStore,aass_providers invoice_line_items invoices qualifications training_providers user_preferences,aass_providers=RLS_ON_TENANT_SCOPED invoice_line_items=RLS_ON_TENANT_SCOPED invoices=RLS_ON_TENANT_SCOPED qualifications=RLS_ON_TENANT_SCOPED training_providers=RLS_ON_TENANT_SCOPED user_preferences=RLS_ON_OWNER_SCOPED,apprentice_competencies award_rates clients contacts custom_page_revisions custom_pages developer_impersonation_sessions employers field_officers funding_sources gto_complaints incidents mentors opportunities people placements profiles report_catalog_joins sites state_training_authorities super_admin_action_audit tenant_entity_records tenants training_contracts training_plans training_provider_qualifications units_of_competency user_tenants,import_qualification_from_catalog,,tga-search=true,yes,104,13,OK,
/onboarding/induction-checklist,crm7,authenticated,InductionChecklist,crm7/src/pages/onboarding/induction-checklist.tsx,useDateFormatPreference,user_preferences,user_preferences=RLS_ON_OWNER_SCOPED,aass_providers apprentice_competencies award_rates clients contacts custom_page_revisions custom_pages developer_impersonation_sessions employers field_officers funding_sources gto_complaints incidents mentors opportunities people placements profiles qualifications report_catalog_joins sites state_training_authorities super_admin_action_audit tenant_entity_records tenants training_contracts training_plans training_providers units_of_competency user_tenants,,,,n/a,59,3,OK,
/opportunities,crm7,authenticated,Opportunities,crm7/src/pages/opportunities/index.tsx,useDocumentTitle useOpportunityStore usePermissions useReactTable useTablePreferences,batch_charge_rate_quotes charge_rate_quotes compliance_alerts people tenants user_preferences,batch_charge_rate_quotes=RLS_ON_TENANT_SCOPED charge_rate_quotes=RLS_ON_TENANT_SCOPED compliance_alerts=RLS_ON_TENANT_SCOPED people=RLS_ON_TENANT_SCOPED tenants=RLS_ON_TENANT_SCOPED user_preferences=RLS_ON_OWNER_SCOPED,aass_providers apprentice_competencies audit_logs award_rates charge_rate_snapshots clients contacts custom_page_revisions custom_pages developer_impersonation_sessions employers field_officers funding_sources govt_integration_logs gto_complaints incidents mentors opportunities placements profiles qualifications report_catalog_joins sites state_training_authorities super_admin_action_audit tenant_entity_records training_contracts training_plans training_providers units_of_competency user_tenants wage_calculation_snapshots,,,tenant-management=true,yes,194,12,OK,
/opportunities/:id,crm7,authenticated,OpportunityDetail,crm7/src/pages/opportunities/[id]/index.tsx,useOpportunityStore,batch_charge_rate_quotes charge_rate_quotes compliance_alerts contacts employers funding_sources host_agreements leads mentors opportunities people placements timesheets training_providers vacancies,batch_charge_rate_quotes=RLS_ON_TENANT_SCOPED charge_rate_quotes=RLS_ON_TENANT_SCOPED compliance_alerts=RLS_ON_TENANT_SCOPED contacts=RLS_ON_TENANT_SCOPED employers=RLS_ON_TENANT_SCOPED funding_sources=RLS_ON_TENANT_SCOPED host_agreements=RLS_ON_MIXED leads=RLS_ON_TENANT_SCOPED mentors=RLS_ON_TENANT_SCOPED opportunities=RLS_ON_TENANT_SCOPED people=RLS_ON_TENANT_SCOPED placements=RLS_ON_TENANT_SCOPED timesheets=RLS_ON_TENANT_SCOPED training_providers=RLS_ON_TENANT_SCOPED vacancies=RLS_ON_TENANT_SCOPED,aass_providers apprentice_competencies award_rates charge_rate_snapshots clients custom_page_revisions custom_pages developer_impersonation_sessions field_officers govt_integration_logs gto_complaints incidents profiles qualifications report_catalog_joins sites state_training_authorities super_admin_action_audit tenant_entity_records tenants training_contracts training_plans units_of_competency user_preferences user_tenants wage_calculation_snapshots,,,,yes,206,15,OK,
/opportunities/:id/edit,crm7,authenticated,OpportunityEdit,crm7/src/pages/opportunities/[id]/edit.tsx,useOpportunityStore,batch_charge_rate_quotes charge_rate_quotes compliance_alerts,batch_charge_rate_quotes=RLS_ON_TENANT_SCOPED charge_rate_quotes=RLS_ON_TENANT_SCOPED compliance_alerts=RLS_ON_TENANT_SCOPED,aass_providers apprentice_competencies award_rates charge_rate_snapshots clients contacts custom_page_revisions custom_pages developer_impersonation_sessions employers field_officers funding_sources govt_integration_logs gto_complaints incidents mentors opportunities people placements profiles qualifications report_catalog_joins sites state_training_authorities super_admin_action_audit tenant_entity_records tenants training_contracts training_plans training_provider_qualifications training_providers units_of_competency user_preferences user_tenants wage_calculation_snapshots,,,tga-search=true,yes,214,14,OK,
/opportunities/create,crm7,authenticated,OpportunityCreate,crm7/src/pages/opportunities/create.tsx,useOpportunityStore,batch_charge_rate_quotes charge_rate_quotes compliance_alerts,batch_charge_rate_quotes=RLS_ON_TENANT_SCOPED charge_rate_quotes=RLS_ON_TENANT_SCOPED compliance_alerts=RLS_ON_TENANT_SCOPED,aass_providers apprentice_competencies award_rates charge_rate_snapshots clients contacts custom_page_revisions custom_pages developer_impersonation_sessions employers field_officers funding_sources govt_integration_logs gto_complaints incidents mentors opportunities people placements profiles qualifications report_catalog_joins sites state_training_authorities super_admin_action_audit tenant_entity_records tenants training_contracts training_plans training_provider_qualifications training_providers units_of_competency user_preferences user_tenants wage_calculation_snapshots,,,tga-search=true,yes,214,14,OK,
/payroll,crm7,authenticated,Payroll,crm7/src/pages/payroll/award-rates/index.tsx,useDocumentTitle usePermissions useQuery,rate_schedules,rate_schedules=RLS_ON_TENANT_SCOPED,aass_providers apprentice_competencies audit_logs award_rates clients contacts custom_page_revisions custom_pages developer_impersonation_sessions employers field_officers funding_sources gto_complaints incidents mentors opportunities people placements profiles qualifications report_catalog_joins sites state_training_authorities super_admin_action_audit tenant_entity_records tenants training_contracts training_plans training_providers units_of_competency user_preferences user_tenants,,fairwork-enhanced,fairwork-enhanced=true tenant-management=true,yes,64,3,OK,
/payroll/award-rates,crm7,authenticated,PayrollAwardRates,crm7/src/pages/payroll/award-rates/create.tsx,useDateFormatPreference useSearch,boot_assessments rate_schedules user_preferences,boot_assessments=RLS_ON_TENANT_SCOPED rate_schedules=RLS_ON_TENANT_SCOPED user_preferences=RLS_ON_OWNER_SCOPED,aass_providers apprentice_competencies award_rates clients contacts custom_page_revisions custom_pages developer_impersonation_sessions employers field_officers funding_sources gto_complaints incidents mentors opportunities people placements profiles qualifications report_catalog_joins sites state_training_authorities super_admin_action_audit tenant_entity_records tenants training_contracts training_plans training_providers units_of_competency user_tenants,,,,yes,67,3,OK,
/payroll/award-rates/create,crm7,authenticated,PayrollAwardRatesCreate,crm7/src/pages/payroll/award-rates/create.tsx,useDateFormatPreference useSearch,boot_assessments rate_schedules user_preferences,boot_assessments=RLS_ON_TENANT_SCOPED rate_schedules=RLS_ON_TENANT_SCOPED user_preferences=RLS_ON_OWNER_SCOPED,aass_providers apprentice_competencies award_rates clients contacts custom_page_revisions custom_pages developer_impersonation_sessions employers field_officers funding_sources gto_complaints incidents mentors opportunities people placements profiles qualifications report_catalog_joins sites state_training_authorities super_admin_action_audit tenant_entity_records tenants training_contracts training_plans training_providers units_of_competency user_tenants,,,,yes,67,3,OK,
/payroll/dashboard,crm7,authenticated,PayrollDashboard,crm7/src/pages/payroll/pay-periods/create.tsx,useDateFormatPreference usePayPeriodStore,app_notifications batch_charge_rate_quotes charge_rate_quotes compliance_alerts org_members timesheet_events timesheets user_preferences,app_notifications=RLS_ON_OWNER_SCOPED batch_charge_rate_quotes=RLS_ON_TENANT_SCOPED charge_rate_quotes=RLS_ON_TENANT_SCOPED compliance_alerts=RLS_ON_TENANT_SCOPED org_members=RLS_ON_TENANT_SCOPED timesheet_events=RLS_ON_TENANT_SCOPED timesheets=RLS_ON_TENANT_SCOPED user_preferences=RLS_ON_OWNER_SCOPED,aass_providers apprentice_competencies award_rates charge_rate_snapshots clients contacts custom_page_revisions custom_pages developer_impersonation_sessions employers field_officers funding_sources govt_integration_logs gto_complaints incidents mentors opportunities people placements profiles qualifications report_catalog_joins sites state_training_authorities super_admin_action_audit tenant_entity_records tenants training_contracts training_plans training_providers units_of_competency user_tenants wage_calculation_snapshots,,,,yes,179,12,OK,
/payroll/missing-timesheets,crm7,authenticated,PayrollMissingTimesheets,crm7/src/pages/payroll/rcti/index.tsx,useDocumentTitle usePermissions useRctiStore,batch_charge_rate_quotes charge_rate_quotes compliance_alerts rcti_invoices timesheets,batch_charge_rate_quotes=RLS_ON_TENANT_SCOPED charge_rate_quotes=RLS_ON_TENANT_SCOPED compliance_alerts=RLS_ON_TENANT_SCOPED rcti_invoices=RLS_ON_TENANT_SCOPED timesheets=RLS_ON_TENANT_SCOPED,aass_providers apprentice_competencies audit_logs award_rates charge_rate_snapshots clients contacts custom_page_revisions custom_pages developer_impersonation_sessions employers field_officers funding_sources govt_integration_logs gto_complaints incidents mentors opportunities people placements profiles qualifications report_catalog_joins sites state_training_authorities super_admin_action_audit tenant_entity_records tenants training_contracts training_plans training_providers units_of_competency user_preferences user_tenants wage_calculation_snapshots,acting_scope_tenant_id,,tenant-management=true,yes,181,14,OK,
/payroll/pay-periods,crm7,authenticated,PayrollPayPeriods,crm7/src/pages/payroll/missing-timesheets/index.tsx,useDateFormatPreference useDocumentTitle usePermissions,placements timesheets user_preferences,placements=RLS_ON_TENANT_SCOPED timesheets=RLS_ON_TENANT_SCOPED user_preferences=RLS_ON_OWNER_SCOPED,aass_providers apprentice_competencies audit_logs award_rates clients contacts custom_page_revisions custom_pages developer_impersonation_sessions employers field_officers funding_sources gto_complaints incidents mentors opportunities people profiles qualifications report_catalog_joins sites state_training_authorities super_admin_action_audit tenant_entity_records tenants training_contracts training_plans training_providers units_of_competency user_tenants,,,tenant-management=true,yes,56,5,OK,
/payroll/pay-periods/create,crm7,authenticated,PayrollPayPeriodsCreate,crm7/src/pages/payroll/pay-periods/index.tsx,useDocumentTitle usePayPeriodStore usePermissions,app_notifications batch_charge_rate_quotes charge_rate_quotes compliance_alerts org_members timesheet_events timesheets,app_notifications=RLS_ON_OWNER_SCOPED batch_charge_rate_quotes=RLS_ON_TENANT_SCOPED charge_rate_quotes=RLS_ON_TENANT_SCOPED compliance_alerts=RLS_ON_TENANT_SCOPED org_members=RLS_ON_TENANT_SCOPED timesheet_events=RLS_ON_TENANT_SCOPED timesheets=RLS_ON_TENANT_SCOPED,aass_providers apprentice_competencies audit_logs award_rates charge_rate_snapshots clients contacts custom_page_revisions custom_pages developer_impersonation_sessions employers field_officers funding_sources govt_integration_logs gto_complaints incidents mentors opportunities people placements profiles qualifications report_catalog_joins sites state_training_authorities super_admin_action_audit tenant_entity_records tenants training_contracts training_plans training_providers units_of_competency user_preferences user_tenants wage_calculation_snapshots,,,tenant-management=true,yes,176,12,OK,
/payroll/rcti,crm7,authenticated,PayrollRcti,crm7/src/pages/awards/index.tsx,useDocumentTitle useFairWorkAwardStore usePermissions useReactTable useTablePreferences,batch_charge_rate_quotes charge_rate_quotes compliance_alerts people tenants user_preferences,batch_charge_rate_quotes=RLS_ON_TENANT_SCOPED charge_rate_quotes=RLS_ON_TENANT_SCOPED compliance_alerts=RLS_ON_TENANT_SCOPED people=RLS_ON_TENANT_SCOPED tenants=RLS_ON_TENANT_SCOPED user_preferences=RLS_ON_OWNER_SCOPED,aass_providers apprentice_competencies audit_logs award_rates charge_rate_snapshots clients contacts custom_page_revisions custom_pages developer_impersonation_sessions employers field_officers funding_sources govt_integration_logs gto_complaints incidents mentors opportunities placements profiles qualifications report_catalog_joins sites state_training_authorities super_admin_action_audit tenant_entity_records training_contracts training_plans training_providers units_of_competency user_tenants wage_calculation_snapshots,,,tenant-management=true,yes,177,12,OK,
/payroll/timesheets,crm7,authenticated,PayrollTimesheets,crm7/src/pages/payroll/dashboard.tsx,useAuth usePayrollStore useSearch,audit_logs people,audit_logs=RLS_ON_OWNER_SCOPED people=RLS_ON_TENANT_SCOPED,aass_providers apprentice_competencies award_rates clients contacts custom_page_revisions custom_pages developer_impersonation_sessions employers field_officers funding_sources gto_complaints incidents mentors opportunities placements profiles qualifications report_catalog_joins sites state_training_authorities super_admin_action_audit tenant_entity_records tenant_settings tenants training_contracts training_plans training_providers units_of_competency user_preferences user_tenants,acting_scope_tenant_id build_pay_run_from_timesheets,,fairwork-enhanced=true,yes,142,12,OK,
/people,crm7,authenticated,PeopleListPage,crm7/src/App.tsx,useAccessibilityInit useApprenticeOptions useApprenticePlacementsForApprentice useApprenticeStore useApprenticesAnalytics useAuth useBootAssessmentStore useBranding useCaseNoteStore useChargeCalcResolvers useChromelessState useClientStore useCoYApprenticeChangeStore useCoYBatchStore useCommunicationStore useCommunicationTemplateStore useCompetencyAssessmentStore useComplianceStore useContactStore useContacts useDashboard useDashboardCrossFilterStore useDashboardsList useDebounce,aass_registrations apprentice_competencies apprentice_handoff_tokens apprentices audit_events audit_logs avetmiss_exports awards boot_assessments charge_rate_audit_log charge_rate_quotes charge_rate_schedules charge_rate_snapshots clients communications competency_assessments compliance_alerts contacts coy_apprentice_changes document_metadata document_records employers financial_viability_snapshots gto_access_equity_adjustments gto_compliance_evidence guardian_consents incidents induction_records invoice_line_items invoices leave_requests lln_assessments mentor_assignments org_members pay_runs payroll_identifier_kinds people performance_reviews placements profiles progress_review_templates qualification_units qualifications r7_candidates rate_schedules reminders report_deliveries report_schedules report_templates signature_requests site_visits skill_records super_admin_action_audit support_contacts tenant_payroll_identifiers tenant_switch_audit tenants timesheets training_contracts training_plan_reviews training_plans training_provider_organisations training_provider_qualifications training_providers units_of_competency user_tenants whs_audits xero_connections,aass_registrations=RLS_ON_TENANT_SCOPED apprentice_competencies=RLS_ON_TENANT_SCOPED apprentice_handoff_tokens=RLS_ON_TENANT_SCOPED apprentices=RLS_ON_TENANT_SCOPED audit_events=RLS_ON_TENANT_SCOPED audit_logs=RLS_ON_OWNER_SCOPED avetmiss_exports=RLS_ON_TENANT_SCOPED awards=RLS_ON_ROLE_OR_OTHER boot_assessments=RLS_ON_TENANT_SCOPED charge_rate_audit_log=RLS_ON_TENANT_SCOPED charge_rate_quotes=RLS_ON_TENANT_SCOPED charge_rate_schedules=RLS_ON_TENANT_SCOPED charge_rate_snapshots=RLS_ON_TENANT_SCOPED clients=RLS_ON_TENANT_SCOPED communications=RLS_ON_TENANT_SCOPED competency_assessments=RLS_ON_TENANT_SCOPED compliance_alerts=RLS_ON_TENANT_SCOPED contacts=RLS_ON_TENANT_SCOPED coy_apprentice_changes=RLS_ON_TENANT_SCOPED document_metadata=RLS_ON_TENANT_SCOPED document_records=RLS_ON_TENANT_SCOPED employers=RLS_ON_TENANT_SCOPED financial_viability_snapshots=RLS_ON_ROLE_OR_OTHER gto_access_equity_adjustments=RLS_ON_MIXED gto_compliance_evidence=RLS_ON_MIXED guardian_consents=RLS_ON_TENANT_SCOPED incidents=RLS_ON_TENANT_SCOPED induction_records=RLS_ON_TENANT_SCOPED invoice_line_items=RLS_ON_TENANT_SCOPED invoices=RLS_ON_TENANT_SCOPED leave_requests=RLS_ON_TENANT_SCOPED lln_assessments=RLS_ON_TENANT_SCOPED mentor_assignments=RLS_ON_TENANT_SCOPED org_members=RLS_ON_TENANT_SCOPED pay_runs=RLS_ON_MIXED payroll_identifier_kinds=RLS_ON_PERMISSIVE people=RLS_ON_TENANT_SCOPED performance_reviews=RLS_ON_TENANT_SCOPED placements=RLS_ON_TENANT_SCOPED profiles=RLS_ON_OWNER_SCOPED progress_review_templates=RLS_ON_TENANT_SCOPED qualification_units=RLS_ON_PERMISSIVE qualifications=RLS_ON_TENANT_SCOPED r7_candidates=RLS_ON_TENANT_SCOPED rate_schedules=RLS_ON_TENANT_SCOPED reminders=RLS_ON_TENANT_SCOPED report_deliveries=RLS_ON_TENANT_SCOPED report_schedules=RLS_ON_TENANT_SCOPED report_templates=RLS_ON_TENANT_SCOPED signature_requests=RLS_ON_TENANT_SCOPED site_visits=RLS_ON_MIXED skill_records=RLS_ON_TENANT_SCOPED super_admin_action_audit=RLS_ON_TENANT_SCOPED support_contacts=RLS_ON_TENANT_SCOPED tenant_payroll_identifiers=RLS_ON_TENANT_SCOPED tenant_switch_audit=RLS_ON_TENANT_SCOPED tenants=RLS_ON_TENANT_SCOPED timesheets=RLS_ON_TENANT_SCOPED training_contracts=RLS_ON_TENANT_SCOPED training_plan_reviews=RLS_ON_TENANT_SCOPED training_plans=RLS_ON_MIXED training_provider_organisations=RLS_ON_TENANT_SCOPED training_provider_qualifications=RLS_ON_PERMISSIVE training_providers=RLS_ON_TENANT_SCOPED units_of_competency=RLS_ON_TENANT_SCOPED user_tenants=RLS_ON_TENANT_SCOPED whs_audits=RLS_ON_TENANT_SCOPED xero_connections=RLS_ON_TENANT_SCOPED,,create_apprentice_from_candidate create_person_with_contact is_enterprise_admin link_training_provider_to_organisation log_tenant_switch onboarding_requirements_preview payroll_remittance_readiness platform_admin_act_as platform_admin_stop_acting redeem_quote_handoff_token set_demo_persist_flag update_person_with_contact,avetmiss-export charge-rate-quote-dispatch fairwork-enhanced handover-to-employment host-agreement-dispatch invoice-send-direct report-delivery tasks-sync xero-invoice-submit,avetmiss-export=true charge-rate-quote-dispatch=true fairwork-enhanced=true handover-to-employment=true host-agreement-dispatch=true invoice-send-direct=true report-delivery=true tasks-sync=true xero-invoice-submit=true,PARTIAL,260,11,REVIEW_TENANT_PARTIAL,
/people/:id,crm7,authenticated,PersonDetailPage,crm7/src/App.tsx,useAccessibilityInit useApprenticeOptions useApprenticePlacementsForApprentice useApprenticeStore useApprenticesAnalytics useAuth useBootAssessmentStore useBranding useCaseNoteStore useChargeCalcResolvers useChromelessState useClientStore useCoYApprenticeChangeStore useCoYBatchStore useCommunicationStore useCommunicationTemplateStore useCompetencyAssessmentStore useComplianceStore useContactStore useContacts useDashboard useDashboardCrossFilterStore useDashboardsList useDebounce,aass_registrations apprentice_competencies apprentice_handoff_tokens apprentices audit_events audit_logs avetmiss_exports awards boot_assessments charge_rate_audit_log charge_rate_quotes charge_rate_schedules charge_rate_snapshots clients communications competency_assessments compliance_alerts contacts coy_apprentice_changes document_metadata document_records employers financial_viability_snapshots gto_access_equity_adjustments gto_compliance_evidence guardian_consents incidents induction_records invoice_line_items invoices leave_requests lln_assessments mentor_assignments org_members pay_runs payroll_identifier_kinds people performance_reviews placements profiles progress_review_templates qualification_units qualifications r7_candidates rate_schedules reminders report_deliveries report_schedules report_templates signature_requests site_visits skill_records super_admin_action_audit support_contacts tenant_payroll_identifiers tenant_switch_audit tenants timesheets training_contracts training_plan_reviews training_plans training_provider_organisations training_provider_qualifications training_providers units_of_competency user_tenants whs_audits xero_connections,aass_registrations=RLS_ON_TENANT_SCOPED apprentice_competencies=RLS_ON_TENANT_SCOPED apprentice_handoff_tokens=RLS_ON_TENANT_SCOPED apprentices=RLS_ON_TENANT_SCOPED audit_events=RLS_ON_TENANT_SCOPED audit_logs=RLS_ON_OWNER_SCOPED avetmiss_exports=RLS_ON_TENANT_SCOPED awards=RLS_ON_ROLE_OR_OTHER boot_assessments=RLS_ON_TENANT_SCOPED charge_rate_audit_log=RLS_ON_TENANT_SCOPED charge_rate_quotes=RLS_ON_TENANT_SCOPED charge_rate_schedules=RLS_ON_TENANT_SCOPED charge_rate_snapshots=RLS_ON_TENANT_SCOPED clients=RLS_ON_TENANT_SCOPED communications=RLS_ON_TENANT_SCOPED competency_assessments=RLS_ON_TENANT_SCOPED compliance_alerts=RLS_ON_TENANT_SCOPED contacts=RLS_ON_TENANT_SCOPED coy_apprentice_changes=RLS_ON_TENANT_SCOPED document_metadata=RLS_ON_TENANT_SCOPED document_records=RLS_ON_TENANT_SCOPED employers=RLS_ON_TENANT_SCOPED financial_viability_snapshots=RLS_ON_ROLE_OR_OTHER gto_access_equity_adjustments=RLS_ON_MIXED gto_compliance_evidence=RLS_ON_MIXED guardian_consents=RLS_ON_TENANT_SCOPED incidents=RLS_ON_TENANT_SCOPED induction_records=RLS_ON_TENANT_SCOPED invoice_line_items=RLS_ON_TENANT_SCOPED invoices=RLS_ON_TENANT_SCOPED leave_requests=RLS_ON_TENANT_SCOPED lln_assessments=RLS_ON_TENANT_SCOPED mentor_assignments=RLS_ON_TENANT_SCOPED org_members=RLS_ON_TENANT_SCOPED pay_runs=RLS_ON_MIXED payroll_identifier_kinds=RLS_ON_PERMISSIVE people=RLS_ON_TENANT_SCOPED performance_reviews=RLS_ON_TENANT_SCOPED placements=RLS_ON_TENANT_SCOPED profiles=RLS_ON_OWNER_SCOPED progress_review_templates=RLS_ON_TENANT_SCOPED qualification_units=RLS_ON_PERMISSIVE qualifications=RLS_ON_TENANT_SCOPED r7_candidates=RLS_ON_TENANT_SCOPED rate_schedules=RLS_ON_TENANT_SCOPED reminders=RLS_ON_TENANT_SCOPED report_deliveries=RLS_ON_TENANT_SCOPED report_schedules=RLS_ON_TENANT_SCOPED report_templates=RLS_ON_TENANT_SCOPED signature_requests=RLS_ON_TENANT_SCOPED site_visits=RLS_ON_MIXED skill_records=RLS_ON_TENANT_SCOPED super_admin_action_audit=RLS_ON_TENANT_SCOPED support_contacts=RLS_ON_TENANT_SCOPED tenant_payroll_identifiers=RLS_ON_TENANT_SCOPED tenant_switch_audit=RLS_ON_TENANT_SCOPED tenants=RLS_ON_TENANT_SCOPED timesheets=RLS_ON_TENANT_SCOPED training_contracts=RLS_ON_TENANT_SCOPED training_plan_reviews=RLS_ON_TENANT_SCOPED training_plans=RLS_ON_MIXED training_provider_organisations=RLS_ON_TENANT_SCOPED training_provider_qualifications=RLS_ON_PERMISSIVE training_providers=RLS_ON_TENANT_SCOPED units_of_competency=RLS_ON_TENANT_SCOPED user_tenants=RLS_ON_TENANT_SCOPED whs_audits=RLS_ON_TENANT_SCOPED xero_connections=RLS_ON_TENANT_SCOPED,,create_apprentice_from_candidate create_person_with_contact is_enterprise_admin link_training_provider_to_organisation log_tenant_switch onboarding_requirements_preview payroll_remittance_readiness platform_admin_act_as platform_admin_stop_acting redeem_quote_handoff_token set_demo_persist_flag update_person_with_contact,avetmiss-export charge-rate-quote-dispatch fairwork-enhanced handover-to-employment host-agreement-dispatch invoice-send-direct report-delivery tasks-sync xero-invoice-submit,avetmiss-export=true charge-rate-quote-dispatch=true fairwork-enhanced=true handover-to-employment=true host-agreement-dispatch=true invoice-send-direct=true report-delivery=true tasks-sync=true xero-invoice-submit=true,PARTIAL,260,11,REVIEW_TENANT_PARTIAL,
/people/:id/documents,crm7,authenticated,PersonDocumentsPage,crm7/src/pages/people/[id]/documents.tsx,useDocumentCategoryPolicies useDownloadDocument useEntityDocuments useQuery useUploadDocument useVerificationHistory useVerifyDocument,document_access_log document_categories document_metadata document_verification_events people,document_access_log=RLS_ON_TENANT_SCOPED document_categories=RLS_ON_TENANT_SCOPED document_metadata=RLS_ON_TENANT_SCOPED document_verification_events=RLS_ON_TENANT_SCOPED people=RLS_ON_TENANT_SCOPED,profiles user_preferences user_tenants,get_documents_eligible_for_destruction,document-encryption,document-encryption=true,yes,32,3,OK,
/people/:id/edit,crm7,authenticated,PersonEdit,crm7/src/pages/people/[id]/edit.tsx,useDateFormatPreference usePeopleStore usePlatformRole useTenantId,developer_impersonation_sessions people profiles public_holidays qualifications super_admin_action_audit tenants training_plans training_schedules user_preferences,developer_impersonation_sessions=RLS_ON_TENANT_SCOPED people=RLS_ON_TENANT_SCOPED profiles=RLS_ON_OWNER_SCOPED public_holidays=RLS_ON_ROLE_OR_OTHER qualifications=RLS_ON_TENANT_SCOPED super_admin_action_audit=RLS_ON_TENANT_SCOPED tenants=RLS_ON_TENANT_SCOPED training_plans=RLS_ON_MIXED training_schedules=RLS_ON_TENANT_SCOPED user_preferences=RLS_ON_OWNER_SCOPED,aass_providers apprentice_competencies audit_logs award_rates clients contacts custom_page_revisions custom_pages employers field_officers funding_sources gto_complaints incidents mentors opportunities placements report_catalog_joins sites state_training_authorities tenant_entity_records training_contracts training_providers units_of_competency user_tenants,acting_scope_tenant_id log_tenant_switch update_person_with_contact,tga-search,tga-search=true,yes,91,18,OK,
/people/completion,crm7,authenticated,PeopleCompletionPage,crm7/src/App.tsx,useAccessibilityInit useApprenticeOptions useApprenticePlacementsForApprentice useApprenticeStore useApprenticesAnalytics useAuth useBootAssessmentStore useBranding useCaseNoteStore useChargeCalcResolvers useChromelessState useClientStore useCoYApprenticeChangeStore useCoYBatchStore useCommunicationStore useCommunicationTemplateStore useCompetencyAssessmentStore useComplianceStore useContactStore useContacts useDashboard useDashboardCrossFilterStore useDashboardsList useDebounce,aass_registrations apprentice_competencies apprentice_handoff_tokens apprentices audit_events audit_logs avetmiss_exports awards boot_assessments charge_rate_audit_log charge_rate_quotes charge_rate_schedules charge_rate_snapshots clients communications competency_assessments compliance_alerts contacts coy_apprentice_changes document_metadata document_records employers financial_viability_snapshots gto_access_equity_adjustments gto_compliance_evidence guardian_consents incidents induction_records invoice_line_items invoices leave_requests lln_assessments mentor_assignments org_members pay_runs payroll_identifier_kinds people performance_reviews placements profiles progress_review_templates qualification_units qualifications r7_candidates rate_schedules reminders report_deliveries report_schedules report_templates signature_requests site_visits skill_records super_admin_action_audit support_contacts tenant_payroll_identifiers tenant_switch_audit tenants timesheets training_contracts training_plan_reviews training_plans training_provider_organisations training_provider_qualifications training_providers units_of_competency user_tenants whs_audits xero_connections,aass_registrations=RLS_ON_TENANT_SCOPED apprentice_competencies=RLS_ON_TENANT_SCOPED apprentice_handoff_tokens=RLS_ON_TENANT_SCOPED apprentices=RLS_ON_TENANT_SCOPED audit_events=RLS_ON_TENANT_SCOPED audit_logs=RLS_ON_OWNER_SCOPED avetmiss_exports=RLS_ON_TENANT_SCOPED awards=RLS_ON_ROLE_OR_OTHER boot_assessments=RLS_ON_TENANT_SCOPED charge_rate_audit_log=RLS_ON_TENANT_SCOPED charge_rate_quotes=RLS_ON_TENANT_SCOPED charge_rate_schedules=RLS_ON_TENANT_SCOPED charge_rate_snapshots=RLS_ON_TENANT_SCOPED clients=RLS_ON_TENANT_SCOPED communications=RLS_ON_TENANT_SCOPED competency_assessments=RLS_ON_TENANT_SCOPED compliance_alerts=RLS_ON_TENANT_SCOPED contacts=RLS_ON_TENANT_SCOPED coy_apprentice_changes=RLS_ON_TENANT_SCOPED document_metadata=RLS_ON_TENANT_SCOPED document_records=RLS_ON_TENANT_SCOPED employers=RLS_ON_TENANT_SCOPED financial_viability_snapshots=RLS_ON_ROLE_OR_OTHER gto_access_equity_adjustments=RLS_ON_MIXED gto_compliance_evidence=RLS_ON_MIXED guardian_consents=RLS_ON_TENANT_SCOPED incidents=RLS_ON_TENANT_SCOPED induction_records=RLS_ON_TENANT_SCOPED invoice_line_items=RLS_ON_TENANT_SCOPED invoices=RLS_ON_TENANT_SCOPED leave_requests=RLS_ON_TENANT_SCOPED lln_assessments=RLS_ON_TENANT_SCOPED mentor_assignments=RLS_ON_TENANT_SCOPED org_members=RLS_ON_TENANT_SCOPED pay_runs=RLS_ON_MIXED payroll_identifier_kinds=RLS_ON_PERMISSIVE people=RLS_ON_TENANT_SCOPED performance_reviews=RLS_ON_TENANT_SCOPED placements=RLS_ON_TENANT_SCOPED profiles=RLS_ON_OWNER_SCOPED progress_review_templates=RLS_ON_TENANT_SCOPED qualification_units=RLS_ON_PERMISSIVE qualifications=RLS_ON_TENANT_SCOPED r7_candidates=RLS_ON_TENANT_SCOPED rate_schedules=RLS_ON_TENANT_SCOPED reminders=RLS_ON_TENANT_SCOPED report_deliveries=RLS_ON_TENANT_SCOPED report_schedules=RLS_ON_TENANT_SCOPED report_templates=RLS_ON_TENANT_SCOPED signature_requests=RLS_ON_TENANT_SCOPED site_visits=RLS_ON_MIXED skill_records=RLS_ON_TENANT_SCOPED super_admin_action_audit=RLS_ON_TENANT_SCOPED support_contacts=RLS_ON_TENANT_SCOPED tenant_payroll_identifiers=RLS_ON_TENANT_SCOPED tenant_switch_audit=RLS_ON_TENANT_SCOPED tenants=RLS_ON_TENANT_SCOPED timesheets=RLS_ON_TENANT_SCOPED training_contracts=RLS_ON_TENANT_SCOPED training_plan_reviews=RLS_ON_TENANT_SCOPED training_plans=RLS_ON_MIXED training_provider_organisations=RLS_ON_TENANT_SCOPED training_provider_qualifications=RLS_ON_PERMISSIVE training_providers=RLS_ON_TENANT_SCOPED units_of_competency=RLS_ON_TENANT_SCOPED user_tenants=RLS_ON_TENANT_SCOPED whs_audits=RLS_ON_TENANT_SCOPED xero_connections=RLS_ON_TENANT_SCOPED,,create_apprentice_from_candidate create_person_with_contact is_enterprise_admin link_training_provider_to_organisation log_tenant_switch onboarding_requirements_preview payroll_remittance_readiness platform_admin_act_as platform_admin_stop_acting redeem_quote_handoff_token set_demo_persist_flag update_person_with_contact,avetmiss-export charge-rate-quote-dispatch fairwork-enhanced handover-to-employment host-agreement-dispatch invoice-send-direct report-delivery tasks-sync xero-invoice-submit,avetmiss-export=true charge-rate-quote-dispatch=true fairwork-enhanced=true handover-to-employment=true host-agreement-dispatch=true invoice-send-direct=true report-delivery=true tasks-sync=true xero-invoice-submit=true,PARTIAL,260,11,REVIEW_TENANT_PARTIAL,
/people/compliance,crm7,authenticated,PeopleCompliancePage,crm7/src/App.tsx,useAccessibilityInit useApprenticeOptions useApprenticePlacementsForApprentice useApprenticeStore useApprenticesAnalytics useAuth useBootAssessmentStore useBranding useCaseNoteStore useChargeCalcResolvers useChromelessState useClientStore useCoYApprenticeChangeStore useCoYBatchStore useCommunicationStore useCommunicationTemplateStore useCompetencyAssessmentStore useComplianceStore useContactStore useContacts useDashboard useDashboardCrossFilterStore useDashboardsList useDebounce,aass_registrations apprentice_competencies apprentice_handoff_tokens apprentices audit_events audit_logs avetmiss_exports awards boot_assessments charge_rate_audit_log charge_rate_quotes charge_rate_schedules charge_rate_snapshots clients communications competency_assessments compliance_alerts contacts coy_apprentice_changes document_metadata document_records employers financial_viability_snapshots gto_access_equity_adjustments gto_compliance_evidence guardian_consents incidents induction_records invoice_line_items invoices leave_requests lln_assessments mentor_assignments org_members pay_runs payroll_identifier_kinds people performance_reviews placements profiles progress_review_templates qualification_units qualifications r7_candidates rate_schedules reminders report_deliveries report_schedules report_templates signature_requests site_visits skill_records super_admin_action_audit support_contacts tenant_payroll_identifiers tenant_switch_audit tenants timesheets training_contracts training_plan_reviews training_plans training_provider_organisations training_provider_qualifications training_providers units_of_competency user_tenants whs_audits xero_connections,aass_registrations=RLS_ON_TENANT_SCOPED apprentice_competencies=RLS_ON_TENANT_SCOPED apprentice_handoff_tokens=RLS_ON_TENANT_SCOPED apprentices=RLS_ON_TENANT_SCOPED audit_events=RLS_ON_TENANT_SCOPED audit_logs=RLS_ON_OWNER_SCOPED avetmiss_exports=RLS_ON_TENANT_SCOPED awards=RLS_ON_ROLE_OR_OTHER boot_assessments=RLS_ON_TENANT_SCOPED charge_rate_audit_log=RLS_ON_TENANT_SCOPED charge_rate_quotes=RLS_ON_TENANT_SCOPED charge_rate_schedules=RLS_ON_TENANT_SCOPED charge_rate_snapshots=RLS_ON_TENANT_SCOPED clients=RLS_ON_TENANT_SCOPED communications=RLS_ON_TENANT_SCOPED competency_assessments=RLS_ON_TENANT_SCOPED compliance_alerts=RLS_ON_TENANT_SCOPED contacts=RLS_ON_TENANT_SCOPED coy_apprentice_changes=RLS_ON_TENANT_SCOPED document_metadata=RLS_ON_TENANT_SCOPED document_records=RLS_ON_TENANT_SCOPED employers=RLS_ON_TENANT_SCOPED financial_viability_snapshots=RLS_ON_ROLE_OR_OTHER gto_access_equity_adjustments=RLS_ON_MIXED gto_compliance_evidence=RLS_ON_MIXED guardian_consents=RLS_ON_TENANT_SCOPED incidents=RLS_ON_TENANT_SCOPED induction_records=RLS_ON_TENANT_SCOPED invoice_line_items=RLS_ON_TENANT_SCOPED invoices=RLS_ON_TENANT_SCOPED leave_requests=RLS_ON_TENANT_SCOPED lln_assessments=RLS_ON_TENANT_SCOPED mentor_assignments=RLS_ON_TENANT_SCOPED org_members=RLS_ON_TENANT_SCOPED pay_runs=RLS_ON_MIXED payroll_identifier_kinds=RLS_ON_PERMISSIVE people=RLS_ON_TENANT_SCOPED performance_reviews=RLS_ON_TENANT_SCOPED placements=RLS_ON_TENANT_SCOPED profiles=RLS_ON_OWNER_SCOPED progress_review_templates=RLS_ON_TENANT_SCOPED qualification_units=RLS_ON_PERMISSIVE qualifications=RLS_ON_TENANT_SCOPED r7_candidates=RLS_ON_TENANT_SCOPED rate_schedules=RLS_ON_TENANT_SCOPED reminders=RLS_ON_TENANT_SCOPED report_deliveries=RLS_ON_TENANT_SCOPED report_schedules=RLS_ON_TENANT_SCOPED report_templates=RLS_ON_TENANT_SCOPED signature_requests=RLS_ON_TENANT_SCOPED site_visits=RLS_ON_MIXED skill_records=RLS_ON_TENANT_SCOPED super_admin_action_audit=RLS_ON_TENANT_SCOPED support_contacts=RLS_ON_TENANT_SCOPED tenant_payroll_identifiers=RLS_ON_TENANT_SCOPED tenant_switch_audit=RLS_ON_TENANT_SCOPED tenants=RLS_ON_TENANT_SCOPED timesheets=RLS_ON_TENANT_SCOPED training_contracts=RLS_ON_TENANT_SCOPED training_plan_reviews=RLS_ON_TENANT_SCOPED training_plans=RLS_ON_MIXED training_provider_organisations=RLS_ON_TENANT_SCOPED training_provider_qualifications=RLS_ON_PERMISSIVE training_providers=RLS_ON_TENANT_SCOPED units_of_competency=RLS_ON_TENANT_SCOPED user_tenants=RLS_ON_TENANT_SCOPED whs_audits=RLS_ON_TENANT_SCOPED xero_connections=RLS_ON_TENANT_SCOPED,,create_apprentice_from_candidate create_person_with_contact is_enterprise_admin link_training_provider_to_organisation log_tenant_switch onboarding_requirements_preview payroll_remittance_readiness platform_admin_act_as platform_admin_stop_acting redeem_quote_handoff_token set_demo_persist_flag update_person_with_contact,avetmiss-export charge-rate-quote-dispatch fairwork-enhanced handover-to-employment host-agreement-dispatch invoice-send-direct report-delivery tasks-sync xero-invoice-submit,avetmiss-export=true charge-rate-quote-dispatch=true fairwork-enhanced=true handover-to-employment=true host-agreement-dispatch=true invoice-send-direct=true report-delivery=true tasks-sync=true xero-invoice-submit=true,PARTIAL,260,11,REVIEW_TENANT_PARTIAL,
/people/from-candidate,crm7,authenticated,PeopleFromCandidate,crm7/src/pages/people/from-candidate.tsx,useDebounce usePerformanceSafety usePlatformRole useRenderGuard useTenantId,developer_impersonation_sessions profiles r7_candidates super_admin_action_audit tenants,developer_impersonation_sessions=RLS_ON_TENANT_SCOPED profiles=RLS_ON_OWNER_SCOPED r7_candidates=RLS_ON_TENANT_SCOPED super_admin_action_audit=RLS_ON_TENANT_SCOPED tenants=RLS_ON_TENANT_SCOPED,aass_providers apprentice_competencies audit_logs award_rates clients contacts custom_page_revisions custom_pages employers field_officers funding_sources gto_complaints incidents mentors opportunities people placements qualifications report_catalog_joins sites state_training_authorities tenant_entity_records training_contracts training_plans training_providers units_of_competency user_preferences user_tenants,acting_scope_tenant_id log_tenant_switch,,,yes,53,3,OK,
/people/new,crm7,authenticated,PersonCreatePage,crm7/src/App.tsx,useAccessibilityInit useApprenticeOptions useApprenticePlacementsForApprentice useApprenticeStore useApprenticesAnalytics useAuth useBootAssessmentStore useBranding useCaseNoteStore useChargeCalcResolvers useChromelessState useClientStore useCoYApprenticeChangeStore useCoYBatchStore useCommunicationStore useCommunicationTemplateStore useCompetencyAssessmentStore useComplianceStore useContactStore useContacts useDashboard useDashboardCrossFilterStore useDashboardsList useDebounce,aass_registrations apprentice_competencies apprentice_handoff_tokens apprentices audit_events audit_logs avetmiss_exports awards boot_assessments charge_rate_audit_log charge_rate_quotes charge_rate_schedules charge_rate_snapshots clients communications competency_assessments compliance_alerts contacts coy_apprentice_changes document_metadata document_records employers financial_viability_snapshots gto_access_equity_adjustments gto_compliance_evidence guardian_consents incidents induction_records invoice_line_items invoices leave_requests lln_assessments mentor_assignments org_members pay_runs payroll_identifier_kinds people performance_reviews placements profiles progress_review_templates qualification_units qualifications r7_candidates rate_schedules reminders report_deliveries report_schedules report_templates signature_requests site_visits skill_records super_admin_action_audit support_contacts tenant_payroll_identifiers tenant_switch_audit tenants timesheets training_contracts training_plan_reviews training_plans training_provider_organisations training_provider_qualifications training_providers units_of_competency user_tenants whs_audits xero_connections,aass_registrations=RLS_ON_TENANT_SCOPED apprentice_competencies=RLS_ON_TENANT_SCOPED apprentice_handoff_tokens=RLS_ON_TENANT_SCOPED apprentices=RLS_ON_TENANT_SCOPED audit_events=RLS_ON_TENANT_SCOPED audit_logs=RLS_ON_OWNER_SCOPED avetmiss_exports=RLS_ON_TENANT_SCOPED awards=RLS_ON_ROLE_OR_OTHER boot_assessments=RLS_ON_TENANT_SCOPED charge_rate_audit_log=RLS_ON_TENANT_SCOPED charge_rate_quotes=RLS_ON_TENANT_SCOPED charge_rate_schedules=RLS_ON_TENANT_SCOPED charge_rate_snapshots=RLS_ON_TENANT_SCOPED clients=RLS_ON_TENANT_SCOPED communications=RLS_ON_TENANT_SCOPED competency_assessments=RLS_ON_TENANT_SCOPED compliance_alerts=RLS_ON_TENANT_SCOPED contacts=RLS_ON_TENANT_SCOPED coy_apprentice_changes=RLS_ON_TENANT_SCOPED document_metadata=RLS_ON_TENANT_SCOPED document_records=RLS_ON_TENANT_SCOPED employers=RLS_ON_TENANT_SCOPED financial_viability_snapshots=RLS_ON_ROLE_OR_OTHER gto_access_equity_adjustments=RLS_ON_MIXED gto_compliance_evidence=RLS_ON_MIXED guardian_consents=RLS_ON_TENANT_SCOPED incidents=RLS_ON_TENANT_SCOPED induction_records=RLS_ON_TENANT_SCOPED invoice_line_items=RLS_ON_TENANT_SCOPED invoices=RLS_ON_TENANT_SCOPED leave_requests=RLS_ON_TENANT_SCOPED lln_assessments=RLS_ON_TENANT_SCOPED mentor_assignments=RLS_ON_TENANT_SCOPED org_members=RLS_ON_TENANT_SCOPED pay_runs=RLS_ON_MIXED payroll_identifier_kinds=RLS_ON_PERMISSIVE people=RLS_ON_TENANT_SCOPED performance_reviews=RLS_ON_TENANT_SCOPED placements=RLS_ON_TENANT_SCOPED profiles=RLS_ON_OWNER_SCOPED progress_review_templates=RLS_ON_TENANT_SCOPED qualification_units=RLS_ON_PERMISSIVE qualifications=RLS_ON_TENANT_SCOPED r7_candidates=RLS_ON_TENANT_SCOPED rate_schedules=RLS_ON_TENANT_SCOPED reminders=RLS_ON_TENANT_SCOPED report_deliveries=RLS_ON_TENANT_SCOPED report_schedules=RLS_ON_TENANT_SCOPED report_templates=RLS_ON_TENANT_SCOPED signature_requests=RLS_ON_TENANT_SCOPED site_visits=RLS_ON_MIXED skill_records=RLS_ON_TENANT_SCOPED super_admin_action_audit=RLS_ON_TENANT_SCOPED support_contacts=RLS_ON_TENANT_SCOPED tenant_payroll_identifiers=RLS_ON_TENANT_SCOPED tenant_switch_audit=RLS_ON_TENANT_SCOPED tenants=RLS_ON_TENANT_SCOPED timesheets=RLS_ON_TENANT_SCOPED training_contracts=RLS_ON_TENANT_SCOPED training_plan_reviews=RLS_ON_TENANT_SCOPED training_plans=RLS_ON_MIXED training_provider_organisations=RLS_ON_TENANT_SCOPED training_provider_qualifications=RLS_ON_PERMISSIVE training_providers=RLS_ON_TENANT_SCOPED units_of_competency=RLS_ON_TENANT_SCOPED user_tenants=RLS_ON_TENANT_SCOPED whs_audits=RLS_ON_TENANT_SCOPED xero_connections=RLS_ON_TENANT_SCOPED,,create_apprentice_from_candidate create_person_with_contact is_enterprise_admin link_training_provider_to_organisation log_tenant_switch onboarding_requirements_preview payroll_remittance_readiness platform_admin_act_as platform_admin_stop_acting redeem_quote_handoff_token set_demo_persist_flag update_person_with_contact,avetmiss-export charge-rate-quote-dispatch fairwork-enhanced handover-to-employment host-agreement-dispatch invoice-send-direct report-delivery tasks-sync xero-invoice-submit,avetmiss-export=true charge-rate-quote-dispatch=true fairwork-enhanced=true handover-to-employment=true host-agreement-dispatch=true invoice-send-direct=true report-delivery=true tasks-sync=true xero-invoice-submit=true,PARTIAL,260,11,REVIEW_TENANT_PARTIAL,
/people/new/worker,crm7,authenticated,PersonCreateWorker,crm7/src/pages/people/new/worker.tsx,useClientStore useContactStore useDateFormatPreference useHostEmployerStore usePlatformRole useRtoIdsDeliveringQualification useTenantId,aass_providers developer_impersonation_sessions people profiles qualifications super_admin_action_audit tenants training_provider_qualifications training_providers user_preferences,aass_providers=RLS_ON_TENANT_SCOPED developer_impersonation_sessions=RLS_ON_TENANT_SCOPED people=RLS_ON_TENANT_SCOPED profiles=RLS_ON_OWNER_SCOPED qualifications=RLS_ON_TENANT_SCOPED super_admin_action_audit=RLS_ON_TENANT_SCOPED tenants=RLS_ON_TENANT_SCOPED training_provider_qualifications=RLS_ON_PERMISSIVE training_providers=RLS_ON_TENANT_SCOPED user_preferences=RLS_ON_OWNER_SCOPED,apprentice_competencies audit_logs award_rates clients contacts custom_page_revisions custom_pages employers field_officers funding_sources gto_complaints incidents mentors opportunities placements report_catalog_joins sites state_training_authorities tenant_entity_records training_contracts training_plans units_of_competency user_tenants,acting_scope_tenant_id create_person_with_contact log_tenant_switch sync_training_provider_from_tga,tga-search,tga-search=true,yes,99,18,OK,
/people/onboard,crm7,authenticated,PeopleDirectOnboard,crm7/src/pages/people/onboard.tsx,useMutation usePlatformRole useQuery useTenantId,developer_impersonation_sessions email_integrations email_messages email_templates profiles super_admin_action_audit tenants,developer_impersonation_sessions=RLS_ON_TENANT_SCOPED email_integrations=RLS_ON_TENANT_SCOPED email_messages=RLS_ON_TENANT_SCOPED email_templates=RLS_ON_TENANT_SCOPED profiles=RLS_ON_OWNER_SCOPED super_admin_action_audit=RLS_ON_TENANT_SCOPED tenants=RLS_ON_TENANT_SCOPED,aass_providers apprentice_competencies audit_logs award_rates clients contacts custom_page_revisions custom_pages employers field_officers funding_sources gto_complaints incidents mentors opportunities people placements qualifications report_catalog_joins sites state_training_authorities tenant_entity_records training_contracts training_plans training_providers units_of_competency user_preferences user_tenants,acting_scope_tenant_id create_person_with_contact email_integration_get_decrypted_token email_integration_store_credential log_tenant_switch onboarding_requirements_preview portal_invite_accept portal_invite_mint,email-dispatcher email-inbox-sync oauth-google-email oauth-microsoft-email,email-dispatcher=true email-inbox-sync=true oauth-google-email=true oauth-microsoft-email=true,yes,58,3,OK,
/people/onboarding,crm7,authenticated,PeopleOnboarding,crm7/src/pages/people/onboarding.tsx,useOnboardingStatus useOnboardingStatuses usePeopleStore useQuery useReactTable useTablePreferences,people tenants user_preferences,people=RLS_ON_TENANT_SCOPED tenants=RLS_ON_TENANT_SCOPED user_preferences=RLS_ON_OWNER_SCOPED,aass_providers apprentice_competencies audit_logs award_rates clients contacts custom_page_revisions custom_pages developer_impersonation_sessions employers field_officers funding_sources gto_complaints incidents mentors opportunities placements profiles qualifications report_catalog_joins sites state_training_authorities super_admin_action_audit tenant_entity_records training_contracts training_plans training_providers units_of_competency user_tenants,onboarding_status_for_people onboarding_status_for_person,,,yes,78,11,OK,
/people/progress,crm7,authenticated,PeopleProgressPage,crm7/src/App.tsx,useAccessibilityInit useApprenticeOptions useApprenticePlacementsForApprentice useApprenticeStore useApprenticesAnalytics useAuth useBootAssessmentStore useBranding useCaseNoteStore useChargeCalcResolvers useChromelessState useClientStore useCoYApprenticeChangeStore useCoYBatchStore useCommunicationStore useCommunicationTemplateStore useCompetencyAssessmentStore useComplianceStore useContactStore useContacts useDashboard useDashboardCrossFilterStore useDashboardsList useDebounce,aass_registrations apprentice_competencies apprentice_handoff_tokens apprentices audit_events audit_logs avetmiss_exports awards boot_assessments charge_rate_audit_log charge_rate_quotes charge_rate_schedules charge_rate_snapshots clients communications competency_assessments compliance_alerts contacts coy_apprentice_changes document_metadata document_records employers financial_viability_snapshots gto_access_equity_adjustments gto_compliance_evidence guardian_consents incidents induction_records invoice_line_items invoices leave_requests lln_assessments mentor_assignments org_members pay_runs payroll_identifier_kinds people performance_reviews placements profiles progress_review_templates qualification_units qualifications r7_candidates rate_schedules reminders report_deliveries report_schedules report_templates signature_requests site_visits skill_records super_admin_action_audit support_contacts tenant_payroll_identifiers tenant_switch_audit tenants timesheets training_contracts training_plan_reviews training_plans training_provider_organisations training_provider_qualifications training_providers units_of_competency user_tenants whs_audits xero_connections,aass_registrations=RLS_ON_TENANT_SCOPED apprentice_competencies=RLS_ON_TENANT_SCOPED apprentice_handoff_tokens=RLS_ON_TENANT_SCOPED apprentices=RLS_ON_TENANT_SCOPED audit_events=RLS_ON_TENANT_SCOPED audit_logs=RLS_ON_OWNER_SCOPED avetmiss_exports=RLS_ON_TENANT_SCOPED awards=RLS_ON_ROLE_OR_OTHER boot_assessments=RLS_ON_TENANT_SCOPED charge_rate_audit_log=RLS_ON_TENANT_SCOPED charge_rate_quotes=RLS_ON_TENANT_SCOPED charge_rate_schedules=RLS_ON_TENANT_SCOPED charge_rate_snapshots=RLS_ON_TENANT_SCOPED clients=RLS_ON_TENANT_SCOPED communications=RLS_ON_TENANT_SCOPED competency_assessments=RLS_ON_TENANT_SCOPED compliance_alerts=RLS_ON_TENANT_SCOPED contacts=RLS_ON_TENANT_SCOPED coy_apprentice_changes=RLS_ON_TENANT_SCOPED document_metadata=RLS_ON_TENANT_SCOPED document_records=RLS_ON_TENANT_SCOPED employers=RLS_ON_TENANT_SCOPED financial_viability_snapshots=RLS_ON_ROLE_OR_OTHER gto_access_equity_adjustments=RLS_ON_MIXED gto_compliance_evidence=RLS_ON_MIXED guardian_consents=RLS_ON_TENANT_SCOPED incidents=RLS_ON_TENANT_SCOPED induction_records=RLS_ON_TENANT_SCOPED invoice_line_items=RLS_ON_TENANT_SCOPED invoices=RLS_ON_TENANT_SCOPED leave_requests=RLS_ON_TENANT_SCOPED lln_assessments=RLS_ON_TENANT_SCOPED mentor_assignments=RLS_ON_TENANT_SCOPED org_members=RLS_ON_TENANT_SCOPED pay_runs=RLS_ON_MIXED payroll_identifier_kinds=RLS_ON_PERMISSIVE people=RLS_ON_TENANT_SCOPED performance_reviews=RLS_ON_TENANT_SCOPED placements=RLS_ON_TENANT_SCOPED profiles=RLS_ON_OWNER_SCOPED progress_review_templates=RLS_ON_TENANT_SCOPED qualification_units=RLS_ON_PERMISSIVE qualifications=RLS_ON_TENANT_SCOPED r7_candidates=RLS_ON_TENANT_SCOPED rate_schedules=RLS_ON_TENANT_SCOPED reminders=RLS_ON_TENANT_SCOPED report_deliveries=RLS_ON_TENANT_SCOPED report_schedules=RLS_ON_TENANT_SCOPED report_templates=RLS_ON_TENANT_SCOPED signature_requests=RLS_ON_TENANT_SCOPED site_visits=RLS_ON_MIXED skill_records=RLS_ON_TENANT_SCOPED super_admin_action_audit=RLS_ON_TENANT_SCOPED support_contacts=RLS_ON_TENANT_SCOPED tenant_payroll_identifiers=RLS_ON_TENANT_SCOPED tenant_switch_audit=RLS_ON_TENANT_SCOPED tenants=RLS_ON_TENANT_SCOPED timesheets=RLS_ON_TENANT_SCOPED training_contracts=RLS_ON_TENANT_SCOPED training_plan_reviews=RLS_ON_TENANT_SCOPED training_plans=RLS_ON_MIXED training_provider_organisations=RLS_ON_TENANT_SCOPED training_provider_qualifications=RLS_ON_PERMISSIVE training_providers=RLS_ON_TENANT_SCOPED units_of_competency=RLS_ON_TENANT_SCOPED user_tenants=RLS_ON_TENANT_SCOPED whs_audits=RLS_ON_TENANT_SCOPED xero_connections=RLS_ON_TENANT_SCOPED,,create_apprentice_from_candidate create_person_with_contact is_enterprise_admin link_training_provider_to_organisation log_tenant_switch onboarding_requirements_preview payroll_remittance_readiness platform_admin_act_as platform_admin_stop_acting redeem_quote_handoff_token set_demo_persist_flag update_person_with_contact,avetmiss-export charge-rate-quote-dispatch fairwork-enhanced handover-to-employment host-agreement-dispatch invoice-send-direct report-delivery tasks-sync xero-invoice-submit,avetmiss-export=true charge-rate-quote-dispatch=true fairwork-enhanced=true handover-to-employment=true host-agreement-dispatch=true invoice-send-direct=true report-delivery=true tasks-sync=true xero-invoice-submit=true,PARTIAL,260,11,REVIEW_TENANT_PARTIAL,
/people/recruitment,crm7,authenticated,PeopleRecruitment,crm7/src/pages/people/recruitment.tsx,useLeadColumns useLeadStore usePeopleStore usePlacedColumns useReactTable useTablePreferences,people tenants user_preferences,people=RLS_ON_TENANT_SCOPED tenants=RLS_ON_TENANT_SCOPED user_preferences=RLS_ON_OWNER_SCOPED,aass_providers apprentice_competencies audit_logs award_rates clients contacts custom_page_revisions custom_pages developer_impersonation_sessions employers field_officers funding_sources gto_complaints incidents mentors opportunities placements profiles qualifications report_catalog_joins sites state_training_authorities super_admin_action_audit tenant_entity_records training_contracts training_plans training_providers units_of_competency user_tenants,,,,yes,80,11,OK,
/pipeline,crm7,authenticated,Pipeline,crm7/src/pages/pipeline/index.tsx,useDroppable useOpportunityStore useSensor useSensors useSortable,,,aass_providers apprentice_competencies award_rates clients contacts custom_page_revisions custom_pages developer_impersonation_sessions employers field_officers funding_sources gto_complaints incidents mentors opportunities people placements profiles qualifications report_catalog_joins sites state_training_authorities super_admin_action_audit tenant_entity_records tenants training_contracts training_plans training_providers units_of_competency user_preferences user_tenants,,,,n/a,74,11,OK,
/pipeline-velocity,crm7,authenticated,Redirect,,,,,,,,,,0,0,REDIRECT,"route is a redirect, no data path of its own"
/pipeline/forecast,crm7,authenticated,PipelineForecast,crm7/src/pages/pipeline/forecast.tsx,useOpportunityStore,batch_charge_rate_quotes charge_rate_quotes compliance_alerts,batch_charge_rate_quotes=RLS_ON_TENANT_SCOPED charge_rate_quotes=RLS_ON_TENANT_SCOPED compliance_alerts=RLS_ON_TENANT_SCOPED,aass_providers apprentice_competencies award_rates charge_rate_snapshots clients contacts custom_page_revisions custom_pages developer_impersonation_sessions employers field_officers funding_sources govt_integration_logs gto_complaints incidents mentors opportunities people placements profiles qualifications report_catalog_joins sites state_training_authorities super_admin_action_audit tenant_entity_records tenants training_contracts training_plans training_providers units_of_competency user_preferences user_tenants wage_calculation_snapshots,,,,yes,187,12,OK,
/pipeline/kanban,crm7,authenticated,PipelineKanban,crm7/src/pages/pipeline/kanban.tsx,useDraggable useDroppable usePipelineCardStore useSensor useSensors,people tenants,people=RLS_ON_TENANT_SCOPED tenants=RLS_ON_TENANT_SCOPED,aass_providers apprentice_competencies award_rates clients contacts custom_page_revisions custom_pages developer_impersonation_sessions employers field_officers funding_sources gto_complaints incidents mentors opportunities placements profiles qualifications report_catalog_joins sites state_training_authorities super_admin_action_audit tenant_entity_records training_contracts training_plans training_providers units_of_competency user_preferences user_tenants,,,,yes,65,11,OK,
/pipeline/new,crm7,authenticated,Redirect,,,,,,,,,,0,0,REDIRECT,"route is a redirect, no data path of its own"
/pipeline/velocity,crm7,authenticated,PipelineVelocity,crm7/src/pages/pipeline/velocity.tsx,useOpportunityStore,batch_charge_rate_quotes charge_rate_quotes compliance_alerts,batch_charge_rate_quotes=RLS_ON_TENANT_SCOPED charge_rate_quotes=RLS_ON_TENANT_SCOPED compliance_alerts=RLS_ON_TENANT_SCOPED,aass_providers apprentice_competencies award_rates charge_rate_snapshots clients contacts custom_page_revisions custom_pages developer_impersonation_sessions employers field_officers funding_sources govt_integration_logs gto_complaints incidents mentors opportunities people placements profiles qualifications report_catalog_joins sites state_training_authorities super_admin_action_audit tenant_entity_records tenants training_contracts training_plans training_providers units_of_competency user_preferences user_tenants wage_calculation_snapshots,,,,yes,188,12,OK,
/placements,crm7,authenticated,Placements,crm7/src/pages/placements/index.tsx,useDocumentTitle usePermissions usePlacementStore useSearch,,,aass_providers apprentice_competencies audit_logs award_rates clients contacts custom_page_revisions custom_pages developer_impersonation_sessions employers field_officers funding_sources gto_complaints incidents mentors opportunities people placements profiles qualifications report_catalog_joins sites state_training_authorities super_admin_action_audit tenant_entity_records tenants training_contracts training_plans training_providers units_of_competency user_preferences user_tenants,,,tenant-management=true,n/a,83,11,OK,
/placements/:id,crm7,authenticated,PlacementDetail,crm7/src/pages/placements/[id].tsx,useAuth useDocumentCategoryPolicies useDownloadDocument useEntityDocuments useMutation usePlacementStore usePlatformRole useQuery useQueryClient useSearch useTenantId useUploadDocument useVerificationHistory useVerifyDocument,audit_logs award_trades charge_rate_quotes charge_rate_snapshots developer_impersonation_sessions document_access_log document_categories document_metadata document_records document_verification_events pay_item_rules placements profiles super_admin_action_audit tenants training_contract_probation_events training_contracts training_plan_units,audit_logs=RLS_ON_OWNER_SCOPED award_trades=RLS_ON_TENANT_SCOPED charge_rate_quotes=RLS_ON_TENANT_SCOPED charge_rate_snapshots=RLS_ON_TENANT_SCOPED developer_impersonation_sessions=RLS_ON_TENANT_SCOPED document_access_log=RLS_ON_TENANT_SCOPED document_categories=RLS_ON_TENANT_SCOPED document_metadata=RLS_ON_TENANT_SCOPED document_records=RLS_ON_TENANT_SCOPED document_verification_events=RLS_ON_TENANT_SCOPED pay_item_rules=RLS_ON_TENANT_SCOPED placements=RLS_ON_TENANT_SCOPED profiles=RLS_ON_OWNER_SCOPED super_admin_action_audit=RLS_ON_TENANT_SCOPED tenants=RLS_ON_TENANT_SCOPED training_contract_probation_events=RLS_ON_TENANT_SCOPED training_contracts=RLS_ON_TENANT_SCOPED training_plan_units=RLS_ON_TENANT_SCOPED,aass_providers apprentice_competencies award_rates clients contacts custom_page_revisions custom_pages employers field_officers funding_sources gto_complaints incidents mentors opportunities people qualifications report_catalog_joins sites state_training_authorities tenant_entity_records training_plans training_providers units_of_competency user_preferences user_tenants,acting_scope_tenant_id get_documents_eligible_for_destruction log_tenant_switch reorder_pay_item_rules,charge-rate-quote-dispatch document-encryption,charge-rate-quote-dispatch=true document-encryption=true,yes,118,19,OK,
/placements/:id/edit,crm7,authenticated,PlacementEdit,crm7/src/pages/placements/[id]/edit.tsx,useDateFormatPreference useFormField useHostContactNarrowing useMutation usePeopleStore usePlacementChargeCalc usePlacementStore usePlatformRole useQuery useQueryClient useTenantId useTrainingContractStore,charge_rate_quotes clients contacts developer_impersonation_sessions employers pay_item_rules people placements profiles qualifications super_admin_action_audit tenants training_contracts user_preferences,charge_rate_quotes=RLS_ON_TENANT_SCOPED clients=RLS_ON_TENANT_SCOPED contacts=RLS_ON_TENANT_SCOPED developer_impersonation_sessions=RLS_ON_TENANT_SCOPED employers=RLS_ON_TENANT_SCOPED pay_item_rules=RLS_ON_TENANT_SCOPED people=RLS_ON_TENANT_SCOPED placements=RLS_ON_TENANT_SCOPED profiles=RLS_ON_OWNER_SCOPED qualifications=RLS_ON_TENANT_SCOPED super_admin_action_audit=RLS_ON_TENANT_SCOPED tenants=RLS_ON_TENANT_SCOPED training_contracts=RLS_ON_TENANT_SCOPED user_preferences=RLS_ON_OWNER_SCOPED,aass_providers apprentice_competencies audit_logs award_rates custom_page_revisions custom_pages field_officers funding_sources gto_complaints incidents mentors opportunities report_catalog_joins sites state_training_authorities tenant_entity_records training_plans training_providers units_of_competency user_tenants,acting_scope_tenant_id log_tenant_switch reorder_pay_item_rules,tga-search,tga-search=true,yes,91,12,OK,
/placements/create,crm7,authenticated,PlacementCreate,crm7/src/pages/placements/create.tsx,useDateFormatPreference useHostContactNarrowing useHostEmployerStore usePlacementChargeCalc usePlacementStore useQuery useSearch,clients contacts employers people profiles tenant_settings user_preferences user_tenants,clients=RLS_ON_TENANT_SCOPED contacts=RLS_ON_TENANT_SCOPED employers=RLS_ON_TENANT_SCOPED people=RLS_ON_TENANT_SCOPED profiles=RLS_ON_OWNER_SCOPED tenant_settings=RLS_ON_TENANT_SCOPED user_preferences=RLS_ON_OWNER_SCOPED user_tenants=RLS_ON_TENANT_SCOPED,aass_providers apprentice_competencies award_rates custom_page_revisions custom_pages developer_impersonation_sessions field_officers funding_sources gto_complaints incidents mentors opportunities placements qualifications report_catalog_joins sites state_training_authorities super_admin_action_audit tenant_entity_records tenants training_contracts training_plans training_providers units_of_competency,acting_scope_tenant_id set_current_tenant,fairwork-enhanced,fairwork-enhanced=true,yes,91,12,OK,
/portal,crm7,authenticated,Portal,crm7/src/pages/portal/training-provider.tsx,useAuth usePortalContext usePortalScopes useQuery useTenantId,clients people tenants user_tenants vet_assessments,clients=RLS_ON_TENANT_SCOPED people=RLS_ON_TENANT_SCOPED tenants=RLS_ON_TENANT_SCOPED user_tenants=RLS_ON_TENANT_SCOPED vet_assessments=RLS_ON_TENANT_SCOPED,aass_providers apprentice_competencies audit_logs award_rates contacts custom_page_revisions custom_pages developer_impersonation_sessions employers field_officers funding_sources gto_complaints incidents mentors opportunities placements profiles qualifications report_catalog_joins sites state_training_authorities super_admin_action_audit tenant_entity_records training_contracts training_plans training_providers units_of_competency user_preferences,,tenant-management,tenant-management=true,yes,54,3,OK,
/portal/accept-invite/:token,crm7,public,PortalAcceptInvitePage,crm7/src/pages/portal/accept-invite/[token].tsx,useAuth useQuery,audit_logs,audit_logs=RLS_ON_OWNER_SCOPED,profiles user_tenants,acting_scope_tenant_id portal_invite_accept portal_invite_mint,,,n/a,16,0,OK,
/portal/apprentice/reports,crm7,authenticated,ApprenticeReports,crm7/src/App.tsx,useAccessibilityInit useApprenticeOptions useApprenticePlacementsForApprentice useApprenticeStore useApprenticesAnalytics useAuth useBootAssessmentStore useBranding useCaseNoteStore useChargeCalcResolvers useChromelessState useClientStore useCoYApprenticeChangeStore useCoYBatchStore useCommunicationStore useCommunicationTemplateStore useCompetencyAssessmentStore useComplianceStore useContactStore useContacts useDashboard useDashboardCrossFilterStore useDashboardsList useDebounce,aass_registrations apprentice_competencies apprentice_handoff_tokens apprentices audit_events audit_logs avetmiss_exports awards boot_assessments charge_rate_audit_log charge_rate_quotes charge_rate_schedules charge_rate_snapshots clients communications competency_assessments compliance_alerts contacts coy_apprentice_changes document_metadata document_records employers financial_viability_snapshots gto_access_equity_adjustments gto_compliance_evidence guardian_consents incidents induction_records invoice_line_items invoices leave_requests lln_assessments mentor_assignments org_members pay_runs payroll_identifier_kinds people performance_reviews placements profiles progress_review_templates qualification_units qualifications r7_candidates rate_schedules reminders report_deliveries report_schedules report_templates signature_requests site_visits skill_records super_admin_action_audit support_contacts tenant_payroll_identifiers tenant_switch_audit tenants timesheets training_contracts training_plan_reviews training_plans training_provider_organisations training_provider_qualifications training_providers units_of_competency user_tenants whs_audits xero_connections,aass_registrations=RLS_ON_TENANT_SCOPED apprentice_competencies=RLS_ON_TENANT_SCOPED apprentice_handoff_tokens=RLS_ON_TENANT_SCOPED apprentices=RLS_ON_TENANT_SCOPED audit_events=RLS_ON_TENANT_SCOPED audit_logs=RLS_ON_OWNER_SCOPED avetmiss_exports=RLS_ON_TENANT_SCOPED awards=RLS_ON_ROLE_OR_OTHER boot_assessments=RLS_ON_TENANT_SCOPED charge_rate_audit_log=RLS_ON_TENANT_SCOPED charge_rate_quotes=RLS_ON_TENANT_SCOPED charge_rate_schedules=RLS_ON_TENANT_SCOPED charge_rate_snapshots=RLS_ON_TENANT_SCOPED clients=RLS_ON_TENANT_SCOPED communications=RLS_ON_TENANT_SCOPED competency_assessments=RLS_ON_TENANT_SCOPED compliance_alerts=RLS_ON_TENANT_SCOPED contacts=RLS_ON_TENANT_SCOPED coy_apprentice_changes=RLS_ON_TENANT_SCOPED document_metadata=RLS_ON_TENANT_SCOPED document_records=RLS_ON_TENANT_SCOPED employers=RLS_ON_TENANT_SCOPED financial_viability_snapshots=RLS_ON_ROLE_OR_OTHER gto_access_equity_adjustments=RLS_ON_MIXED gto_compliance_evidence=RLS_ON_MIXED guardian_consents=RLS_ON_TENANT_SCOPED incidents=RLS_ON_TENANT_SCOPED induction_records=RLS_ON_TENANT_SCOPED invoice_line_items=RLS_ON_TENANT_SCOPED invoices=RLS_ON_TENANT_SCOPED leave_requests=RLS_ON_TENANT_SCOPED lln_assessments=RLS_ON_TENANT_SCOPED mentor_assignments=RLS_ON_TENANT_SCOPED org_members=RLS_ON_TENANT_SCOPED pay_runs=RLS_ON_MIXED payroll_identifier_kinds=RLS_ON_PERMISSIVE people=RLS_ON_TENANT_SCOPED performance_reviews=RLS_ON_TENANT_SCOPED placements=RLS_ON_TENANT_SCOPED profiles=RLS_ON_OWNER_SCOPED progress_review_templates=RLS_ON_TENANT_SCOPED qualification_units=RLS_ON_PERMISSIVE qualifications=RLS_ON_TENANT_SCOPED r7_candidates=RLS_ON_TENANT_SCOPED rate_schedules=RLS_ON_TENANT_SCOPED reminders=RLS_ON_TENANT_SCOPED report_deliveries=RLS_ON_TENANT_SCOPED report_schedules=RLS_ON_TENANT_SCOPED report_templates=RLS_ON_TENANT_SCOPED signature_requests=RLS_ON_TENANT_SCOPED site_visits=RLS_ON_MIXED skill_records=RLS_ON_TENANT_SCOPED super_admin_action_audit=RLS_ON_TENANT_SCOPED support_contacts=RLS_ON_TENANT_SCOPED tenant_payroll_identifiers=RLS_ON_TENANT_SCOPED tenant_switch_audit=RLS_ON_TENANT_SCOPED tenants=RLS_ON_TENANT_SCOPED timesheets=RLS_ON_TENANT_SCOPED training_contracts=RLS_ON_TENANT_SCOPED training_plan_reviews=RLS_ON_TENANT_SCOPED training_plans=RLS_ON_MIXED training_provider_organisations=RLS_ON_TENANT_SCOPED training_provider_qualifications=RLS_ON_PERMISSIVE training_providers=RLS_ON_TENANT_SCOPED units_of_competency=RLS_ON_TENANT_SCOPED user_tenants=RLS_ON_TENANT_SCOPED whs_audits=RLS_ON_TENANT_SCOPED xero_connections=RLS_ON_TENANT_SCOPED,,create_apprentice_from_candidate create_person_with_contact is_enterprise_admin link_training_provider_to_organisation log_tenant_switch onboarding_requirements_preview payroll_remittance_readiness platform_admin_act_as platform_admin_stop_acting redeem_quote_handoff_token set_demo_persist_flag update_person_with_contact,avetmiss-export charge-rate-quote-dispatch fairwork-enhanced handover-to-employment host-agreement-dispatch invoice-send-direct report-delivery tasks-sync xero-invoice-submit,avetmiss-export=true charge-rate-quote-dispatch=true fairwork-enhanced=true handover-to-employment=true host-agreement-dispatch=true invoice-send-direct=true report-delivery=true tasks-sync=true xero-invoice-submit=true,PARTIAL,260,11,REVIEW_TENANT_PARTIAL,
/portal/field-officer,crm7,authenticated,FieldOfficerPortal,crm7/src/pages/portal/workplace-portal.tsx,useAuth useHostEmployerId usePortalContext usePortalScopes useQuery useTenantId,employers org_members placements tenants timesheets user_tenants,employers=RLS_ON_TENANT_SCOPED org_members=RLS_ON_TENANT_SCOPED placements=RLS_ON_TENANT_SCOPED tenants=RLS_ON_TENANT_SCOPED timesheets=RLS_ON_TENANT_SCOPED user_tenants=RLS_ON_TENANT_SCOPED,aass_providers apprentice_competencies audit_logs award_rates clients contacts custom_page_revisions custom_pages developer_impersonation_sessions field_officers funding_sources gto_complaints incidents mentors opportunities people profiles qualifications report_catalog_joins sites state_training_authorities super_admin_action_audit tenant_entity_records training_contracts training_plans training_providers units_of_competency user_preferences,,tenant-management,tenant-management=true,yes,55,3,OK,
/portal/host-employer,crm7,authenticated,HostEmployerPortal,crm7/src/pages/portal/host-reports.tsx,useAuth useDateFormatPreference useHostEmployerId useMutation usePortalContext usePortalScopes useQuery useQueryClient useTenantId,employers org_members report_deliveries report_templates tenants user_preferences user_tenants,employers=RLS_ON_TENANT_SCOPED org_members=RLS_ON_TENANT_SCOPED report_deliveries=RLS_ON_TENANT_SCOPED report_templates=RLS_ON_TENANT_SCOPED tenants=RLS_ON_TENANT_SCOPED user_preferences=RLS_ON_OWNER_SCOPED user_tenants=RLS_ON_TENANT_SCOPED,aass_providers apprentice_competencies audit_logs award_rates clients contacts custom_page_revisions custom_pages developer_impersonation_sessions field_officers funding_sources gto_complaints incidents mentors opportunities people placements profiles qualifications report_catalog_joins sites state_training_authorities super_admin_action_audit tenant_entity_records training_contracts training_plans training_providers units_of_competency,,report-delivery tenant-management,report-delivery=true tenant-management=true,yes,63,3,OK,
/portal/my-documents,crm7,authenticated,MyDocumentsPage,crm7/src/pages/portal/my-documents.tsx,useAuth useDocumentCategoryPolicies useDownloadDocument useEntityDocuments usePortalScopes useQuery useUploadDocument useVerificationHistory useVerifyDocument,audit_logs document_access_log document_categories document_metadata document_verification_events people,audit_logs=RLS_ON_OWNER_SCOPED document_access_log=RLS_ON_TENANT_SCOPED document_categories=RLS_ON_TENANT_SCOPED document_metadata=RLS_ON_TENANT_SCOPED document_verification_events=RLS_ON_TENANT_SCOPED people=RLS_ON_TENANT_SCOPED,aass_providers apprentice_competencies award_rates clients contacts custom_page_revisions custom_pages developer_impersonation_sessions employers field_officers funding_sources gto_complaints incidents mentors opportunities placements profiles qualifications report_catalog_joins sites state_training_authorities super_admin_action_audit tenant_entity_records tenants training_contracts training_plans training_providers units_of_competency user_preferences user_tenants,acting_scope_tenant_id get_documents_eligible_for_destruction,document-encryption,document-encryption=true,yes,73,6,OK,
/portal/onboarding,crm7,authenticated,PortalOnboardingPage,crm7/src/pages/portal/onboarding.tsx,useAuth useCategoryPendingEncryptionCount useDocumentCategoryPolicies useDownloadDocument useEntityDocuments useOnboardingStatus useOnboardingStatuses usePendingEncryptionCount usePortalScopes useQuery useUploadDocument useVerificationHistory useVerifyDocument,audit_logs document_access_log document_categories document_metadata document_verification_events people,audit_logs=RLS_ON_OWNER_SCOPED document_access_log=RLS_ON_TENANT_SCOPED document_categories=RLS_ON_TENANT_SCOPED document_metadata=RLS_ON_TENANT_SCOPED document_verification_events=RLS_ON_TENANT_SCOPED people=RLS_ON_TENANT_SCOPED,aass_providers apprentice_competencies award_rates clients contacts custom_page_revisions custom_pages developer_impersonation_sessions employers field_officers funding_sources gto_complaints incidents mentors opportunities placements profiles qualifications report_catalog_joins sites state_training_authorities super_admin_action_audit tenant_entity_records tenants training_contracts training_plans training_providers units_of_competency user_preferences user_tenants,acting_scope_tenant_id get_documents_eligible_for_destruction onboarding_status_for_people onboarding_status_for_person,document-encryption,document-encryption=true,yes,75,6,OK,
/portal/org-documents,crm7,authenticated,MyOrgDocumentsPage,crm7/src/pages/portal/org-documents.tsx,useAuth useMutation usePlateEditor usePlatformRole useQuery useQueryClient useTenantId,audit_logs developer_impersonation_sessions org_document_acknowledgements org_document_assignments org_documents people profiles super_admin_action_audit tenants user_tenants,audit_logs=RLS_ON_OWNER_SCOPED developer_impersonation_sessions=RLS_ON_TENANT_SCOPED org_document_acknowledgements=RLS_ON_TENANT_SCOPED org_document_assignments=RLS_ON_TENANT_SCOPED org_documents=RLS_ON_TENANT_SCOPED people=RLS_ON_TENANT_SCOPED profiles=RLS_ON_OWNER_SCOPED super_admin_action_audit=RLS_ON_TENANT_SCOPED tenants=RLS_ON_TENANT_SCOPED user_tenants=RLS_ON_TENANT_SCOPED,aass_providers apprentice_competencies award_rates clients contacts custom_page_revisions custom_pages employers field_officers funding_sources gto_complaints incidents mentors opportunities placements qualifications report_catalog_joins sites state_training_authorities tenant_entity_records training_contracts training_plans training_providers units_of_competency user_preferences,acting_scope_tenant_id log_tenant_switch,,,yes,69,5,OK,
/portal/training-provider,crm7,authenticated,TrainingProviderPortal,crm7/src/pages/portal/host-employer.tsx,useAuth useHostEmployerId useMutation usePortalContext usePortalScopes useQuery useQueryClient useSharedData useTenantId,app_notifications audit_logs employers invoices org_members people placements qualification_units site_visits tenant_sharing_policies tenants timesheet_events timesheets training_plan_units training_schedules user_tenants,app_notifications=RLS_ON_OWNER_SCOPED audit_logs=RLS_ON_OWNER_SCOPED employers=RLS_ON_TENANT_SCOPED invoices=RLS_ON_TENANT_SCOPED org_members=RLS_ON_TENANT_SCOPED people=RLS_ON_TENANT_SCOPED placements=RLS_ON_TENANT_SCOPED qualification_units=RLS_ON_PERMISSIVE site_visits=RLS_ON_MIXED tenant_sharing_policies=RLS_ON_TENANT_SCOPED tenants=RLS_ON_TENANT_SCOPED timesheet_events=RLS_ON_TENANT_SCOPED timesheets=RLS_ON_TENANT_SCOPED training_plan_units=RLS_ON_TENANT_SCOPED training_schedules=RLS_ON_TENANT_SCOPED user_tenants=RLS_ON_TENANT_SCOPED,aass_providers apprentice_competencies award_rates clients contacts custom_page_revisions custom_pages developer_impersonation_sessions field_officers funding_sources gto_complaints incidents mentors opportunities profiles public_holidays qualifications report_catalog_joins sites state_training_authorities super_admin_action_audit tenant_entity_records training_contracts training_plans training_providers units_of_competency user_preferences,acting_scope_tenant_id,tenant-management,tenant-management=true,yes,90,12,OK,
/portal/worker,crm7,authenticated,WorkerPortal,crm7/src/pages/portal/workplace-portal.tsx,useAuth useHostEmployerId usePortalContext usePortalScopes useQuery useTenantId,employers org_members placements tenants timesheets user_tenants,employers=RLS_ON_TENANT_SCOPED org_members=RLS_ON_TENANT_SCOPED placements=RLS_ON_TENANT_SCOPED tenants=RLS_ON_TENANT_SCOPED timesheets=RLS_ON_TENANT_SCOPED user_tenants=RLS_ON_TENANT_SCOPED,aass_providers apprentice_competencies audit_logs award_rates clients contacts custom_page_revisions custom_pages developer_impersonation_sessions field_officers funding_sources gto_complaints incidents mentors opportunities people profiles qualifications report_catalog_joins sites state_training_authorities super_admin_action_audit tenant_entity_records training_contracts training_plans training_providers units_of_competency user_preferences,,tenant-management,tenant-management=true,yes,55,3,OK,
/portal/workplace,crm7,authenticated,WorkplacePortal,crm7/src/pages/portal/apprentice-reports.tsx,useAuth usePortalContext usePortalScopes useQuery useTenantId,audit_logs leave_balances payroll_records people placements tenants training_plan_units training_plans user_tenants,audit_logs=RLS_ON_OWNER_SCOPED leave_balances=RLS_ON_TENANT_SCOPED payroll_records=RLS_ON_TENANT_SCOPED people=RLS_ON_TENANT_SCOPED placements=RLS_ON_TENANT_SCOPED tenants=RLS_ON_TENANT_SCOPED training_plan_units=RLS_ON_TENANT_SCOPED training_plans=RLS_ON_MIXED user_tenants=RLS_ON_TENANT_SCOPED,aass_providers apprentice_competencies award_rates clients contacts custom_page_revisions custom_pages developer_impersonation_sessions employers field_officers funding_sources gto_complaints incidents mentors opportunities profiles qualifications report_catalog_joins sites state_training_authorities super_admin_action_audit tenant_entity_records training_contracts training_providers units_of_competency user_preferences,acting_scope_tenant_id,tenant-management,tenant-management=true,yes,60,3,OK,
/pricing,crm7,authenticated,Pricing,crm7/src/pages/pricing.tsx,useAuth,audit_logs,audit_logs=RLS_ON_OWNER_SCOPED,aass_providers apprentice_competencies award_rates clients contacts custom_page_revisions custom_pages developer_impersonation_sessions employers field_officers funding_sources gto_complaints incidents mentors opportunities people placements profiles qualifications report_catalog_joins sites state_training_authorities super_admin_action_audit tenant_entity_records tenants training_contracts training_plans training_providers units_of_competency user_preferences user_tenants,acting_scope_tenant_id,,,n/a,53,3,OK,
/progress-reviews,crm7,authenticated,ProgressReviews,crm7/src/pages/progress-reviews/index.tsx,useDocumentTitle usePermissions,people performance_reviews progress_review_templates tenants,people=RLS_ON_TENANT_SCOPED performance_reviews=RLS_ON_TENANT_SCOPED progress_review_templates=RLS_ON_TENANT_SCOPED tenants=RLS_ON_TENANT_SCOPED,aass_providers apprentice_competencies audit_logs award_rates clients contacts custom_page_revisions custom_pages developer_impersonation_sessions employers field_officers funding_sources gto_complaints incidents mentors opportunities placements profiles qualifications report_catalog_joins sites state_training_authorities super_admin_action_audit tenant_entity_records training_contracts training_plans training_providers units_of_competency user_preferences user_tenants,,,tenant-management=true,yes,60,3,OK,
/progress-reviews/reviews,crm7,authenticated,ProgressReviewsReviews,crm7/src/pages/progress-reviews/reviews/index.tsx,,people performance_reviews tenants,people=RLS_ON_TENANT_SCOPED performance_reviews=RLS_ON_TENANT_SCOPED tenants=RLS_ON_TENANT_SCOPED,aass_providers apprentice_competencies award_rates clients contacts custom_page_revisions custom_pages developer_impersonation_sessions employers field_officers funding_sources gto_complaints incidents mentors opportunities placements profiles qualifications report_catalog_joins sites state_training_authorities super_admin_action_audit tenant_entity_records training_contracts training_plans training_providers units_of_competency user_preferences user_tenants,,,,yes,60,3,OK,
/progress-reviews/reviews/:id/edit,crm7,authenticated,ReviewEdit,crm7/src/pages/progress-reviews/reviews/[id]/edit.tsx,useApprenticeOptions useDateFormatPreference usePerformanceReviewStore useQuery,people user_preferences,people=RLS_ON_TENANT_SCOPED user_preferences=RLS_ON_OWNER_SCOPED,aass_providers apprentice_competencies award_rates clients contacts custom_page_revisions custom_pages developer_impersonation_sessions employers field_officers funding_sources gto_complaints incidents mentors opportunities placements profiles qualifications report_catalog_joins sites state_training_authorities super_admin_action_audit tenant_entity_records tenants training_contracts training_plans training_providers units_of_competency user_tenants,,,,yes,66,11,OK,
/progress-reviews/reviews/create,crm7,authenticated,ReviewCreate,crm7/src/pages/progress-reviews/reviews/create.tsx,useDateFormatPreference usePerformanceReviewStore,user_preferences,user_preferences=RLS_ON_OWNER_SCOPED,aass_providers apprentice_competencies award_rates clients contacts custom_page_revisions custom_pages developer_impersonation_sessions employers field_officers funding_sources gto_complaints incidents mentors opportunities people placements profiles qualifications report_catalog_joins sites state_training_authorities super_admin_action_audit tenant_entity_records tenants training_contracts training_plans training_providers units_of_competency user_tenants,,,,n/a,66,11,OK,
/progress-reviews/templates,crm7,authenticated,ProgressReviewsTemplates,crm7/src/pages/progress-reviews/templates/index.tsx,useProgressReviewTemplateStore,batch_charge_rate_quotes charge_rate_quotes compliance_alerts people progress_review_templates tenants,batch_charge_rate_quotes=RLS_ON_TENANT_SCOPED charge_rate_quotes=RLS_ON_TENANT_SCOPED compliance_alerts=RLS_ON_TENANT_SCOPED people=RLS_ON_TENANT_SCOPED progress_review_templates=RLS_ON_TENANT_SCOPED tenants=RLS_ON_TENANT_SCOPED,aass_providers apprentice_competencies award_rates charge_rate_snapshots clients contacts custom_page_revisions custom_pages developer_impersonation_sessions employers field_officers funding_sources govt_integration_logs gto_complaints incidents mentors opportunities placements profiles qualifications report_catalog_joins sites state_training_authorities super_admin_action_audit tenant_entity_records training_contracts training_plans training_providers units_of_competency user_preferences user_tenants wage_calculation_snapshots,,,,yes,169,12,OK,
/progress-reviews/templates/:id/edit,crm7,authenticated,ReviewTemplateEdit,crm7/src/pages/progress-reviews/templates/[id]/edit.tsx,useProgressReviewTemplateStore,batch_charge_rate_quotes charge_rate_quotes compliance_alerts,batch_charge_rate_quotes=RLS_ON_TENANT_SCOPED charge_rate_quotes=RLS_ON_TENANT_SCOPED compliance_alerts=RLS_ON_TENANT_SCOPED,aass_providers apprentice_competencies award_rates charge_rate_snapshots clients contacts custom_page_revisions custom_pages developer_impersonation_sessions employers field_officers funding_sources govt_integration_logs gto_complaints incidents mentors opportunities people placements profiles qualifications report_catalog_joins sites state_training_authorities super_admin_action_audit tenant_entity_records tenants training_contracts training_plans training_providers units_of_competency user_preferences user_tenants wage_calculation_snapshots,,,,yes,168,12,OK,
/progress-reviews/templates/create,crm7,authenticated,ProgressReviewsTemplateCreate,crm7/src/pages/progress-reviews/templates/create.tsx,usePlatformRole useProgressReviewTemplateStore useTenantId,batch_charge_rate_quotes charge_rate_quotes compliance_alerts developer_impersonation_sessions profiles super_admin_action_audit tenants,batch_charge_rate_quotes=RLS_ON_TENANT_SCOPED charge_rate_quotes=RLS_ON_TENANT_SCOPED compliance_alerts=RLS_ON_TENANT_SCOPED developer_impersonation_sessions=RLS_ON_TENANT_SCOPED profiles=RLS_ON_OWNER_SCOPED super_admin_action_audit=RLS_ON_TENANT_SCOPED tenants=RLS_ON_TENANT_SCOPED,aass_providers apprentice_competencies audit_logs award_rates charge_rate_snapshots clients contacts custom_page_revisions custom_pages employers field_officers funding_sources govt_integration_logs gto_complaints incidents mentors opportunities people placements qualifications report_catalog_joins sites state_training_authorities tenant_entity_records training_contracts training_plans training_providers units_of_competency user_preferences user_tenants wage_calculation_snapshots,acting_scope_tenant_id log_tenant_switch,,,yes,172,12,OK,
/quotes,crm7,authenticated,QuotesIndex,crm7/src/pages/quotes/index.tsx,useApprenticeStore useDocumentTitle usePermissions useSearch,charge_rate_quotes,charge_rate_quotes=RLS_ON_TENANT_SCOPED,aass_providers apprentice_competencies audit_logs award_rates clients contacts custom_page_revisions custom_pages developer_impersonation_sessions employers field_officers funding_sources gto_complaints incidents mentors opportunities people placements profiles qualifications report_catalog_joins sites state_training_authorities super_admin_action_audit tenant_entity_records tenants training_contracts training_plans training_providers units_of_competency user_preferences user_tenants,acting_scope_tenant_id,,tenant-management=true,yes,77,11,OK,
/quotes/fast,crm7,authenticated,FastQuote,crm7/src/pages/quotes/fast/index.tsx,,employers,employers=RLS_ON_TENANT_SCOPED,aass_providers apprentice_competencies award_rates clients contacts custom_page_revisions custom_pages developer_impersonation_sessions field_officers funding_sources gto_complaints incidents mentors opportunities people placements profiles qualifications report_catalog_joins sites state_training_authorities super_admin_action_audit tenant_entity_records tenants training_contracts training_plans training_providers units_of_competency user_preferences user_tenants,,,,yes,62,3,OK,
/quotes/sign/:token,crm7,public,ChargeRateQuoteSignPage,crm7/src/pages/quotes/sign/[token].tsx,,,,people tenants,get_charge_rate_quote_signing_context redeem_charge_rate_quote_signature,charge-rate-quote-dispatch,charge-rate-quote-dispatch=true,n/a,31,0,OK,
/reminders,crm7,authenticated,Phase3RemindersList,crm7/src/pages/reminders/index.tsx,useMutation useQueryClient,reminders,reminders=RLS_ON_TENANT_SCOPED,aass_providers apprentice_competencies award_rates clients contacts custom_page_revisions custom_pages developer_impersonation_sessions employers field_officers funding_sources gto_complaints incidents mentors opportunities people placements profiles qualifications report_catalog_joins sites state_training_authorities super_admin_action_audit tenant_entity_records tenants training_contracts training_plans training_providers units_of_competency user_preferences user_tenants,,,,yes,45,3,OK,
/reminders/create,crm7,authenticated,Phase3ReminderCreate,crm7/src/pages/reminders/create.tsx,useFormField usePlatformRole useTenantId,developer_impersonation_sessions profiles reminders super_admin_action_audit tenants,developer_impersonation_sessions=RLS_ON_TENANT_SCOPED profiles=RLS_ON_OWNER_SCOPED reminders=RLS_ON_TENANT_SCOPED super_admin_action_audit=RLS_ON_TENANT_SCOPED tenants=RLS_ON_TENANT_SCOPED,aass_providers apprentice_competencies audit_logs award_rates clients contacts custom_page_revisions custom_pages employers field_officers funding_sources gto_complaints incidents mentors opportunities people placements qualifications report_catalog_joins sites state_training_authorities tenant_entity_records training_contracts training_plans training_providers units_of_competency user_preferences user_tenants,acting_scope_tenant_id log_tenant_switch,,,yes,62,3,OK,
/reports,crm7,authenticated,Reports,crm7/src/pages/reports/deliveries.tsx,useMutation useQuery useQueryClient useReactTable useTablePreferences,report_deliveries report_templates user_preferences user_tenants,report_deliveries=RLS_ON_TENANT_SCOPED report_templates=RLS_ON_TENANT_SCOPED user_preferences=RLS_ON_OWNER_SCOPED user_tenants=RLS_ON_TENANT_SCOPED,aass_providers apprentice_competencies audit_logs award_rates clients contacts custom_page_revisions custom_pages developer_impersonation_sessions employers field_officers funding_sources gto_complaints incidents mentors opportunities people placements profiles qualifications report_catalog_joins sites state_training_authorities super_admin_action_audit tenant_entity_records tenants training_contracts training_plans training_providers units_of_competency,,report-delivery,report-delivery=true,yes,58,3,OK,
/reports/:key,crm7,authenticated,ReportRun,crm7/src/pages/reports/deliveries.tsx,useMutation useQuery useQueryClient useReactTable useTablePreferences,report_deliveries report_templates user_preferences user_tenants,report_deliveries=RLS_ON_TENANT_SCOPED report_templates=RLS_ON_TENANT_SCOPED user_preferences=RLS_ON_OWNER_SCOPED user_tenants=RLS_ON_TENANT_SCOPED,aass_providers apprentice_competencies audit_logs award_rates clients contacts custom_page_revisions custom_pages developer_impersonation_sessions employers field_officers funding_sources gto_complaints incidents mentors opportunities people placements profiles qualifications report_catalog_joins sites state_training_authorities super_admin_action_audit tenant_entity_records tenants training_contracts training_plans training_providers units_of_competency,,report-delivery,report-delivery=true,yes,58,3,OK,
/reports/custom/create,crm7,authenticated,CustomReportCreate,crm7/src/pages/financial/payments/[id].tsx,usePaymentStore,,,aass_providers apprentice_competencies award_rates clients contacts custom_page_revisions custom_pages developer_impersonation_sessions employers field_officers funding_sources gto_complaints incidents mentors opportunities people placements profiles qualifications report_catalog_joins sites state_training_authorities super_admin_action_audit tenant_entity_records tenants training_contracts training_plans training_providers units_of_competency user_preferences user_tenants,,,,n/a,54,11,OK,
/reports/deliveries,crm7,authenticated,ReportDeliveries,crm7/src/pages/reports/schedules.tsx,useMutation useQuery useQueryClient useReactTable useTablePreferences,profiles report_schedules report_templates user_preferences user_tenants,profiles=RLS_ON_OWNER_SCOPED report_schedules=RLS_ON_TENANT_SCOPED report_templates=RLS_ON_TENANT_SCOPED user_preferences=RLS_ON_OWNER_SCOPED user_tenants=RLS_ON_TENANT_SCOPED,aass_providers apprentice_competencies audit_logs award_rates clients contacts custom_page_revisions custom_pages developer_impersonation_sessions employers field_officers funding_sources gto_complaints incidents mentors opportunities people placements qualifications report_catalog_joins sites state_training_authorities super_admin_action_audit tenant_entity_records tenants training_contracts training_plans training_providers units_of_competency,acting_scope_tenant_id set_current_tenant,,,yes,62,3,OK,
/reports/schedules,crm7,authenticated,ReportSchedules,crm7/src/pages/insights/index.tsx,useDocumentTitle usePermissions useQuery,apprentice_competencies employers gto_complaints gto_compliance_assessments invoices mentor_assignments people placements training_plans units_of_competency whs_incidents whs_policies whs_risk_assessments workplace_inspections,apprentice_competencies=RLS_ON_TENANT_SCOPED employers=RLS_ON_TENANT_SCOPED gto_complaints=RLS_ON_MIXED gto_compliance_assessments=RLS_ON_MIXED invoices=RLS_ON_TENANT_SCOPED mentor_assignments=RLS_ON_TENANT_SCOPED people=RLS_ON_TENANT_SCOPED placements=RLS_ON_TENANT_SCOPED training_plans=RLS_ON_MIXED units_of_competency=RLS_ON_TENANT_SCOPED whs_incidents=RLS_ON_TENANT_SCOPED whs_policies=RLS_ON_TENANT_SCOPED whs_risk_assessments=RLS_ON_TENANT_SCOPED workplace_inspections=RLS_ON_TENANT_SCOPED,aass_providers audit_logs award_rates clients contacts custom_page_revisions custom_pages developer_impersonation_sessions field_officers funding_sources incidents mentors opportunities profiles qualifications report_catalog_joins sites state_training_authorities super_admin_action_audit tenant_entity_records tenants training_contracts training_providers user_preferences user_tenants,invoice_summary,,tenant-management=true,yes,56,5,OK,
/revenue-forecast,crm7,authenticated,Redirect,,,,,,,,,,0,0,REDIRECT,"route is a redirect, no data path of its own"
/sales,crm7,authenticated,SalesIndex,crm7/src/pages/sales/index.tsx,,,,aass_providers apprentice_competencies award_rates clients contacts custom_page_revisions custom_pages developer_impersonation_sessions employers field_officers funding_sources gto_complaints incidents mentors opportunities people placements profiles qualifications report_catalog_joins sites state_training_authorities super_admin_action_audit tenant_entity_records tenants training_contracts training_plans training_providers units_of_competency user_preferences user_tenants,,,,n/a,42,3,OK,
/sales/pipeline,crm7,authenticated,Redirect,,,,,,,,,,0,0,REDIRECT,"route is a redirect, no data path of its own"
/sales/pipeline-flow,crm7,authenticated,PipelineFlow,crm7/src/pages/sales/pipeline-flow.tsx,useUndoRedo,opportunities,opportunities=RLS_ON_TENANT_SCOPED,,,,,yes,8,0,OK,
/settings,crm7,authenticated,Settings,crm7/src/pages/settings/index.tsx,useDocumentTitle usePermissions,,,aass_providers apprentice_competencies audit_logs award_rates clients contacts custom_page_revisions custom_pages developer_impersonation_sessions employers field_officers funding_sources gto_complaints incidents mentors opportunities people placements profiles qualifications report_catalog_joins sites state_training_authorities super_admin_action_audit tenant_entity_records tenants training_contracts training_plans training_providers units_of_competency user_preferences user_tenants,,,tenant-management=true,n/a,46,3,OK,
/settings/allowance-groups,crm7,authenticated,SettingsAllowanceGroups,crm7/src/pages/settings/allowance-groups.tsx,useFormField useMutation usePlatformRole useQuery useQueryClient useSensor useSensors useSortable useTenantId,allowance_groups developer_impersonation_sessions pay_item_groups penalty_groups profiles super_admin_action_audit tenants timesheet_groups,allowance_groups=RLS_ON_TENANT_SCOPED developer_impersonation_sessions=RLS_ON_TENANT_SCOPED pay_item_groups=RLS_ON_TENANT_SCOPED penalty_groups=RLS_ON_TENANT_SCOPED profiles=RLS_ON_OWNER_SCOPED super_admin_action_audit=RLS_ON_TENANT_SCOPED tenants=RLS_ON_TENANT_SCOPED timesheet_groups=RLS_ON_TENANT_SCOPED,aass_providers apprentice_competencies audit_logs award_rates clients contacts custom_page_revisions custom_pages employers field_officers funding_sources gto_complaints incidents mentors opportunities people placements qualifications report_catalog_joins sites state_training_authorities tenant_entity_records training_contracts training_plans training_providers units_of_competency user_preferences user_tenants,acting_scope_tenant_id log_tenant_switch reorder_allowance_groups reorder_pay_item_groups reorder_penalty_groups reorder_timesheet_groups,,,yes,65,4,OK,
/settings/apprentice-rates,crm7,authenticated,SettingsApprenticeRates,crm7/src/pages/settings/apprentice-rates.tsx,useApprenticeRateConfigs useArchiveRateConfig useColumns useCreateRateConfig useDateFormatPreference useFeatureFlag useFeatureFlags useFormField useMarkNotificationRead useMutation usePlatformRole useQuery useQueryClient useRateReviewNotifications useReactTable useStatutoryRates useTablePreferences useTenantId useTenantSettings useUpdateRateConfig,apprentice_rate_configs developer_impersonation_sessions notifications profiles super_admin_action_audit tenant_settings tenants user_preferences,apprentice_rate_configs=RLS_ON_TENANT_SCOPED developer_impersonation_sessions=RLS_ON_TENANT_SCOPED notifications=RLS_ON_TENANT_SCOPED profiles=RLS_ON_OWNER_SCOPED super_admin_action_audit=RLS_ON_TENANT_SCOPED tenant_settings=RLS_ON_TENANT_SCOPED tenants=RLS_ON_TENANT_SCOPED user_preferences=RLS_ON_OWNER_SCOPED,aass_providers apprentice_competencies audit_logs award_rates clients contacts custom_page_revisions custom_pages employers field_officers funding_sources gto_complaints incidents mentors opportunities people placements qualifications report_catalog_joins sites state_training_authorities tenant_entity_records training_contracts training_plans training_providers units_of_competency user_tenants,acting_scope_tenant_id log_tenant_switch,,,yes,75,3,OK,
/settings/audit-log,crm7,authenticated,SettingsAuditLog,crm7/src/pages/settings/audit-log.tsx,useAuth useSchemaEntities,audit_events audit_logs developer_impersonation_sessions profiles super_admin_action_audit tenant_sharing_policies tenants user_tenants,audit_events=RLS_ON_TENANT_SCOPED audit_logs=RLS_ON_OWNER_SCOPED developer_impersonation_sessions=RLS_ON_TENANT_SCOPED profiles=RLS_ON_OWNER_SCOPED super_admin_action_audit=RLS_ON_TENANT_SCOPED tenant_sharing_policies=RLS_ON_TENANT_SCOPED tenants=RLS_ON_TENANT_SCOPED user_tenants=RLS_ON_TENANT_SCOPED,aass_providers apprentice_competencies award_rates clients contacts custom_page_revisions custom_pages employers entity_relationships field_officers funding_sources gto_complaints incidents mentors opportunities people placements qualifications report_catalog_joins sites state_training_authorities tasks tenant_entities tenant_entity_records tenant_entity_relations tenant_field_definitions tenant_settings training_contracts training_plans training_providers units_of_competency user_preferences,acting_scope_tenant_id log_tenant_switch,,tenant-management=true,yes,117,14,OK,
/settings/branding,crm7,authenticated,BrandingRedirect,crm7/src/pages/settings/branding-redirect.tsx,,,,aass_providers apprentice_competencies award_rates clients contacts custom_page_revisions custom_pages developer_impersonation_sessions employers field_officers funding_sources gto_complaints incidents mentors opportunities people placements profiles qualifications report_catalog_joins sites state_training_authorities super_admin_action_audit tenant_entity_records tenants training_contracts training_plans training_providers units_of_competency user_preferences user_tenants,,,,n/a,40,3,OK,
/settings/classifications,crm7,authenticated,SettingsClassifications,crm7/src/pages/settings/classifications.tsx,useFormField useMutation useQuery useQueryClient useSensor useSensors useSortable,classifications hiring_divisions public_holiday_group_dates public_holiday_groups,classifications=RLS_ON_PERMISSIVE hiring_divisions=RLS_ON_PERMISSIVE public_holiday_group_dates=RLS_ON_PERMISSIVE public_holiday_groups=RLS_ON_PERMISSIVE,,,,,n/a,26,1,OK,
/settings/configuration,crm7,authenticated,SettingsConfiguration,crm7/src/pages/settings/configuration.tsx,useEnterpriseCostOnlyMode useFormField useMutation useQuery useQueryClient useSearch useTenantId useTenantSettings,profiles tenant_settings tenants user_tenants,profiles=RLS_ON_OWNER_SCOPED tenant_settings=RLS_ON_TENANT_SCOPED tenants=RLS_ON_TENANT_SCOPED user_tenants=RLS_ON_TENANT_SCOPED,aass_providers apprentice_competencies award_rates clients contacts custom_page_revisions custom_pages developer_impersonation_sessions employers field_officers funding_sources gto_complaints incidents mentors opportunities people placements qualifications report_catalog_joins sites state_training_authorities super_admin_action_audit tenant_entity_records training_contracts training_plans training_providers units_of_competency user_preferences,acting_scope_tenant_id set_current_tenant set_tenant_employee_number_format,tenant-management,tenant-management=true,yes,59,3,OK,
/settings/custom-fields,crm7,authenticated,SettingsCustomFields,crm7/src/pages/settings/custom-fields.tsx,useAuth usePlatformRole useSchemaEntities useTenantId,audit_logs developer_impersonation_sessions entity_relationships profiles super_admin_action_audit tenant_field_definitions tenant_sharing_policies tenants user_tenants,audit_logs=RLS_ON_OWNER_SCOPED developer_impersonation_sessions=RLS_ON_TENANT_SCOPED entity_relationships=RLS_ON_TENANT_SCOPED profiles=RLS_ON_OWNER_SCOPED super_admin_action_audit=RLS_ON_TENANT_SCOPED tenant_field_definitions=RLS_ON_TENANT_SCOPED tenant_sharing_policies=RLS_ON_TENANT_SCOPED tenants=RLS_ON_TENANT_SCOPED user_tenants=RLS_ON_TENANT_SCOPED,aass_providers apprentice_competencies award_rates clients contacts custom_page_revisions custom_pages employers field_officers funding_sources gto_complaints incidents mentors opportunities people placements qualifications report_catalog_joins sites state_training_authorities tasks tenant_entities tenant_entity_records tenant_entity_relations tenant_settings training_contracts training_plans training_providers units_of_competency user_preferences,acting_scope_tenant_id log_tenant_switch,,tenant-management=true,yes,92,14,OK,
/settings/custom-fields-admin,crm7,authenticated,CustomFieldsAdmin,crm7/src/pages/settings/custom-fields-admin.tsx,useCustomFieldDefinitionStore useSchemaEntities,developer_impersonation_sessions people profiles super_admin_action_audit tenant_sharing_policies tenants user_tenants,developer_impersonation_sessions=RLS_ON_TENANT_SCOPED people=RLS_ON_TENANT_SCOPED profiles=RLS_ON_OWNER_SCOPED super_admin_action_audit=RLS_ON_TENANT_SCOPED tenant_sharing_policies=RLS_ON_TENANT_SCOPED tenants=RLS_ON_TENANT_SCOPED user_tenants=RLS_ON_TENANT_SCOPED,aass_providers apprentice_competencies audit_logs award_rates clients contacts custom_page_revisions custom_pages employers entity_relationships field_officers funding_sources gto_complaints incidents mentors opportunities placements qualifications report_catalog_joins sites state_training_authorities tasks tenant_entities tenant_entity_records tenant_entity_relations tenant_field_definitions tenant_settings training_contracts training_plans training_providers units_of_competency user_preferences,log_tenant_switch,,tenant-management=true,yes,120,22,OK,
/settings/custom-pages,crm7,authenticated,SettingsCustomPages,crm7/src/pages/settings/custom-pages.tsx,usePlatformRole useTenantId,custom_page_revisions custom_pages developer_impersonation_sessions entity_relationships profiles super_admin_action_audit tenant_field_definitions tenants,custom_page_revisions=RLS_ON_TENANT_SCOPED custom_pages=RLS_ON_MIXED developer_impersonation_sessions=RLS_ON_TENANT_SCOPED entity_relationships=RLS_ON_TENANT_SCOPED profiles=RLS_ON_OWNER_SCOPED super_admin_action_audit=RLS_ON_TENANT_SCOPED tenant_field_definitions=RLS_ON_TENANT_SCOPED tenants=RLS_ON_TENANT_SCOPED,aass_providers apprentice_competencies audit_logs award_rates clients contacts employers field_officers funding_sources gto_complaints incidents mentors opportunities people placements qualifications report_catalog_joins sites state_training_authorities tenant_entity_records training_contracts training_plans training_providers units_of_competency user_preferences user_tenants,acting_scope_tenant_id log_tenant_switch,,,yes,53,10,OK,
/settings/custom-pages/:id,crm7,authenticated,SettingsCustomPageDetail,crm7/src/pages/settings/custom-page-detail.tsx,useRoute,custom_page_revisions custom_pages entity_relationships tenant_field_definitions tenants,custom_page_revisions=RLS_ON_TENANT_SCOPED custom_pages=RLS_ON_MIXED entity_relationships=RLS_ON_TENANT_SCOPED tenant_field_definitions=RLS_ON_TENANT_SCOPED tenants=RLS_ON_TENANT_SCOPED,aass_providers apprentice_competencies award_rates clients contacts developer_impersonation_sessions employers field_officers funding_sources gto_complaints incidents mentors opportunities people placements profiles qualifications report_catalog_joins sites state_training_authorities super_admin_action_audit tenant_entity_records training_contracts training_plans training_providers units_of_competency user_preferences user_tenants,,,,yes,52,17,OK,
/settings/custom-pages/:id/edit,crm7,authenticated,SettingsCustomPageEdit,crm7/src/pages/settings/custom-page-edit.tsx,useRoute,custom_page_revisions custom_pages entity_relationships tenant_field_definitions,custom_page_revisions=RLS_ON_TENANT_SCOPED custom_pages=RLS_ON_MIXED entity_relationships=RLS_ON_TENANT_SCOPED tenant_field_definitions=RLS_ON_TENANT_SCOPED,aass_providers apprentice_competencies award_rates clients contacts developer_impersonation_sessions employers field_officers funding_sources gto_complaints incidents mentors opportunities people placements profiles qualifications report_catalog_joins sites state_training_authorities super_admin_action_audit tenant_entity_records tenants training_contracts training_plans training_providers units_of_competency user_preferences user_tenants,,,,yes,50,10,OK,
/settings/custom-pages/create,crm7,authenticated,SettingsCustomPageCreate,crm7/src/pages/settings/custom-page-create.tsx,usePlatformRole useTenantId,custom_page_revisions custom_pages developer_impersonation_sessions entity_relationships profiles super_admin_action_audit tenant_field_definitions tenants,custom_page_revisions=RLS_ON_TENANT_SCOPED custom_pages=RLS_ON_MIXED developer_impersonation_sessions=RLS_ON_TENANT_SCOPED entity_relationships=RLS_ON_TENANT_SCOPED profiles=RLS_ON_OWNER_SCOPED super_admin_action_audit=RLS_ON_TENANT_SCOPED tenant_field_definitions=RLS_ON_TENANT_SCOPED tenants=RLS_ON_TENANT_SCOPED,aass_providers apprentice_competencies audit_logs award_rates clients contacts employers field_officers funding_sources gto_complaints incidents mentors opportunities people placements qualifications report_catalog_joins sites state_training_authorities tenant_entity_records training_contracts training_plans training_providers units_of_competency user_preferences user_tenants,acting_scope_tenant_id log_tenant_switch,,,yes,54,10,OK,
/settings/data,crm7,authenticated,SettingsData,crm7/src/pages/settings/data.tsx,useBulkDataContext useCatalogFields useMutation useQuery useQueryClient useReactTable useTablePreferences,data_change_sets data_import_jobs profiles report_catalog_entities report_catalog_fields user_preferences user_tenants,data_change_sets=RLS_ON_TENANT_SCOPED data_import_jobs=RLS_ON_TENANT_SCOPED profiles=RLS_ON_OWNER_SCOPED report_catalog_entities=RLS_ON_TENANT_SCOPED report_catalog_fields=RLS_ON_TENANT_SCOPED user_preferences=RLS_ON_OWNER_SCOPED user_tenants=RLS_ON_TENANT_SCOPED,aass_providers apprentice_competencies audit_logs award_rates clients contacts custom_page_revisions custom_pages developer_impersonation_sessions employers field_officers funding_sources gto_complaints incidents mentors opportunities people placements qualifications report_catalog_joins sites state_training_authorities super_admin_action_audit tenant_entity_records tenants training_contracts training_plans training_providers units_of_competency,acting_scope_tenant_id bulk_data_import bulk_data_undo bulk_data_update,,,yes,77,7,OK,
/settings/data-management,crm7,authenticated,SettingsDataManagement,crm7/src/pages/settings/data-management.tsx,useAuth,audit_logs,audit_logs=RLS_ON_OWNER_SCOPED,aass_providers apprentice_competencies award_rates clients contacts custom_page_revisions custom_pages developer_impersonation_sessions employers field_officers funding_sources gto_complaints incidents mentors opportunities people placements profiles qualifications report_catalog_joins sites state_training_authorities super_admin_action_audit tenant_entity_records tenants training_contracts training_plans training_providers units_of_competency user_preferences user_tenants,acting_scope_tenant_id,,,n/a,50,4,OK,
/settings/data-sharing,crm7,authenticated,SettingsDataSharing,crm7/src/pages/settings/data-sharing.tsx,usePlatformRole useTenantId,developer_impersonation_sessions profiles super_admin_action_audit tenants user_tenants,developer_impersonation_sessions=RLS_ON_TENANT_SCOPED profiles=RLS_ON_OWNER_SCOPED super_admin_action_audit=RLS_ON_TENANT_SCOPED tenants=RLS_ON_TENANT_SCOPED user_tenants=RLS_ON_TENANT_SCOPED,aass_providers apprentice_competencies audit_logs award_rates clients contacts custom_page_revisions custom_pages employers field_officers funding_sources gto_complaints incidents mentors opportunities people placements qualifications report_catalog_joins sites state_training_authorities tenant_entity_records training_contracts training_plans training_providers units_of_competency user_preferences,acting_scope_tenant_id log_tenant_switch,tenant-management,tenant-management=true,yes,54,3,OK,
/settings/document-categories,crm7,authenticated,SettingsDocumentCategories,crm7/src/pages/settings/document-categories.tsx,useCategoryPendingEncryptionCount useDocumentCategoryPolicies usePendingEncryptionCount usePlatformRole useQuery useQueryClient useTenantId,developer_impersonation_sessions document_categories document_metadata profiles super_admin_action_audit tenants,developer_impersonation_sessions=RLS_ON_TENANT_SCOPED document_categories=RLS_ON_TENANT_SCOPED document_metadata=RLS_ON_TENANT_SCOPED profiles=RLS_ON_OWNER_SCOPED super_admin_action_audit=RLS_ON_TENANT_SCOPED tenants=RLS_ON_TENANT_SCOPED,audit_logs user_tenants,acting_scope_tenant_id log_tenant_switch,document-encryption,document-encryption=true,yes,22,0,OK,
/settings/email-accounts,crm7,authenticated,SettingsEmailAccounts,crm7/src/pages/settings/email-accounts.tsx,useAuth useEmailStore,audit_logs email_integrations email_messages email_templates profiles user_tenants,audit_logs=RLS_ON_OWNER_SCOPED email_integrations=RLS_ON_TENANT_SCOPED email_messages=RLS_ON_TENANT_SCOPED email_templates=RLS_ON_TENANT_SCOPED profiles=RLS_ON_OWNER_SCOPED user_tenants=RLS_ON_TENANT_SCOPED,aass_providers apprentice_competencies award_rates clients contacts custom_page_revisions custom_pages developer_impersonation_sessions employers field_officers funding_sources gto_complaints incidents mentors opportunities people placements qualifications report_catalog_joins sites state_training_authorities super_admin_action_audit tenant_entity_records tenants training_contracts training_plans training_providers units_of_competency user_preferences,acting_scope_tenant_id email_integration_get_decrypted_token email_integration_store_credential set_current_tenant,email-dispatcher email-inbox-sync oauth-google-email oauth-microsoft-email,email-dispatcher=true email-inbox-sync=true oauth-google-email=true oauth-microsoft-email=true,yes,58,3,OK,
/settings/feature-flags,crm7,authenticated,SettingsFeatureFlags,crm7/src/pages/settings/feature-flags.tsx,useEnterpriseCostOnlyMode useFeatureFlag useFeatureFlags useMutation useQueryClient useTenantId useTenantSettings,tenant_settings tenants,tenant_settings=RLS_ON_TENANT_SCOPED tenants=RLS_ON_TENANT_SCOPED,aass_providers apprentice_competencies award_rates clients contacts custom_page_revisions custom_pages developer_impersonation_sessions employers field_officers funding_sources gto_complaints incidents mentors opportunities people placements profiles qualifications report_catalog_joins sites state_training_authorities super_admin_action_audit tenant_entity_records training_contracts training_plans training_providers units_of_competency user_preferences user_tenants,,,,yes,51,3,OK,
/settings/form-layouts,crm7,authenticated,SettingsFormLayouts,crm7/src/pages/settings/form-layouts.tsx,useFormLayoutStore useSchemaEntities useTenantId,developer_impersonation_sessions form_layouts profiles super_admin_action_audit tenant_sharing_policies tenants user_tenants,developer_impersonation_sessions=RLS_ON_TENANT_SCOPED form_layouts=RLS_ON_TENANT_SCOPED profiles=RLS_ON_OWNER_SCOPED super_admin_action_audit=RLS_ON_TENANT_SCOPED tenant_sharing_policies=RLS_ON_TENANT_SCOPED tenants=RLS_ON_TENANT_SCOPED user_tenants=RLS_ON_TENANT_SCOPED,aass_providers apprentice_competencies audit_logs award_rates clients contacts custom_page_revisions custom_pages employers entity_relationships field_officers funding_sources gto_complaints incidents mentors opportunities people placements qualifications report_catalog_joins sites state_training_authorities tasks tenant_entities tenant_entity_records tenant_entity_relations tenant_field_definitions tenant_settings training_contracts training_plans training_providers units_of_competency user_preferences,log_tenant_switch,,tenant-management=true,yes,93,14,OK,
/settings/form-layouts/:id,crm7,authenticated,SettingsFormLayoutDetail,crm7/src/pages/settings/form-layout-detail.tsx,useDroppable useFormLayoutStore useRoute useSchemaEntities useSensor useSensors useSortable useTenantId,developer_impersonation_sessions entity_relationships form_layouts profiles super_admin_action_audit tenant_entities tenant_entity_relations tenant_field_definitions tenant_sharing_policies tenants ui_config_overrides user_tenants,developer_impersonation_sessions=RLS_ON_TENANT_SCOPED entity_relationships=RLS_ON_TENANT_SCOPED form_layouts=RLS_ON_TENANT_SCOPED profiles=RLS_ON_OWNER_SCOPED super_admin_action_audit=RLS_ON_TENANT_SCOPED tenant_entities=RLS_ON_TENANT_SCOPED tenant_entity_relations=RLS_ON_TENANT_SCOPED tenant_field_definitions=RLS_ON_TENANT_SCOPED tenant_sharing_policies=RLS_ON_TENANT_SCOPED tenants=RLS_ON_TENANT_SCOPED ui_config_overrides=RLS_ON_TENANT_SCOPED user_tenants=RLS_ON_TENANT_SCOPED,aass_providers apprentice_competencies audit_logs award_rates clients contacts custom_page_revisions custom_pages employers field_officers funding_sources gto_complaints incidents mentors opportunities people placements qualifications report_catalog_joins sites state_training_authorities tasks tenant_entity_records tenant_settings training_contracts training_plans training_providers units_of_competency user_preferences,log_tenant_switch,,tenant-management=true,yes,104,21,OK,
/settings/form-layouts/:id/edit,crm7,authenticated,SettingsFormLayoutEdit,crm7/src/pages/settings/form-layout-edit.tsx,useFormLayoutStore useRoute useSchemaEntities,developer_impersonation_sessions entity_relationships form_layouts profiles super_admin_action_audit tenant_field_definitions tenant_sharing_policies tenants user_tenants,developer_impersonation_sessions=RLS_ON_TENANT_SCOPED entity_relationships=RLS_ON_TENANT_SCOPED form_layouts=RLS_ON_TENANT_SCOPED profiles=RLS_ON_OWNER_SCOPED super_admin_action_audit=RLS_ON_TENANT_SCOPED tenant_field_definitions=RLS_ON_TENANT_SCOPED tenant_sharing_policies=RLS_ON_TENANT_SCOPED tenants=RLS_ON_TENANT_SCOPED user_tenants=RLS_ON_TENANT_SCOPED,aass_providers apprentice_competencies audit_logs award_rates clients contacts custom_page_revisions custom_pages employers field_officers funding_sources gto_complaints incidents mentors opportunities people placements qualifications report_catalog_joins sites state_training_authorities tasks tenant_entities tenant_entity_records tenant_entity_relations tenant_settings training_contracts training_plans training_providers units_of_competency user_preferences,log_tenant_switch,,tenant-management=true,yes,95,14,OK,
/settings/form-layouts/create,crm7,authenticated,SettingsFormLayoutCreate,crm7/src/pages/settings/form-layout-create.tsx,useFormLayoutStore useSchemaEntities useTenantId,developer_impersonation_sessions entity_relationships form_layouts profiles super_admin_action_audit tenant_field_definitions tenant_sharing_policies tenants user_tenants,developer_impersonation_sessions=RLS_ON_TENANT_SCOPED entity_relationships=RLS_ON_TENANT_SCOPED form_layouts=RLS_ON_TENANT_SCOPED profiles=RLS_ON_OWNER_SCOPED super_admin_action_audit=RLS_ON_TENANT_SCOPED tenant_field_definitions=RLS_ON_TENANT_SCOPED tenant_sharing_policies=RLS_ON_TENANT_SCOPED tenants=RLS_ON_TENANT_SCOPED user_tenants=RLS_ON_TENANT_SCOPED,aass_providers apprentice_competencies audit_logs award_rates clients contacts custom_page_revisions custom_pages employers field_officers funding_sources gto_complaints incidents mentors opportunities people placements qualifications report_catalog_joins sites state_training_authorities tasks tenant_entities tenant_entity_records tenant_entity_relations tenant_settings training_contracts training_plans training_providers units_of_competency user_preferences,log_tenant_switch,,tenant-management=true,yes,95,14,OK,
/settings/govt-integrations,crm7,authenticated,GovtIntegrations,crm7/src/pages/settings/govt-integrations.tsx,useGovtIntegrationLogStore,people tenants,people=RLS_ON_TENANT_SCOPED tenants=RLS_ON_TENANT_SCOPED,aass_providers apprentice_competencies award_rates clients contacts custom_page_revisions custom_pages developer_impersonation_sessions employers field_officers funding_sources gto_complaints incidents mentors opportunities placements profiles qualifications report_catalog_joins sites state_training_authorities super_admin_action_audit tenant_entity_records training_contracts training_plans training_providers units_of_competency user_preferences user_tenants,vault_create_secret,store-ram-credential,store-ram-credential=true,yes,83,11,OK,
/settings/hiring-divisions,crm7,authenticated,SettingsHiringDivisions,crm7/src/pages/settings/hiring-divisions.tsx,useFormField useMutation useQuery useQueryClient,classifications hiring_divisions public_holiday_group_dates public_holiday_groups,classifications=RLS_ON_PERMISSIVE hiring_divisions=RLS_ON_PERMISSIVE public_holiday_group_dates=RLS_ON_PERMISSIVE public_holiday_groups=RLS_ON_PERMISSIVE,,,,,n/a,26,1,OK,
/settings/integrations,crm7,authenticated,SettingsIntegrations,crm7/src/pages/settings/integrations.tsx,useFeatureFlag useFeatureFlags useFormField useMutation usePlatformRole useQuery useTenantId useTenantSettings,developer_impersonation_sessions payroll_provider_connections profiles super_admin_action_audit tenant_settings tenants xero_connections,developer_impersonation_sessions=RLS_ON_TENANT_SCOPED payroll_provider_connections=RLS_ON_TENANT_SCOPED profiles=RLS_ON_OWNER_SCOPED super_admin_action_audit=RLS_ON_TENANT_SCOPED tenant_settings=RLS_ON_TENANT_SCOPED tenants=RLS_ON_TENANT_SCOPED xero_connections=RLS_ON_TENANT_SCOPED,aass_providers apprentice_competencies audit_logs award_rates clients contacts custom_page_revisions custom_pages employers field_officers funding_sources gto_complaints incidents mentors opportunities people placements qualifications report_catalog_joins sites state_training_authorities tenant_entity_records training_contracts training_plans training_providers units_of_competency user_preferences user_tenants,acting_scope_tenant_id log_tenant_switch,payroll-provider-credentials tga-search xero-token-exchange,payroll-provider-credentials=true tga-search=true xero-token-exchange=true,yes,65,3,OK,
/settings/integrations/:id,crm7,authenticated,IntegrationDetail,crm7/src/pages/settings/integrations/[id].tsx,,,,,,,,n/a,1,0,NO_DATA_PATH,"static route: no table, rpc or edge function reachable in 1 files"
/settings/module-visibility,crm7,authenticated,SettingsModuleVisibility,crm7/src/pages/settings/module-visibility.tsx,useFeatureFlag useFeatureFlags useMutation useQuery useQueryClient useTenantSettings,profiles tenant_settings user_tenants,profiles=RLS_ON_OWNER_SCOPED tenant_settings=RLS_ON_TENANT_SCOPED user_tenants=RLS_ON_TENANT_SCOPED,aass_providers apprentice_competencies award_rates clients contacts custom_page_revisions custom_pages developer_impersonation_sessions employers field_officers funding_sources gto_complaints incidents mentors opportunities people placements qualifications report_catalog_joins sites state_training_authorities super_admin_action_audit tenant_entity_records tenants training_contracts training_plans training_providers units_of_competency user_preferences,acting_scope_tenant_id set_current_tenant,,,yes,48,3,OK,
/settings/org-documents,crm7,authenticated,SettingsOrgDocuments,crm7/src/pages/settings/org-documents.tsx,useMutation usePlatformRole useQuery useQueryClient useTenantId,developer_impersonation_sessions org_document_acknowledgements org_document_assignments org_documents people profiles super_admin_action_audit tenants user_tenants,developer_impersonation_sessions=RLS_ON_TENANT_SCOPED org_document_acknowledgements=RLS_ON_TENANT_SCOPED org_document_assignments=RLS_ON_TENANT_SCOPED org_documents=RLS_ON_TENANT_SCOPED people=RLS_ON_TENANT_SCOPED profiles=RLS_ON_OWNER_SCOPED super_admin_action_audit=RLS_ON_TENANT_SCOPED tenants=RLS_ON_TENANT_SCOPED user_tenants=RLS_ON_TENANT_SCOPED,audit_logs,acting_scope_tenant_id log_tenant_switch,,,yes,37,2,OK,
/settings/org-documents/:id,crm7,authenticated,SettingsOrgDocumentDetail,crm7/src/pages/settings/org-document-detail.tsx,useMutation usePlateEditor usePlatformRole useQuery useQueryClient useRoute useTenantId,developer_impersonation_sessions org_document_acknowledgements org_document_assignments org_documents people profiles super_admin_action_audit tenants user_tenants,developer_impersonation_sessions=RLS_ON_TENANT_SCOPED org_document_acknowledgements=RLS_ON_TENANT_SCOPED org_document_assignments=RLS_ON_TENANT_SCOPED org_documents=RLS_ON_TENANT_SCOPED people=RLS_ON_TENANT_SCOPED profiles=RLS_ON_OWNER_SCOPED super_admin_action_audit=RLS_ON_TENANT_SCOPED tenants=RLS_ON_TENANT_SCOPED user_tenants=RLS_ON_TENANT_SCOPED,audit_logs,acting_scope_tenant_id log_tenant_switch,,,yes,40,2,OK,
/settings/organization,crm7,authenticated,SettingsOrganization,crm7/src/pages/settings/organization.tsx,useAuth useSearch,audit_logs membership_requests user_tenants,audit_logs=RLS_ON_OWNER_SCOPED membership_requests=RLS_ON_TENANT_SCOPED user_tenants=RLS_ON_TENANT_SCOPED,aass_providers apprentice_competencies award_rates clients contacts custom_page_revisions custom_pages developer_impersonation_sessions employers field_officers funding_sources gto_complaints incidents mentors opportunities people placements profiles qualifications report_catalog_joins sites state_training_authorities super_admin_action_audit tenant_entity_records tenants training_contracts training_plans training_providers units_of_competency user_preferences,acting_scope_tenant_id,tenant-management,tenant-management=true,yes,55,3,OK,
/settings/pay-item-groups,crm7,authenticated,SettingsPayItemGroups,crm7/src/pages/settings/pay-item-groups.tsx,useFormField useMutation usePlatformRole useQuery useQueryClient useSensor useSensors useSortable useTenantId,allowance_groups developer_impersonation_sessions pay_item_groups penalty_groups profiles super_admin_action_audit tenants timesheet_groups,allowance_groups=RLS_ON_TENANT_SCOPED developer_impersonation_sessions=RLS_ON_TENANT_SCOPED pay_item_groups=RLS_ON_TENANT_SCOPED penalty_groups=RLS_ON_TENANT_SCOPED profiles=RLS_ON_OWNER_SCOPED super_admin_action_audit=RLS_ON_TENANT_SCOPED tenants=RLS_ON_TENANT_SCOPED timesheet_groups=RLS_ON_TENANT_SCOPED,audit_logs user_tenants,acting_scope_tenant_id log_tenant_switch reorder_allowance_groups reorder_pay_item_groups reorder_penalty_groups reorder_timesheet_groups,,,yes,37,1,OK,
/settings/pay-item-rules,crm7,authenticated,SettingsPayItemRules,crm7/src/pages/settings/pay-item-rules.tsx,useFormField useMutation usePlatformRole useQuery useQueryClient useSensor useSensors useSortable useTenantId,allowance_groups developer_impersonation_sessions pay_item_groups pay_item_rules penalty_groups placements profiles super_admin_action_audit tenants timesheet_groups,allowance_groups=RLS_ON_TENANT_SCOPED developer_impersonation_sessions=RLS_ON_TENANT_SCOPED pay_item_groups=RLS_ON_TENANT_SCOPED pay_item_rules=RLS_ON_TENANT_SCOPED penalty_groups=RLS_ON_TENANT_SCOPED placements=RLS_ON_TENANT_SCOPED profiles=RLS_ON_OWNER_SCOPED super_admin_action_audit=RLS_ON_TENANT_SCOPED tenants=RLS_ON_TENANT_SCOPED timesheet_groups=RLS_ON_TENANT_SCOPED,aass_providers apprentice_competencies audit_logs award_rates clients contacts custom_page_revisions custom_pages employers field_officers funding_sources gto_complaints incidents mentors opportunities people qualifications report_catalog_joins sites state_training_authorities tenant_entity_records training_contracts training_plans training_providers units_of_competency user_preferences user_tenants,acting_scope_tenant_id log_tenant_switch reorder_allowance_groups reorder_pay_item_groups reorder_pay_item_rules reorder_penalty_groups reorder_timesheet_groups,,,yes,66,4,OK,
/settings/payroll-remittance,crm7,authenticated,SettingsPayrollRemittance,crm7/src/pages/settings/payroll-remittance.tsx,useAuth useMutation useQuery useQueryClient,audit_logs payroll_identifier_kinds tenant_payroll_identifiers,audit_logs=RLS_ON_OWNER_SCOPED payroll_identifier_kinds=RLS_ON_PERMISSIVE tenant_payroll_identifiers=RLS_ON_TENANT_SCOPED,aass_providers apprentice_competencies award_rates clients contacts custom_page_revisions custom_pages developer_impersonation_sessions employers field_officers funding_sources gto_complaints incidents mentors opportunities people placements profiles qualifications report_catalog_joins sites state_training_authorities super_admin_action_audit tenant_entity_records tenants training_contracts training_plans training_providers units_of_competency user_preferences user_tenants,acting_scope_tenant_id payroll_remittance_readiness,,,yes,51,3,OK,
/settings/penalty-groups,crm7,authenticated,SettingsPenaltyGroups,crm7/src/pages/settings/penalty-groups.tsx,useFormField useMutation usePlatformRole useQuery useQueryClient useSensor useSensors useSortable useTenantId,allowance_groups developer_impersonation_sessions pay_item_groups penalty_groups profiles super_admin_action_audit tenants timesheet_groups,allowance_groups=RLS_ON_TENANT_SCOPED developer_impersonation_sessions=RLS_ON_TENANT_SCOPED pay_item_groups=RLS_ON_TENANT_SCOPED penalty_groups=RLS_ON_TENANT_SCOPED profiles=RLS_ON_OWNER_SCOPED super_admin_action_audit=RLS_ON_TENANT_SCOPED tenants=RLS_ON_TENANT_SCOPED timesheet_groups=RLS_ON_TENANT_SCOPED,aass_providers apprentice_competencies audit_logs award_rates clients contacts custom_page_revisions custom_pages employers field_officers funding_sources gto_complaints incidents mentors opportunities people placements qualifications report_catalog_joins sites state_training_authorities tenant_entity_records training_contracts training_plans training_providers units_of_competency user_preferences user_tenants,acting_scope_tenant_id log_tenant_switch reorder_allowance_groups reorder_pay_item_groups reorder_penalty_groups reorder_timesheet_groups,,,yes,65,4,OK,
/settings/permissions,crm7,authenticated,SettingsPermissions,crm7/src/pages/settings/permissions.tsx,useMutation useQueryClient,profiles tenant_role_permissions user_tenants,profiles=RLS_ON_OWNER_SCOPED tenant_role_permissions=RLS_ON_TENANT_SCOPED user_tenants=RLS_ON_TENANT_SCOPED,aass_providers apprentice_competencies audit_logs award_rates clients contacts custom_page_revisions custom_pages developer_impersonation_sessions employers field_officers funding_sources gto_complaints incidents mentors opportunities people placements qualifications report_catalog_joins sites state_training_authorities super_admin_action_audit tenant_entity_records tenants training_contracts training_plans training_providers units_of_competency user_preferences,acting_scope_tenant_id set_current_tenant,,tenant-management=true,yes,55,4,OK,
/settings/permissions-demo,crm7,authenticated,SettingsPermissionsDemo,crm7/src/pages/settings/permissions-demo.tsx,useAuth useDocumentTitle usePermissions usePlatformRole usePortalContext,audit_logs developer_impersonation_sessions profiles super_admin_action_audit user_tenants,audit_logs=RLS_ON_OWNER_SCOPED developer_impersonation_sessions=RLS_ON_TENANT_SCOPED profiles=RLS_ON_OWNER_SCOPED super_admin_action_audit=RLS_ON_TENANT_SCOPED user_tenants=RLS_ON_TENANT_SCOPED,aass_providers apprentice_competencies award_rates clients contacts custom_page_revisions custom_pages employers field_officers funding_sources gto_complaints incidents mentors opportunities people placements qualifications report_catalog_joins sites state_training_authorities tenant_entity_records tenants training_contracts training_plans training_providers units_of_competency user_preferences,acting_scope_tenant_id log_tenant_switch,,tenant-management=true,yes,54,3,OK,
/settings/picklists,crm7,authenticated,SettingsPicklists,crm7/src/pages/settings/picklists.tsx,usePlatformRole useTenantId,developer_impersonation_sessions entity_relationships picklist_options picklists profiles super_admin_action_audit tenant_field_definitions tenants,developer_impersonation_sessions=RLS_ON_TENANT_SCOPED entity_relationships=RLS_ON_TENANT_SCOPED picklist_options=RLS_ON_TENANT_SCOPED picklists=RLS_ON_TENANT_SCOPED profiles=RLS_ON_OWNER_SCOPED super_admin_action_audit=RLS_ON_TENANT_SCOPED tenant_field_definitions=RLS_ON_TENANT_SCOPED tenants=RLS_ON_TENANT_SCOPED,aass_providers apprentice_competencies audit_logs award_rates clients contacts custom_page_revisions custom_pages employers field_officers funding_sources gto_complaints incidents mentors opportunities people placements qualifications report_catalog_joins sites state_training_authorities tenant_entity_records training_contracts training_plans training_providers units_of_competency user_preferences user_tenants,acting_scope_tenant_id log_tenant_switch,,,yes,52,10,OK,
/settings/picklists/:id,crm7,authenticated,SettingsPicklistDetail,crm7/src/pages/settings/picklist-detail.tsx,useRoute,entity_relationships picklist_options picklists tenant_field_definitions,entity_relationships=RLS_ON_TENANT_SCOPED picklist_options=RLS_ON_TENANT_SCOPED picklists=RLS_ON_TENANT_SCOPED tenant_field_definitions=RLS_ON_TENANT_SCOPED,aass_providers apprentice_competencies award_rates clients contacts custom_page_revisions custom_pages developer_impersonation_sessions employers field_officers funding_sources gto_complaints incidents mentors opportunities people placements profiles qualifications report_catalog_joins sites state_training_authorities super_admin_action_audit tenant_entity_records tenants training_contracts training_plans training_providers units_of_competency user_preferences user_tenants,,,,yes,53,10,OK,
/settings/picklists/:id/edit,crm7,authenticated,SettingsPicklistEdit,crm7/src/pages/settings/picklist-edit.tsx,useRoute,entity_relationships picklist_options picklists tenant_field_definitions,entity_relationships=RLS_ON_TENANT_SCOPED picklist_options=RLS_ON_TENANT_SCOPED picklists=RLS_ON_TENANT_SCOPED tenant_field_definitions=RLS_ON_TENANT_SCOPED,aass_providers apprentice_competencies award_rates clients contacts custom_page_revisions custom_pages developer_impersonation_sessions employers field_officers funding_sources gto_complaints incidents mentors opportunities people placements profiles qualifications report_catalog_joins sites state_training_authorities super_admin_action_audit tenant_entity_records tenants training_contracts training_plans training_providers units_of_competency user_preferences user_tenants,,,,yes,50,10,OK,
/settings/picklists/create,crm7,authenticated,SettingsPicklistCreate,crm7/src/pages/settings/picklist-create.tsx,usePlatformRole useTenantId,developer_impersonation_sessions picklist_options picklists profiles super_admin_action_audit tenants,developer_impersonation_sessions=RLS_ON_TENANT_SCOPED picklist_options=RLS_ON_TENANT_SCOPED picklists=RLS_ON_TENANT_SCOPED profiles=RLS_ON_OWNER_SCOPED super_admin_action_audit=RLS_ON_TENANT_SCOPED tenants=RLS_ON_TENANT_SCOPED,aass_providers apprentice_competencies audit_logs award_rates clients contacts custom_page_revisions custom_pages employers entity_relationships field_officers funding_sources gto_complaints incidents mentors opportunities people placements qualifications report_catalog_joins sites state_training_authorities tenant_entity_records tenant_field_definitions training_contracts training_plans training_providers units_of_competency user_preferences user_tenants,acting_scope_tenant_id log_tenant_switch,,,yes,54,10,OK,
/settings/public-holiday-groups,crm7,authenticated,SettingsPublicHolidayGroups,crm7/src/pages/settings/public-holiday-groups.tsx,useFormField useMutation useQuery useQueryClient,classifications hiring_divisions public_holiday_group_dates public_holiday_groups,classifications=RLS_ON_PERMISSIVE hiring_divisions=RLS_ON_PERMISSIVE public_holiday_group_dates=RLS_ON_PERMISSIVE public_holiday_groups=RLS_ON_PERMISSIVE,,,,,n/a,26,1,OK,
/settings/role-overrides,crm7,authenticated,SettingsRoleOverrides,crm7/src/pages/settings/role-overrides.tsx,useMutation useQueryClient,tenant_settings user_tenants,tenant_settings=RLS_ON_TENANT_SCOPED user_tenants=RLS_ON_TENANT_SCOPED,aass_providers apprentice_competencies award_rates clients contacts custom_page_revisions custom_pages developer_impersonation_sessions employers field_officers funding_sources gto_complaints incidents mentors opportunities people placements profiles qualifications report_catalog_joins sites state_training_authorities super_admin_action_audit tenant_entity_records tenants training_contracts training_plans training_providers units_of_competency user_preferences,,,,yes,47,3,OK,
/settings/schema-builder,crm7,authenticated,SettingsSchemaBuilder,crm7/src/pages/settings/schema-builder/index.tsx,useChromeless useChromelessState useDocumentTitle usePermissions usePlatformRole useTenantId,developer_impersonation_sessions profiles super_admin_action_audit tenants,developer_impersonation_sessions=RLS_ON_TENANT_SCOPED profiles=RLS_ON_OWNER_SCOPED super_admin_action_audit=RLS_ON_TENANT_SCOPED tenants=RLS_ON_TENANT_SCOPED,audit_logs user_tenants,acting_scope_tenant_id log_tenant_switch,,tenant-management=true,yes,20,0,OK,
/settings/tenant-switch-audit,crm7,authenticated,SettingsTenantSwitchAudit,crm7/src/pages/settings/tenant-switch-audit.tsx,useAuth usePlatformRole useTenantId,audit_logs developer_impersonation_sessions profiles super_admin_action_audit tenant_switch_audit tenants,audit_logs=RLS_ON_OWNER_SCOPED developer_impersonation_sessions=RLS_ON_TENANT_SCOPED profiles=RLS_ON_OWNER_SCOPED super_admin_action_audit=RLS_ON_TENANT_SCOPED tenant_switch_audit=RLS_ON_TENANT_SCOPED tenants=RLS_ON_TENANT_SCOPED,aass_providers apprentice_competencies award_rates clients contacts custom_page_revisions custom_pages employers field_officers funding_sources gto_complaints incidents mentors opportunities people placements qualifications report_catalog_joins sites state_training_authorities tenant_entity_records training_contracts training_plans training_providers units_of_competency user_preferences user_tenants,acting_scope_tenant_id log_tenant_switch,,,yes,72,3,OK,
/settings/tester-licenses,crm7,authenticated,SettingsTesterLicenses,crm7/src/pages/settings/tester-licenses.tsx,useAuth usePlatformRole,developer_impersonation_sessions profiles super_admin_action_audit tenants tester_licenses,developer_impersonation_sessions=RLS_ON_TENANT_SCOPED profiles=RLS_ON_OWNER_SCOPED super_admin_action_audit=RLS_ON_TENANT_SCOPED tenants=RLS_ON_TENANT_SCOPED tester_licenses=RLS_ON_OWNER_SCOPED,aass_providers apprentice_competencies audit_logs award_rates clients contacts custom_page_revisions custom_pages employers field_officers funding_sources gto_complaints incidents mentors opportunities people placements qualifications report_catalog_joins sites state_training_authorities tenant_entity_records training_contracts training_plans training_providers units_of_competency user_preferences user_tenants,convert_tester_to_paid grant_tester_license log_tenant_switch revoke_tester_license,,,yes,62,3,OK,
/settings/timesheet-groups,crm7,authenticated,SettingsTimesheetGroups,crm7/src/pages/settings/timesheet-groups.tsx,useFormField useMutation usePlatformRole useQuery useQueryClient useSensor useSensors useSortable useTenantId,allowance_groups developer_impersonation_sessions pay_item_groups penalty_groups profiles super_admin_action_audit tenants timesheet_groups,allowance_groups=RLS_ON_TENANT_SCOPED developer_impersonation_sessions=RLS_ON_TENANT_SCOPED pay_item_groups=RLS_ON_TENANT_SCOPED penalty_groups=RLS_ON_TENANT_SCOPED profiles=RLS_ON_OWNER_SCOPED super_admin_action_audit=RLS_ON_TENANT_SCOPED tenants=RLS_ON_TENANT_SCOPED timesheet_groups=RLS_ON_TENANT_SCOPED,aass_providers apprentice_competencies audit_logs award_rates clients contacts custom_page_revisions custom_pages employers field_officers funding_sources gto_complaints incidents mentors opportunities people placements qualifications report_catalog_joins sites state_training_authorities tenant_entity_records training_contracts training_plans training_providers units_of_competency user_preferences user_tenants,acting_scope_tenant_id log_tenant_switch reorder_allowance_groups reorder_pay_item_groups reorder_penalty_groups reorder_timesheet_groups,,,yes,65,4,OK,
/settings/users,crm7,authenticated,SettingsUsers,crm7/src/pages/settings/user-management.tsx,useFormField useMutation useQueryClient,profiles user_tenants,profiles=RLS_ON_OWNER_SCOPED user_tenants=RLS_ON_TENANT_SCOPED,aass_providers apprentice_competencies award_rates clients contacts custom_page_revisions custom_pages developer_impersonation_sessions employers field_officers funding_sources gto_complaints incidents mentors opportunities people placements qualifications report_catalog_joins sites state_training_authorities super_admin_action_audit tenant_entity_records tenants training_contracts training_plans training_providers units_of_competency user_preferences,acting_scope_tenant_id set_current_tenant,tenant-management,tenant-management=true,yes,58,3,OK,
/skills,crm7,authenticated,SkillsMatrix,crm7/src/pages/skills/index.tsx,useDocumentTitle usePermissions useSkillRecordStore,people tenants,people=RLS_ON_TENANT_SCOPED tenants=RLS_ON_TENANT_SCOPED,aass_providers apprentice_competencies audit_logs award_rates clients contacts custom_page_revisions custom_pages developer_impersonation_sessions employers field_officers funding_sources gto_complaints incidents mentors opportunities placements profiles qualifications report_catalog_joins sites state_training_authorities super_admin_action_audit tenant_entity_records training_contracts training_plans training_providers units_of_competency user_preferences user_tenants,,,tenant-management=true,yes,85,11,OK,
/tasks,crm7,authenticated,Tasks,crm7/src/pages/tasks/index.tsx,useDocumentTitle usePermissions useTaskStore,batch_charge_rate_quotes charge_rate_quotes compliance_alerts people tenants,batch_charge_rate_quotes=RLS_ON_TENANT_SCOPED charge_rate_quotes=RLS_ON_TENANT_SCOPED compliance_alerts=RLS_ON_TENANT_SCOPED people=RLS_ON_TENANT_SCOPED tenants=RLS_ON_TENANT_SCOPED,aass_providers apprentice_competencies audit_logs award_rates charge_rate_snapshots clients contacts custom_page_revisions custom_pages developer_impersonation_sessions employers field_officers funding_sources govt_integration_logs gto_complaints incidents mentors opportunities placements profiles qualifications report_catalog_joins sites state_training_authorities super_admin_action_audit tenant_entity_records training_contracts training_plans training_providers units_of_competency user_preferences user_tenants wage_calculation_snapshots,,tasks-sync,tasks-sync=true tenant-management=true,yes,182,12,OK,
/tasks/:id,crm7,authenticated,TaskDetail,crm7/src/pages/tasks/[id]/index.tsx,useTaskStore,batch_charge_rate_quotes charge_rate_quotes compliance_alerts,batch_charge_rate_quotes=RLS_ON_TENANT_SCOPED charge_rate_quotes=RLS_ON_TENANT_SCOPED compliance_alerts=RLS_ON_TENANT_SCOPED,aass_providers apprentice_competencies award_rates charge_rate_snapshots clients contacts custom_page_revisions custom_pages developer_impersonation_sessions employers field_officers funding_sources govt_integration_logs gto_complaints incidents mentors opportunities people placements profiles qualifications report_catalog_joins sites state_training_authorities super_admin_action_audit tenant_entity_records tenants training_contracts training_plans training_providers units_of_competency user_preferences user_tenants wage_calculation_snapshots,,,,yes,167,12,OK,
/tasks/:id/edit,crm7,authenticated,TaskEdit,crm7/src/pages/tasks/[id]/edit.tsx,useTaskStore,batch_charge_rate_quotes charge_rate_quotes compliance_alerts,batch_charge_rate_quotes=RLS_ON_TENANT_SCOPED charge_rate_quotes=RLS_ON_TENANT_SCOPED compliance_alerts=RLS_ON_TENANT_SCOPED,aass_providers apprentice_competencies award_rates charge_rate_snapshots clients contacts custom_page_revisions custom_pages developer_impersonation_sessions employers field_officers funding_sources govt_integration_logs gto_complaints incidents mentors opportunities people placements profiles qualifications report_catalog_joins sites state_training_authorities super_admin_action_audit tenant_entity_records tenants training_contracts training_plans training_providers units_of_competency user_preferences user_tenants wage_calculation_snapshots,,,,yes,175,12,OK,
/tasks/create,crm7,authenticated,TaskCreate,crm7/src/pages/tasks/create.tsx,useTaskStore,batch_charge_rate_quotes charge_rate_quotes compliance_alerts,batch_charge_rate_quotes=RLS_ON_TENANT_SCOPED charge_rate_quotes=RLS_ON_TENANT_SCOPED compliance_alerts=RLS_ON_TENANT_SCOPED,aass_providers apprentice_competencies award_rates charge_rate_snapshots clients contacts custom_page_revisions custom_pages developer_impersonation_sessions employers field_officers funding_sources govt_integration_logs gto_complaints incidents mentors opportunities people placements profiles qualifications report_catalog_joins sites state_training_authorities super_admin_action_audit tenant_entity_records tenants training_contracts training_plans training_providers units_of_competency user_preferences user_tenants wage_calculation_snapshots,,,,yes,175,12,OK,
/timesheets,crm7,authenticated,Timesheets,crm7/src/pages/timesheets/[id]/edit.tsx,useDateFormatPreference useFormField useQuery,timesheets user_preferences,timesheets=RLS_ON_TENANT_SCOPED user_preferences=RLS_ON_OWNER_SCOPED,aass_providers apprentice_competencies award_rates clients contacts custom_page_revisions custom_pages developer_impersonation_sessions employers field_officers funding_sources gto_complaints incidents mentors opportunities people placements profiles qualifications report_catalog_joins sites state_training_authorities super_admin_action_audit tenant_entity_records tenants training_contracts training_plans training_providers units_of_competency user_tenants,,,,yes,58,5,OK,
/timesheets/:id,crm7,authenticated,TimesheetDetail,crm7/src/pages/contracts/index.tsx,useDocumentTitle usePermissions usePlatformRole useTenantId,developer_impersonation_sessions host_agreements profiles super_admin_action_audit tenants training_contracts,developer_impersonation_sessions=RLS_ON_TENANT_SCOPED host_agreements=RLS_ON_MIXED profiles=RLS_ON_OWNER_SCOPED super_admin_action_audit=RLS_ON_TENANT_SCOPED tenants=RLS_ON_TENANT_SCOPED training_contracts=RLS_ON_TENANT_SCOPED,aass_providers apprentice_competencies audit_logs award_rates clients contacts custom_page_revisions custom_pages employers field_officers funding_sources gto_complaints incidents mentors opportunities people placements qualifications report_catalog_joins sites state_training_authorities tenant_entity_records training_plans training_providers units_of_competency user_preferences user_tenants,acting_scope_tenant_id log_tenant_switch,,tenant-management=true,yes,62,3,OK,
/timesheets/:id/edit,crm7,authenticated,TimesheetEdit,crm7/src/pages/timesheets/[id]/index.tsx,useAuth usePermissions usePlatformRole usePortalContext useQuery useSearch useTabParam,app_notifications audit_logs developer_impersonation_sessions org_members people profiles super_admin_action_audit tenants timesheet_events timesheets user_tenants wage_calculation_snapshots,app_notifications=RLS_ON_OWNER_SCOPED audit_logs=RLS_ON_OWNER_SCOPED developer_impersonation_sessions=RLS_ON_TENANT_SCOPED org_members=RLS_ON_TENANT_SCOPED people=RLS_ON_TENANT_SCOPED profiles=RLS_ON_OWNER_SCOPED super_admin_action_audit=RLS_ON_TENANT_SCOPED tenants=RLS_ON_TENANT_SCOPED timesheet_events=RLS_ON_TENANT_SCOPED timesheets=RLS_ON_TENANT_SCOPED user_tenants=RLS_ON_TENANT_SCOPED wage_calculation_snapshots=RLS_ON_TENANT_SCOPED,aass_providers apprentice_competencies award_rates clients contacts custom_page_revisions custom_pages employers field_officers funding_sources gto_complaints incidents mentors opportunities placements qualifications report_catalog_joins sites state_training_authorities tenant_entity_records training_contracts training_plans training_providers units_of_competency user_preferences,acting_scope_tenant_id log_tenant_switch,,tenant-management=true,yes,86,3,OK,
/timesheets/create,crm7,authenticated,TimesheetCreate,crm7/src/pages/timesheets/create.tsx,useDateFormatPreference useSearch useTimesheetStore,user_preferences,user_preferences=RLS_ON_OWNER_SCOPED,aass_providers app_notifications apprentice_competencies award_rates clients contacts custom_page_revisions custom_pages developer_impersonation_sessions employers field_officers funding_sources gto_complaints incidents mentors opportunities org_members people placements profiles qualifications report_catalog_joins sites state_training_authorities super_admin_action_audit tenant_entity_records tenants timesheet_events timesheets training_contracts training_plans training_providers units_of_competency user_tenants,,,,n/a,80,16,OK,
/training,crm7,authenticated,Training,crm7/src/pages/training/index.tsx,useDocumentTitle usePermissions useTrainingPlanStore,people tenants,people=RLS_ON_TENANT_SCOPED tenants=RLS_ON_TENANT_SCOPED,aass_providers apprentice_competencies audit_logs award_rates clients contacts custom_page_revisions custom_pages developer_impersonation_sessions employers field_officers funding_sources gto_complaints incidents mentors opportunities placements profiles qualifications report_catalog_joins sites state_training_authorities super_admin_action_audit tenant_entity_records training_contracts training_plans training_providers units_of_competency user_preferences user_tenants,,,tenant-management=true,yes,84,11,OK,
/training-providers,crm7,authenticated,TrainingProviders,crm7/src/pages/training-providers/index.tsx,useQuery useQueryClient,training_providers,training_providers=RLS_ON_TENANT_SCOPED,aass_providers apprentice_competencies award_rates clients contacts custom_page_revisions custom_pages developer_impersonation_sessions employers field_officers funding_sources gto_complaints incidents mentors opportunities people placements profiles qualifications report_catalog_joins sites state_training_authorities super_admin_action_audit tenant_entity_records tenants training_contracts training_plans units_of_competency user_preferences user_tenants,sync_training_provider_from_tga,,,yes,70,3,OK,
/training-providers/:id,crm7,authenticated,TrainingProviderDetail,crm7/src/pages/training-providers/[id].tsx,useDocumentCategoryPolicies useDownloadDocument useEntityDocuments useMutation usePlatformRole useQuery useQueryClient useSearch useTabParam useTenantId useUploadDocument useVerificationHistory useVerifyDocument,developer_impersonation_sessions document_access_log document_categories document_metadata document_verification_events people profiles qualifications super_admin_action_audit tenants training_contracts training_provider_organisations training_provider_qualifications training_providers,developer_impersonation_sessions=RLS_ON_TENANT_SCOPED document_access_log=RLS_ON_TENANT_SCOPED document_categories=RLS_ON_TENANT_SCOPED document_metadata=RLS_ON_TENANT_SCOPED document_verification_events=RLS_ON_TENANT_SCOPED people=RLS_ON_TENANT_SCOPED profiles=RLS_ON_OWNER_SCOPED qualifications=RLS_ON_TENANT_SCOPED super_admin_action_audit=RLS_ON_TENANT_SCOPED tenants=RLS_ON_TENANT_SCOPED training_contracts=RLS_ON_TENANT_SCOPED training_provider_organisations=RLS_ON_TENANT_SCOPED training_provider_qualifications=RLS_ON_PERMISSIVE training_providers=RLS_ON_TENANT_SCOPED,aass_providers apprentice_competencies audit_logs award_rates clients contacts custom_page_revisions custom_pages employers field_officers funding_sources gto_complaints incidents mentors opportunities placements report_catalog_joins sites state_training_authorities tenant_entity_records training_plans units_of_competency user_preferences user_tenants,acting_scope_tenant_id get_documents_eligible_for_destruction link_training_provider_to_organisation log_tenant_switch,document-encryption tga-search,document-encryption=true tga-search=true,yes,91,6,OK,
/training-providers/new,crm7,authenticated,TrainingProviderCreate,crm7/src/pages/training-providers/new.tsx,useDocumentTitle usePermissions usePlatformRole useTenantId,developer_impersonation_sessions profiles super_admin_action_audit tenants training_providers,developer_impersonation_sessions=RLS_ON_TENANT_SCOPED profiles=RLS_ON_OWNER_SCOPED super_admin_action_audit=RLS_ON_TENANT_SCOPED tenants=RLS_ON_TENANT_SCOPED training_providers=RLS_ON_TENANT_SCOPED,audit_logs user_tenants,acting_scope_tenant_id log_tenant_switch,,tenant-management=true,yes,27,0,OK,
/training/plans,crm7,authenticated,TrainingPlanList,crm7/src/pages/training/plans/index.tsx,useReactTable useTablePreferences useTrainingPlanStore,people tenants training_plans user_preferences,people=RLS_ON_TENANT_SCOPED tenants=RLS_ON_TENANT_SCOPED training_plans=RLS_ON_MIXED user_preferences=RLS_ON_OWNER_SCOPED,aass_providers apprentice_competencies audit_logs award_rates clients contacts custom_page_revisions custom_pages developer_impersonation_sessions employers field_officers funding_sources gto_complaints incidents mentors opportunities placements profiles qualifications report_catalog_joins sites state_training_authorities super_admin_action_audit tenant_entity_records training_contracts training_providers units_of_competency user_tenants,,,,yes,79,12,OK,
/training/plans/:id,crm7,authenticated,TrainingPlanDetail,crm7/src/pages/training/plans/[id]/index.tsx,useAssignedUnitCodes useMutation useQualificationUnits useQuery useQueryClient useRoute useSearch useTabParam useTrainingPlanActivity useTrainingPlanDetail useTrainingPlanUnits,audit_logs people qualification_units tenants training_plan_units training_plans,audit_logs=RLS_ON_OWNER_SCOPED people=RLS_ON_TENANT_SCOPED qualification_units=RLS_ON_PERMISSIVE tenants=RLS_ON_TENANT_SCOPED training_plan_units=RLS_ON_TENANT_SCOPED training_plans=RLS_ON_MIXED,aass_providers apprentice_competencies award_rates clients contacts custom_page_revisions custom_pages developer_impersonation_sessions employers field_officers funding_sources gto_complaints incidents mentors opportunities placements profiles qualifications report_catalog_joins sites state_training_authorities super_admin_action_audit tenant_entity_records training_contracts training_providers units_of_competency user_preferences user_tenants,acting_scope_tenant_id,,,yes,75,3,OK,
/training/plans/:id/edit,crm7,authenticated,TrainingPlanEdit,crm7/src/pages/training/plans/[id]/edit.tsx,useDateFormatPreference useFormField useMutation useQuery useRoute useSchemaReflection,aass_providers qualifications training_plan_units training_plans training_providers user_preferences,aass_providers=RLS_ON_TENANT_SCOPED qualifications=RLS_ON_TENANT_SCOPED training_plan_units=RLS_ON_TENANT_SCOPED training_plans=RLS_ON_MIXED training_providers=RLS_ON_TENANT_SCOPED user_preferences=RLS_ON_OWNER_SCOPED,apprentice_competencies award_rates clients contacts custom_page_revisions custom_pages developer_impersonation_sessions employers field_officers funding_sources gto_complaints incidents mentors opportunities people placements profiles report_catalog_joins sites state_training_authorities super_admin_action_audit tenant_entity_records tenants training_contracts training_provider_qualifications units_of_competency user_tenants,import_qualification_from_catalog,,tga-search=true,yes,114,13,OK,
/training/plans/create,crm7,authenticated,TrainingPlanCreate,crm7/src/pages/training/plans/create.tsx,useDateFormatPreference useTrainingPlanStore,aass_providers qualifications training_providers user_preferences,aass_providers=RLS_ON_TENANT_SCOPED qualifications=RLS_ON_TENANT_SCOPED training_providers=RLS_ON_TENANT_SCOPED user_preferences=RLS_ON_OWNER_SCOPED,apprentice_competencies award_rates clients contacts custom_page_revisions custom_pages developer_impersonation_sessions employers field_officers funding_sources gto_complaints incidents mentors opportunities people placements profiles report_catalog_joins sites state_training_authorities super_admin_action_audit tenant_entity_records tenants training_contracts training_plans training_provider_qualifications units_of_competency user_tenants,import_qualification_from_catalog,,tga-search=true,yes,107,13,OK,
/training/schedules/:id,crm7,authenticated,TrainingScheduleDetail,crm7/src/pages/training/schedules/[id].tsx,useTrainingPlanStore,,,aass_providers apprentice_competencies award_rates clients contacts custom_page_revisions custom_pages developer_impersonation_sessions employers field_officers funding_sources gto_complaints incidents mentors opportunities people placements profiles qualifications report_catalog_joins sites state_training_authorities super_admin_action_audit tenant_entity_records tenants training_contracts training_plans training_providers units_of_competency user_preferences user_tenants,,,,n/a,62,11,OK,
/vet,crm7,authenticated,VET,crm7/src/pages/vet/assessments/index.tsx,useAssessmentStore useDocumentTitle useMutation usePermissions,batch_charge_rate_quotes charge_rate_quotes compliance_alerts error_log people vet_assessments,batch_charge_rate_quotes=RLS_ON_TENANT_SCOPED charge_rate_quotes=RLS_ON_TENANT_SCOPED compliance_alerts=RLS_ON_TENANT_SCOPED error_log=RLS_ON_OWNER_SCOPED people=RLS_ON_TENANT_SCOPED vet_assessments=RLS_ON_TENANT_SCOPED,aass_providers apprentice_competencies audit_logs award_rates charge_rate_snapshots clients contacts custom_page_revisions custom_pages developer_impersonation_sessions employers field_officers funding_sources govt_integration_logs gto_complaints incidents mentors opportunities placements profiles qualifications report_catalog_joins sites state_training_authorities super_admin_action_audit tenant_entity_records tenants training_contracts training_plans training_providers units_of_competency user_preferences user_tenants wage_calculation_snapshots,,,tenant-management=true,yes,180,12,OK,
/vet/assessments,crm7,authenticated,VETAssessments,crm7/src/pages/vet/assessments/create.tsx,useAssessmentStore useQuery,batch_charge_rate_quotes charge_rate_quotes compliance_alerts people vet_assessments,batch_charge_rate_quotes=RLS_ON_TENANT_SCOPED charge_rate_quotes=RLS_ON_TENANT_SCOPED compliance_alerts=RLS_ON_TENANT_SCOPED people=RLS_ON_TENANT_SCOPED vet_assessments=RLS_ON_TENANT_SCOPED,aass_providers apprentice_competencies award_rates charge_rate_snapshots clients contacts custom_page_revisions custom_pages developer_impersonation_sessions employers field_officers funding_sources govt_integration_logs gto_complaints incidents mentors opportunities placements profiles qualifications report_catalog_joins sites state_training_authorities super_admin_action_audit tenant_entity_records tenants training_contracts training_plans training_providers units_of_competency user_preferences user_tenants wage_calculation_snapshots,,,,yes,185,12,OK,
/vet/assessments/:id,crm7,authenticated,VETAssessmentDetail,crm7/src/pages/vet/assessments/[id]/edit.tsx,useAssessmentStore useQuery,batch_charge_rate_quotes charge_rate_quotes compliance_alerts people vet_assessments,batch_charge_rate_quotes=RLS_ON_TENANT_SCOPED charge_rate_quotes=RLS_ON_TENANT_SCOPED compliance_alerts=RLS_ON_TENANT_SCOPED people=RLS_ON_TENANT_SCOPED vet_assessments=RLS_ON_TENANT_SCOPED,aass_providers apprentice_competencies award_rates charge_rate_snapshots clients contacts custom_page_revisions custom_pages developer_impersonation_sessions employers field_officers funding_sources govt_integration_logs gto_complaints incidents mentors opportunities placements profiles qualifications report_catalog_joins sites state_training_authorities super_admin_action_audit tenant_entity_records tenants training_contracts training_plans training_providers units_of_competency user_preferences user_tenants wage_calculation_snapshots,,,,yes,189,12,OK,
/vet/assessments/:id/edit,crm7,authenticated,VETAssessmentEdit,crm7/src/pages/vet/qualifications/index.tsx,useDocumentTitle useMutation usePermissions useQueryClient useReactTable useTablePreferences,qualifications user_preferences,qualifications=RLS_ON_TENANT_SCOPED user_preferences=RLS_ON_OWNER_SCOPED,audit_logs developer_impersonation_sessions profiles super_admin_action_audit tenants user_tenants,,,tenant-management=true,yes,57,1,OK,
/vet/assessments/create,crm7,authenticated,VETAssessmentCreate,crm7/src/pages/vet/assessments/[id]/index.tsx,useAssessmentStore useQuery,batch_charge_rate_quotes charge_rate_quotes compliance_alerts people vet_assessments,batch_charge_rate_quotes=RLS_ON_TENANT_SCOPED charge_rate_quotes=RLS_ON_TENANT_SCOPED compliance_alerts=RLS_ON_TENANT_SCOPED people=RLS_ON_TENANT_SCOPED vet_assessments=RLS_ON_TENANT_SCOPED,aass_providers apprentice_competencies award_rates charge_rate_snapshots clients contacts custom_page_revisions custom_pages developer_impersonation_sessions employers field_officers funding_sources govt_integration_logs gto_complaints incidents mentors opportunities placements profiles qualifications report_catalog_joins sites state_training_authorities super_admin_action_audit tenant_entity_records tenants training_contracts training_plans training_providers units_of_competency user_preferences user_tenants wage_calculation_snapshots,,,,yes,175,12,OK,
/vet/qualifications,crm7,authenticated,VETQualifications,crm7/src/pages/vet/qualifications/create.tsx,useFormField useQualificationStore,batch_charge_rate_quotes charge_rate_quotes compliance_alerts,batch_charge_rate_quotes=RLS_ON_TENANT_SCOPED charge_rate_quotes=RLS_ON_TENANT_SCOPED compliance_alerts=RLS_ON_TENANT_SCOPED,aass_providers apprentice_competencies award_rates charge_rate_snapshots clients contacts custom_page_revisions custom_pages developer_impersonation_sessions employers field_officers funding_sources govt_integration_logs gto_complaints incidents mentors opportunities people placements profiles qualifications report_catalog_joins sites state_training_authorities super_admin_action_audit tenant_entity_records tenants training_contracts training_plans training_providers units_of_competency user_preferences user_tenants wage_calculation_snapshots,,,,yes,169,12,OK,
/vet/qualifications/:id,crm7,authenticated,VETQualificationDetail,crm7/src/pages/vet/qualifications/[id]/edit.tsx,useDateFormatPreference useFormField useMutation usePlatformRole useQueryClient useTenantId,developer_impersonation_sessions profiles qualifications super_admin_action_audit tenants user_preferences,developer_impersonation_sessions=RLS_ON_TENANT_SCOPED profiles=RLS_ON_OWNER_SCOPED qualifications=RLS_ON_TENANT_SCOPED super_admin_action_audit=RLS_ON_TENANT_SCOPED tenants=RLS_ON_TENANT_SCOPED user_preferences=RLS_ON_OWNER_SCOPED,aass_providers apprentice_competencies audit_logs award_rates clients contacts custom_page_revisions custom_pages employers field_officers funding_sources gto_complaints incidents mentors opportunities people placements report_catalog_joins sites state_training_authorities tenant_entity_records training_contracts training_plans training_providers units_of_competency user_tenants,acting_scope_tenant_id log_tenant_switch,tga-search,tga-search=true,yes,65,3,OK,
/vet/qualifications/:id/edit,crm7,authenticated,VETQualificationEdit,crm7/src/pages/vet/qualifications/[id]/structure.tsx,useMutation,error_log qualification_units qualifications units_of_competency,error_log=RLS_ON_OWNER_SCOPED qualification_units=RLS_ON_PERMISSIVE qualifications=RLS_ON_TENANT_SCOPED units_of_competency=RLS_ON_TENANT_SCOPED,aass_providers apprentice_competencies award_rates clients contacts custom_page_revisions custom_pages developer_impersonation_sessions employers field_officers funding_sources gto_complaints incidents mentors opportunities people placements profiles report_catalog_joins sites state_training_authorities super_admin_action_audit tenant_entity_records tenants training_contracts training_plans training_providers user_preferences user_tenants,,,,yes,55,3,OK,
/vet/qualifications/:id/structure,crm7,authenticated,VETQualificationStructure,crm7/src/pages/vet/training-packages/create.tsx,useDateFormatPreference useFormField useMutation useTrainingPackageStore,error_log user_preferences,error_log=RLS_ON_OWNER_SCOPED user_preferences=RLS_ON_OWNER_SCOPED,aass_providers apprentice_competencies award_rates clients contacts custom_page_revisions custom_pages developer_impersonation_sessions employers field_officers funding_sources gto_complaints incidents mentors opportunities people placements profiles qualifications report_catalog_joins sites state_training_authorities super_admin_action_audit tenant_entity_records tenants training_contracts training_plans training_providers units_of_competency user_tenants,,,,n/a,71,11,OK,
/vet/qualifications/create,crm7,authenticated,VETQualificationCreate,crm7/src/pages/vet/qualifications/import.tsx,useAuth useMutation usePortalContext useTenantId,error_log tenants user_tenants,error_log=RLS_ON_OWNER_SCOPED tenants=RLS_ON_TENANT_SCOPED user_tenants=RLS_ON_TENANT_SCOPED,aass_providers apprentice_competencies audit_logs award_rates clients contacts custom_page_revisions custom_pages developer_impersonation_sessions employers field_officers funding_sources gto_complaints incidents mentors opportunities people placements profiles qualifications report_catalog_joins sites state_training_authorities super_admin_action_audit tenant_entity_records training_contracts training_plans training_providers units_of_competency user_preferences,,tenant-management tga-search,tenant-management=true tga-search=true,yes,61,3,OK,
/vet/qualifications/import,crm7,authenticated,VETQualificationImport,crm7/src/pages/vet/qualifications/[id]/index.tsx,useMutation useQueryClient useSearch,audit_logs qualifications,audit_logs=RLS_ON_OWNER_SCOPED qualifications=RLS_ON_TENANT_SCOPED,,,,,yes,41,0,OK,
/vet/training-packages,crm7,authenticated,VETTrainingPackages,crm7/src/pages/vet/training-packages/[id]/index.tsx,,training_packages,training_packages=RLS_ON_TENANT_SCOPED,aass_providers apprentice_competencies award_rates clients contacts custom_page_revisions custom_pages developer_impersonation_sessions employers field_officers funding_sources gto_complaints incidents mentors opportunities people placements profiles qualifications report_catalog_joins sites state_training_authorities super_admin_action_audit tenant_entity_records tenants training_contracts training_plans training_providers units_of_competency user_preferences user_tenants,,,,yes,47,3,OK,
/vet/training-packages/:id,crm7,authenticated,VETTrainingPackageDetail,crm7/src/pages/vet/units/index.tsx,useDocumentTitle usePermissions useTrainingPackageStore useUnitStore,batch_charge_rate_quotes charge_rate_quotes compliance_alerts people tenants,batch_charge_rate_quotes=RLS_ON_TENANT_SCOPED charge_rate_quotes=RLS_ON_TENANT_SCOPED compliance_alerts=RLS_ON_TENANT_SCOPED people=RLS_ON_TENANT_SCOPED tenants=RLS_ON_TENANT_SCOPED,aass_providers apprentice_competencies audit_logs award_rates charge_rate_snapshots clients contacts custom_page_revisions custom_pages developer_impersonation_sessions employers field_officers funding_sources govt_integration_logs gto_complaints incidents mentors opportunities placements profiles qualifications report_catalog_joins sites state_training_authorities super_admin_action_audit tenant_entity_records training_contracts training_plans training_providers units_of_competency user_preferences user_tenants wage_calculation_snapshots,,tga-units-sync,tga-units-sync=true tenant-management=true,yes,176,12,OK,
/vet/training-packages/:id/edit,crm7,authenticated,VETTrainingPackageEdit,crm7/src/pages/field-officers/case-notes/[id]/edit.tsx,useDateFormatPreference,user_preferences,user_preferences=RLS_ON_OWNER_SCOPED,aass_providers apprentice_competencies award_rates clients contacts custom_page_revisions custom_pages developer_impersonation_sessions employers field_officers funding_sources gto_complaints incidents mentors opportunities people placements profiles qualifications report_catalog_joins sites state_training_authorities super_admin_action_audit tenant_entity_records tenants training_contracts training_plans training_providers units_of_competency user_tenants,,,,n/a,51,3,OK,
/vet/training-packages/create,crm7,authenticated,VETTrainingPackageCreate,crm7/src/pages/vet/training-packages/index.tsx,useDocumentTitle useMutation usePermissions useTrainingPackageStore,error_log training_packages,error_log=RLS_ON_OWNER_SCOPED training_packages=RLS_ON_TENANT_SCOPED,aass_providers apprentice_competencies audit_logs award_rates clients contacts custom_page_revisions custom_pages developer_impersonation_sessions employers field_officers funding_sources gto_complaints incidents mentors opportunities people placements profiles qualifications report_catalog_joins sites state_training_authorities super_admin_action_audit tenant_entity_records tenants training_contracts training_plans training_providers units_of_competency user_preferences user_tenants,,,tenant-management=true,yes,68,11,OK,
/vet/units,crm7,authenticated,VETUnits,crm7/src/pages/vet/units/create.tsx,useFormField useUnitStore,batch_charge_rate_quotes charge_rate_quotes compliance_alerts,batch_charge_rate_quotes=RLS_ON_TENANT_SCOPED charge_rate_quotes=RLS_ON_TENANT_SCOPED compliance_alerts=RLS_ON_TENANT_SCOPED,aass_providers apprentice_competencies award_rates charge_rate_snapshots clients contacts custom_page_revisions custom_pages developer_impersonation_sessions employers field_officers funding_sources govt_integration_logs gto_complaints incidents mentors opportunities people placements profiles qualifications report_catalog_joins sites state_training_authorities super_admin_action_audit tenant_entity_records tenants training_contracts training_plans training_providers units_of_competency user_preferences user_tenants wage_calculation_snapshots,,,,yes,169,12,OK,
/vet/units/:id,crm7,authenticated,VETUnitDetail,crm7/src/pages/vet/units/[id]/edit.tsx,useFormField useUnitStore,batch_charge_rate_quotes charge_rate_quotes compliance_alerts,batch_charge_rate_quotes=RLS_ON_TENANT_SCOPED charge_rate_quotes=RLS_ON_TENANT_SCOPED compliance_alerts=RLS_ON_TENANT_SCOPED,aass_providers apprentice_competencies award_rates charge_rate_snapshots clients contacts custom_page_revisions custom_pages developer_impersonation_sessions employers field_officers funding_sources govt_integration_logs gto_complaints incidents mentors opportunities people placements profiles qualifications report_catalog_joins sites state_training_authorities super_admin_action_audit tenant_entity_records tenants training_contracts training_plans training_providers units_of_competency user_preferences user_tenants wage_calculation_snapshots,,,,yes,173,12,OK,
/vet/units/:id/edit,crm7,authenticated,VETUnitEdit,crm7/src/pages/training/index.tsx,useDocumentTitle usePermissions useTrainingPlanStore,people tenants,people=RLS_ON_TENANT_SCOPED tenants=RLS_ON_TENANT_SCOPED,aass_providers apprentice_competencies audit_logs award_rates clients contacts custom_page_revisions custom_pages developer_impersonation_sessions employers field_officers funding_sources gto_complaints incidents mentors opportunities placements profiles qualifications report_catalog_joins sites state_training_authorities super_admin_action_audit tenant_entity_records training_contracts training_plans training_providers units_of_competency user_preferences user_tenants,,,tenant-management=true,yes,84,11,OK,
/vet/units/create,crm7,authenticated,VETUnitCreate,crm7/src/pages/vet/units/[id]/index.tsx,,,,aass_providers apprentice_competencies award_rates clients contacts custom_page_revisions custom_pages developer_impersonation_sessions employers field_officers funding_sources gto_complaints incidents mentors opportunities people placements profiles qualifications report_catalog_joins sites state_training_authorities super_admin_action_audit tenant_entity_records tenants training_contracts training_plans training_providers units_of_competency user_preferences user_tenants,,,,n/a,46,3,OK,
/whs,crm7,authenticated,WHS,crm7/src/pages/whs/host-employers/index.tsx,useDocumentTitle useHostEmployerStore usePermissions,,,aass_providers apprentice_competencies audit_logs award_rates batch_charge_rate_quotes charge_rate_quotes charge_rate_snapshots clients compliance_alerts contacts custom_page_revisions custom_pages developer_impersonation_sessions employers field_officers funding_sources govt_integration_logs gto_complaints incidents mentors opportunities people placements profiles qualifications report_catalog_joins sites state_training_authorities super_admin_action_audit tenant_entity_records tenants training_contracts training_plans training_providers units_of_competency user_preferences user_tenants wage_calculation_snapshots,,,tenant-management=true,n/a,169,11,OK,
/whs/host-employers,crm7,authenticated,WHSHostEmployers,crm7/src/pages/whs/incidents/index.tsx,useDocumentTitle useMutation usePermissions useWhsIncidentStore,,,aass_providers apprentice_competencies audit_logs award_rates clients contacts custom_page_revisions custom_pages developer_impersonation_sessions employers field_officers funding_sources gto_complaints incidents mentors opportunities people placements profiles qualifications report_catalog_joins sites state_training_authorities super_admin_action_audit tenant_entity_records tenants training_contracts training_plans training_providers units_of_competency user_preferences user_tenants,,,tenant-management=true,n/a,81,11,OK,
/whs/incidents,crm7,authenticated,WHSIncidents,crm7/src/pages/whs/inspections/index.tsx,useDocumentTitle usePermissions,inspection_checklists inspections,inspection_checklists=RLS_ON_TENANT_SCOPED inspections=RLS_ON_TENANT_SCOPED,aass_providers apprentice_competencies audit_logs award_rates clients contacts custom_page_revisions custom_pages developer_impersonation_sessions employers field_officers funding_sources gto_complaints incidents mentors opportunities people placements profiles qualifications report_catalog_joins sites state_training_authorities super_admin_action_audit tenant_entity_records tenants training_contracts training_plans training_providers units_of_competency user_preferences user_tenants,,,tenant-management=true,n/a,56,3,OK,
/whs/incidents/new,crm7,authenticated,WHSIncidentNew,crm7/src/pages/whs/inspections/schedule.tsx,useDateFormatPreference useWorkplaceInspectionStore,aass_providers qualifications training_providers user_preferences,aass_providers=RLS_ON_TENANT_SCOPED qualifications=RLS_ON_TENANT_SCOPED training_providers=RLS_ON_TENANT_SCOPED user_preferences=RLS_ON_OWNER_SCOPED,apprentice_competencies award_rates clients contacts custom_page_revisions custom_pages developer_impersonation_sessions employers field_officers funding_sources gto_complaints incidents mentors opportunities people placements profiles report_catalog_joins sites state_training_authorities super_admin_action_audit tenant_entity_records tenants training_contracts training_plans training_provider_qualifications units_of_competency user_tenants,import_qualification_from_catalog,,tga-search=true,yes,107,13,OK,
/whs/inspections,crm7,authenticated,WHSInspections,crm7/src/pages/whs/reports/index.tsx,useDocumentTitle usePermissions,report_configs report_executions report_templates,report_configs=RLS_ON_TENANT_SCOPED report_executions=RLS_ON_TENANT_SCOPED report_templates=RLS_ON_TENANT_SCOPED,aass_providers apprentice_competencies audit_logs award_rates clients contacts custom_page_revisions custom_pages developer_impersonation_sessions employers field_officers funding_sources gto_complaints incidents mentors opportunities people placements profiles qualifications report_catalog_joins sites state_training_authorities super_admin_action_audit tenant_entity_records tenants training_contracts training_plans training_providers units_of_competency user_preferences user_tenants,,,tenant-management=true,yes,56,3,OK,
/whs/inspections/schedule,crm7,authenticated,WHSInspectionSchedule,crm7/src/pages/whs/training/assign.tsx,,,,,,,,n/a,1,0,NO_DATA_PATH,"static route: no table, rpc or edge function reachable in 1 files"
/whs/policies,crm7,authenticated,WHSPolicies,crm7/src/pages/whs/risk-assessments.tsx,useWhsRiskAssessmentStore,whs_risk_assessments,whs_risk_assessments=RLS_ON_TENANT_SCOPED,aass_providers apprentice_competencies award_rates clients contacts custom_page_revisions custom_pages developer_impersonation_sessions employers field_officers funding_sources gto_complaints incidents mentors opportunities people placements profiles qualifications report_catalog_joins sites state_training_authorities super_admin_action_audit tenant_entity_records tenants training_contracts training_plans training_providers units_of_competency user_preferences user_tenants,auth_tenant_id,,,yes,69,11,OK,
/whs/reports,crm7,authenticated,WHSReports,crm7/src/pages/whs/training/index.tsx,useDocumentTitle useMutation usePermissions useQueryClient,whs_training_modules,whs_training_modules=RLS_ON_TENANT_SCOPED,aass_providers apprentice_competencies audit_logs award_rates clients contacts custom_page_revisions custom_pages developer_impersonation_sessions employers field_officers funding_sources gto_complaints incidents mentors opportunities people placements profiles qualifications report_catalog_joins sites state_training_authorities super_admin_action_audit tenant_entity_records tenants training_contracts training_plans training_providers units_of_competency user_preferences user_tenants,auth_tenant_id,,tenant-management=true,yes,57,3,OK,
/whs/reports/advanced,crm7,authenticated,WHSReportsAdvanced,crm7/src/pages/field-officers/case-notes/create.tsx,useCaseNoteStore useDateFormatPreference,user_preferences,user_preferences=RLS_ON_OWNER_SCOPED,aass_providers apprentice_competencies award_rates clients contacts custom_page_revisions custom_pages developer_impersonation_sessions employers field_officers funding_sources gto_complaints incidents mentors opportunities people placements profiles qualifications report_catalog_joins sites state_training_authorities super_admin_action_audit tenant_entity_records tenants training_contracts training_plans training_providers units_of_competency user_tenants,,,,n/a,66,11,OK,
/whs/return-to-work,crm7,authenticated,WHSReturnToWork,crm7/src/pages/whs/return-to-work/create.tsx,useDateFormatPreference useRTWPlanStore,aass_providers qualifications training_providers user_preferences,aass_providers=RLS_ON_TENANT_SCOPED qualifications=RLS_ON_TENANT_SCOPED training_providers=RLS_ON_TENANT_SCOPED user_preferences=RLS_ON_OWNER_SCOPED,apprentice_competencies award_rates clients contacts custom_page_revisions custom_pages developer_impersonation_sessions employers field_officers funding_sources gto_complaints incidents mentors opportunities people placements profiles report_catalog_joins sites state_training_authorities super_admin_action_audit tenant_entity_records tenants training_contracts training_plans training_provider_qualifications units_of_competency user_tenants,import_qualification_from_catalog,,tga-search=true,yes,105,13,OK,
/whs/return-to-work/:id,crm7,authenticated,WHSReturnToWorkDetail,crm7/src/pages/whs/workflow/index.tsx,useDocumentTitle usePermissions,workflow_followup_tasks workflow_triggers,workflow_followup_tasks=RLS_ON_TENANT_SCOPED workflow_triggers=RLS_ON_TENANT_SCOPED,aass_providers apprentice_competencies audit_logs award_rates clients contacts custom_page_revisions custom_pages developer_impersonation_sessions employers field_officers funding_sources gto_complaints incidents mentors opportunities people placements profiles qualifications report_catalog_joins sites state_training_authorities super_admin_action_audit tenant_entity_records tenants training_contracts training_plans training_providers units_of_competency user_preferences user_tenants,,,tenant-management=true,n/a,50,3,OK,
/whs/return-to-work/create,crm7,authenticated,WHSReturnToWorkCreate,crm7/src/pages/whs/return-to-work/[id]/index.tsx,useDateFormatPreference useRTWMilestoneStore useRTWPlanStore useRoute,people tenants user_preferences,people=RLS_ON_TENANT_SCOPED tenants=RLS_ON_TENANT_SCOPED user_preferences=RLS_ON_OWNER_SCOPED,aass_providers apprentice_competencies award_rates clients contacts custom_page_revisions custom_pages developer_impersonation_sessions employers field_officers funding_sources gto_complaints incidents mentors opportunities placements profiles qualifications report_catalog_joins sites state_training_authorities super_admin_action_audit tenant_entity_records training_contracts training_plans training_providers units_of_competency user_tenants,,,,yes,72,11,OK,
/whs/risk-assessments,crm7,authenticated,WHSRiskAssessments,crm7/src/pages/compliance/usi-verification.tsx,useDateFormatPreference,people tenants user_preferences,people=RLS_ON_TENANT_SCOPED tenants=RLS_ON_TENANT_SCOPED user_preferences=RLS_ON_OWNER_SCOPED,aass_providers apprentice_competencies award_rates clients contacts custom_page_revisions custom_pages developer_impersonation_sessions employers field_officers funding_sources gto_complaints incidents mentors opportunities placements profiles qualifications report_catalog_joins sites state_training_authorities super_admin_action_audit tenant_entity_records training_contracts training_plans training_providers units_of_competency user_tenants,,,,yes,76,3,OK,
/whs/training,crm7,authenticated,WHSTraining,crm7/src/pages/whs/return-to-work/index.tsx,useDocumentTitle usePermissions useRTWPlanStore,people tenants,people=RLS_ON_TENANT_SCOPED tenants=RLS_ON_TENANT_SCOPED,aass_providers apprentice_competencies audit_logs award_rates clients contacts custom_page_revisions custom_pages developer_impersonation_sessions employers field_officers funding_sources gto_complaints incidents mentors opportunities placements profiles qualifications report_catalog_joins sites state_training_authorities super_admin_action_audit tenant_entity_records training_contracts training_plans training_providers units_of_competency user_preferences user_tenants,,,tenant-management=true,yes,67,11,OK,
/whs/training/assign,crm7,authenticated,WHSTrainingAssign,crm7/src/pages/whs/reports/advanced.tsx,,,,,,,,n/a,1,0,NO_DATA_PATH,"static route: no table, rpc or edge function reachable in 1 files"
/whs/workflow,crm7,authenticated,WHSWorkflow,crm7/src/pages/whs/policies.tsx,useWhsPolicyStore,,,aass_providers apprentice_competencies award_rates clients contacts custom_page_revisions custom_pages developer_impersonation_sessions employers field_officers funding_sources gto_complaints incidents mentors opportunities people placements profiles qualifications report_catalog_joins sites state_training_authorities super_admin_action_audit tenant_entity_records tenants training_contracts training_plans training_providers units_of_competency user_preferences user_tenants,,,,n/a,55,11,OK,
/workflows,crm7,authenticated,Workflows,crm7/src/pages/workflows/index.tsx,useAuth useDocumentTitle usePermissions useSensor useSensors useSortable useWorkflowStore,audit_logs,audit_logs=RLS_ON_OWNER_SCOPED,aass_providers apprentice_competencies award_rates clients contacts custom_page_revisions custom_pages developer_impersonation_sessions employers field_officers funding_sources gto_complaints incidents mentors opportunities people placements profiles qualifications report_catalog_joins sites state_training_authorities super_admin_action_audit tenant_entity_records tenants training_contracts training_plans training_providers units_of_competency user_preferences user_tenants,acting_scope_tenant_id,,tenant-management=true,n/a,63,3,OK,
*,r80,public,NotFound,R80.4/src/pages/NotFound.tsx,,,,,,,,n/a,2,0,NO_DATA_PATH,"static route: no table, rpc or edge function reachable in 2 files"
/,r80,public,ChargeCalculator,R80.4/charge-calculator-v9-2.tsx,useMasonrySpan usePctWages useSensor useSensors useSortable,profiles user_tenants,profiles=RLS_ON_OWNER_SCOPED user_tenants=RLS_ON_TENANT_SCOPED,,branding_json_for_tenant,,,yes,114,5,OK,
/auth/callback,r80,public,AuthCallback,R80.4/src/pages/AuthCallback.tsx,,,,,branding_json_for_tenant,,,n/a,8,0,OK,
/auth/login,r80,public,AuthLogin,R80.4/src/pages/AuthLogin.tsx,,,,,,,,n/a,6,0,NO_DATA_PATH,"static route: no table, rpc or edge function reachable in 6 files"
/calculate,r80,public,ChargeCalculator,R80.4/charge-calculator-v9-2.tsx,useMasonrySpan usePctWages useSensor useSensors useSortable,profiles user_tenants,profiles=RLS_ON_OWNER_SCOPED user_tenants=RLS_ON_TENANT_SCOPED,,branding_json_for_tenant,,,yes,114,5,OK,
/,throughput,authenticated,Dashboard,throughput/src/pages/Dashboard.tsx,useAuth,ideas,ideas=RLS_ON_OWNER_SCOPED,,update_idea_capture_order,,,n/a,21,0,OK,
/*,throughput,authenticated,Navigate,,,,,,,,,,0,0,REDIRECT,"route is a redirect, no data path of its own"
/analytics,throughput,authenticated,Analytics,throughput/src/pages/Analytics.tsx,useAuth,idea_analytics,idea_analytics=RLS_ON_OWNER_SCOPED,profiles,get_user_analytics_summary,,,n/a,16,0,OK,
/auth/callback,throughput,public,AuthCallback,throughput/src/pages/auth/AuthCallback.tsx,,,,,,,,n/a,4,0,NO_DATA_PATH,"static route: no table, rpc or edge function reachable in 4 files"
/auth/login,throughput,public,Login,throughput/src/pages/Login.tsx,,,,,,,,n/a,4,0,NO_DATA_PATH,"static route: no table, rpc or edge function reachable in 4 files"
/ideas/:id,throughput,authenticated,IdeaDetail,throughput/src/pages/IdeaDetail.tsx,useAuth useNotifications useOnClickOutside,collaboration_sessions comments idea_analytics idea_versions ideas team_workspaces workspace_ideas workspace_invitations,collaboration_sessions=RLS_ON_PERMISSIVE comments=RLS_ON_OWNER_SCOPED idea_analytics=RLS_ON_OWNER_SCOPED idea_versions=RLS_ON_OWNER_SCOPED ideas=RLS_ON_OWNER_SCOPED team_workspaces=RLS_ON_PERMISSIVE workspace_ideas=RLS_ON_PERMISSIVE workspace_invitations=RLS_ON_PERMISSIVE,profiles,,,,n/a,42,0,OK,
/ideas/:id/business-plan,throughput,authenticated,BusinessPlan,throughput/src/pages/BusinessPlan.tsx,useAuth,ideas,ideas=RLS_ON_OWNER_SCOPED,profiles,,,,n/a,18,0,OK,
/ideas/:id/export,throughput,authenticated,Export,throughput/src/pages/Export.tsx,,ideas,ideas=RLS_ON_OWNER_SCOPED,,,,,n/a,4,0,OK,
/ideas/:id/research,throughput,authenticated,Research,throughput/src/pages/Research.tsx,useAuth,idea_analytics ideas projects,idea_analytics=RLS_ON_OWNER_SCOPED ideas=RLS_ON_OWNER_SCOPED projects=RLS_ON_OWNER_SCOPED,profiles,,,,yes,23,0,OK,
/ideas/new,throughput,authenticated,IdeaCapture,throughput/src/pages/IdeaCapture.tsx,useAuth,idea_analytics ideas projects,idea_analytics=RLS_ON_OWNER_SCOPED ideas=RLS_ON_OWNER_SCOPED projects=RLS_ON_OWNER_SCOPED,profiles,,,,yes,23,0,OK,
/launch,throughput,authenticated,LaunchPad,throughput/src/pages/LaunchPad.tsx,useAuth useDateFormatPreference,ideas launch_checklists launch_metrics user_preferences,ideas=RLS_ON_OWNER_SCOPED launch_checklists=RLS_ON_OWNER_SCOPED launch_metrics=RLS_ON_OWNER_SCOPED user_preferences=RLS_ON_OWNER_SCOPED,profiles,calculate_launch_readiness,,,n/a,21,0,OK,
/login,throughput,public,Login,throughput/src/pages/Login.tsx,,,,,,,,n/a,4,0,NO_DATA_PATH,"static route: no table, rpc or edge function reachable in 4 files"
/monitoring,throughput,authenticated,MonitoringPage,throughput/src/pages/Monitoring.tsx,,profiles,profiles=RLS_ON_OWNER_SCOPED,,,,,n/a,20,0,OK,
/notifications,throughput,authenticated,Notifications,throughput/src/pages/Notifications.tsx,useNotifications,,,,,,,n/a,12,0,NO_DATA_PATH,"static route: no table, rpc or edge function reachable in 12 files"
/pricing,throughput,public,Pricing,throughput/src/pages/Pricing.tsx,useAuth,,,profiles,,,,n/a,18,0,OK,
/profile,throughput,authenticated,Profile,throughput/src/pages/Profile.tsx,useAuth,profiles,profiles=RLS_ON_OWNER_SCOPED,,,,,n/a,18,0,OK,
/settings,throughput,authenticated,Settings,throughput/src/pages/Settings.tsx,useAuth,ideas profiles,ideas=RLS_ON_OWNER_SCOPED profiles=RLS_ON_OWNER_SCOPED,,,,,n/a,19,0,OK,
/teams,throughput,authenticated,Teams,throughput/src/pages/Teams.tsx,useNotifications useOnClickOutside,collaboration_sessions comments idea_versions team_members team_workspaces teams workspace_ideas workspace_invitations,collaboration_sessions=RLS_ON_PERMISSIVE comments=RLS_ON_OWNER_SCOPED idea_versions=RLS_ON_OWNER_SCOPED team_members=RLS_ON_OWNER_SCOPED team_workspaces=RLS_ON_PERMISSIVE teams=RLS_ON_OWNER_SCOPED workspace_ideas=RLS_ON_PERMISSIVE workspace_invitations=RLS_ON_PERMISSIVE,,,,,n/a,29,0,OK,
